id,iso,month,date,productCode,supplierId,brand,description,cluster,qty,unit,unitPriceEUR,valueEUR,currency,valueLocal,source,matched,route
TXN-000001,AT,2026-01,2026-01-26,WLF-1001,sup-aster,3M,Graduated mixing cup,lack,231,piece,20.75,4793.25,EUR,4793.25,synthetic-spend-AT.csv,True,indirect
TXN-000002,AT,2026-02,2026-02-01,WLF-1001,sup-aster,3M,Graduated mixing cup,lack,55,piece,20.75,1141.25,EUR,1141.25,synthetic-spend-AT.csv,True,indirect
TXN-000003,AT,2026-03,2026-03-10,WLF-1001,sup-aster,3M,Graduated mixing cup,lack,321,piece,20.75,6660.75,EUR,6660.75,synthetic-spend-AT.csv,True,indirect
TXN-000004,AT,2026-04,2026-04-28,WLF-1001,sup-aster,3M,Graduated mixing cup,lack,212,piece,20.75,4399.0,EUR,4399.0,synthetic-spend-AT.csv,True,indirect
TXN-000005,AT,2026-05,2026-05-03,WLF-1001,sup-aster,3M,Graduated mixing cup,lack,52,piece,20.75,1079.0,EUR,1079.0,synthetic-spend-AT.csv,True,indirect
TXN-000006,AT,2026-06,2026-06-25,WLF-1001,sup-aster,3M,Graduated mixing cup,lack,193,piece,20.75,4004.75,EUR,4004.75,synthetic-spend-AT.csv,True,indirect
TXN-000007,AT,2026-07,2026-07-21,WLF-1001,sup-aster,3M,Graduated mixing cup,lack,88,piece,20.75,1826.0,EUR,1826.0,synthetic-spend-AT.csv,True,indirect
TXN-000008,AT,2026-08,2026-08-01,WLF-1001,sup-aster,3M,Graduated mixing cup,lack,114,piece,20.75,2365.5,EUR,2365.5,synthetic-spend-AT.csv,True,indirect
TXN-000009,AT,2026-01,2026-01-15,WLF-1002,sup-velora,Glasurit (BASF),"Sanding discs 150 mm, coarse",schleif,229,piece,67.76,15517.04,EUR,15517.04,synthetic-spend-AT.csv,True,direct
TXN-000010,AT,2026-02,2026-02-18,WLF-1002,sup-velora,Glasurit (BASF),"Sanding discs 150 mm, coarse",schleif,212,piece,67.76,14365.12,EUR,14365.12,synthetic-spend-AT.csv,True,direct
TXN-000011,AT,2026-03,2026-03-12,WLF-1002,sup-velora,Glasurit (BASF),"Sanding discs 150 mm, coarse",schleif,75,piece,67.76,5082.0,EUR,5082.0,synthetic-spend-AT.csv,True,direct
TXN-000012,AT,2026-04,2026-04-24,WLF-1002,sup-velora,Glasurit (BASF),"Sanding discs 150 mm, coarse",schleif,205,piece,67.76,13890.8,EUR,13890.8,synthetic-spend-AT.csv,True,direct
TXN-000013,AT,2026-05,2026-05-05,WLF-1002,sup-velora,Glasurit (BASF),"Sanding discs 150 mm, coarse",schleif,188,piece,67.76,12738.88,EUR,12738.88,synthetic-spend-AT.csv,True,direct
TXN-000014,AT,2026-06,2026-06-19,WLF-1002,sup-velora,Glasurit (BASF),"Sanding discs 150 mm, coarse",schleif,283,piece,67.76,19176.08,EUR,19176.08,synthetic-spend-AT.csv,True,direct
TXN-000015,AT,2026-07,2026-07-20,WLF-1002,sup-velora,Glasurit (BASF),"Sanding discs 150 mm, coarse",schleif,318,piece,67.76,21547.68,EUR,21547.68,synthetic-spend-AT.csv,True,direct
TXN-000016,AT,2026-08,2026-08-11,WLF-1002,sup-velora,Glasurit (BASF),"Sanding discs 150 mm, coarse",schleif,303,piece,67.76,20531.28,EUR,20531.28,synthetic-spend-AT.csv,True,direct
TXN-000017,AT,2026-01,2026-01-02,WLF-1003,sup-lumen,Finixa,Standard masking tape,kleb,66,piece,29.47,1945.02,EUR,1945.02,synthetic-spend-AT.csv,True,direct
TXN-000018,AT,2026-02,2026-02-14,WLF-1003,sup-lumen,Finixa,Standard masking tape,kleb,33,piece,29.47,972.51,EUR,972.51,synthetic-spend-AT.csv,True,direct
TXN-000019,AT,2026-03,2026-03-13,WLF-1003,sup-lumen,Finixa,Standard masking tape,kleb,262,piece,29.47,7721.14,EUR,7721.14,synthetic-spend-AT.csv,True,direct
TXN-000020,AT,2026-04,2026-04-20,WLF-1003,sup-lumen,Finixa,Standard masking tape,kleb,165,piece,29.47,4862.55,EUR,4862.55,synthetic-spend-AT.csv,True,direct
TXN-000021,AT,2026-05,2026-05-16,WLF-1003,sup-lumen,Finixa,Standard masking tape,kleb,308,piece,29.47,9076.76,EUR,9076.76,synthetic-spend-AT.csv,True,direct
TXN-000022,AT,2026-06,2026-06-01,WLF-1003,sup-lumen,Finixa,Standard masking tape,kleb,308,piece,29.47,9076.76,EUR,9076.76,synthetic-spend-AT.csv,True,direct
TXN-000023,AT,2026-07,2026-07-16,WLF-1003,sup-lumen,Finixa,Standard masking tape,kleb,169,piece,29.47,4980.43,EUR,4980.43,synthetic-spend-AT.csv,True,direct
TXN-000024,AT,2026-08,2026-08-17,WLF-1003,sup-lumen,Finixa,Standard masking tape,kleb,32,piece,29.47,943.04,EUR,943.04,synthetic-spend-AT.csv,True,direct
TXN-000025,AT,2026-01,2026-01-28,WLF-1004,sup-novex,Mirka,Cutting compound (coarse/medium),polier,287,piece,43.07,12361.09,EUR,12361.09,synthetic-spend-AT.csv,True,indirect
TXN-000026,AT,2026-02,2026-02-14,WLF-1004,sup-novex,Mirka,Cutting compound (coarse/medium),polier,268,piece,43.07,11542.76,EUR,11542.76,synthetic-spend-AT.csv,True,indirect
TXN-000027,AT,2026-03,2026-03-27,WLF-1004,sup-novex,Mirka,Cutting compound (coarse/medium),polier,37,piece,43.07,1593.59,EUR,1593.59,synthetic-spend-AT.csv,True,indirect
TXN-000028,AT,2026-04,2026-04-05,WLF-1004,sup-novex,Mirka,Cutting compound (coarse/medium),polier,300,piece,43.07,12921.0,EUR,12921.0,synthetic-spend-AT.csv,True,indirect
TXN-000029,AT,2026-05,2026-05-24,WLF-1004,sup-novex,Mirka,Cutting compound (coarse/medium),polier,280,piece,43.07,12059.6,EUR,12059.6,synthetic-spend-AT.csv,True,indirect
TXN-000030,AT,2026-06,2026-06-15,WLF-1004,sup-novex,Mirka,Cutting compound (coarse/medium),polier,161,piece,43.07,6934.27,EUR,6934.27,synthetic-spend-AT.csv,True,indirect
TXN-000031,AT,2026-07,2026-07-21,WLF-1004,sup-novex,Mirka,Cutting compound (coarse/medium),polier,34,piece,43.07,1464.38,EUR,1464.38,synthetic-spend-AT.csv,True,indirect
TXN-000032,AT,2026-08,2026-08-10,WLF-1004,sup-novex,Mirka,Cutting compound (coarse/medium),polier,220,piece,43.07,9475.4,EUR,9475.4,synthetic-spend-AT.csv,True,indirect
TXN-000033,AT,2026-01,2026-01-28,WLF-1005,sup-arcus,SATA,Solvent-based silicone remover,kabine,180,piece,35.4,6372.0,EUR,6372.0,synthetic-spend-AT.csv,True,direct
TXN-000034,AT,2026-02,2026-02-07,WLF-1005,sup-arcus,SATA,Solvent-based silicone remover,kabine,277,piece,35.4,9805.8,EUR,9805.8,synthetic-spend-AT.csv,True,direct
TXN-000035,AT,2026-03,2026-03-08,WLF-1005,sup-arcus,SATA,Solvent-based silicone remover,kabine,106,piece,35.4,3752.4,EUR,3752.4,synthetic-spend-AT.csv,True,direct
TXN-000036,AT,2026-04,2026-04-21,WLF-1005,sup-arcus,SATA,Solvent-based silicone remover,kabine,223,piece,35.4,7894.2,EUR,7894.2,synthetic-spend-AT.csv,True,direct
TXN-000037,AT,2026-05,2026-05-28,WLF-1005,sup-arcus,SATA,Solvent-based silicone remover,kabine,198,piece,35.4,7009.2,EUR,7009.2,synthetic-spend-AT.csv,True,direct
TXN-000038,AT,2026-06,2026-06-15,WLF-1005,sup-arcus,SATA,Solvent-based silicone remover,kabine,167,piece,35.4,5911.8,EUR,5911.8,synthetic-spend-AT.csv,True,direct
TXN-000039,AT,2026-07,2026-07-19,WLF-1005,sup-arcus,SATA,Solvent-based silicone remover,kabine,73,piece,35.4,2584.2,EUR,2584.2,synthetic-spend-AT.csv,True,direct
TXN-000040,AT,2026-08,2026-08-21,WLF-1005,sup-arcus,SATA,Solvent-based silicone remover,kabine,305,piece,35.4,10797.0,EUR,10797.0,synthetic-spend-AT.csv,True,direct
TXN-000041,AT,2026-01,2026-01-05,WLF-1006,sup-cobalt,tesa,Half mask / spray-painting respirator,psa,114,piece,22.78,2596.92,EUR,2596.92,synthetic-spend-AT.csv,True,direct
TXN-000042,AT,2026-02,2026-02-09,WLF-1006,sup-cobalt,tesa,Half mask / spray-painting respirator,psa,113,piece,22.78,2574.14,EUR,2574.14,synthetic-spend-AT.csv,True,direct
TXN-000043,AT,2026-03,2026-03-13,WLF-1006,sup-cobalt,tesa,Half mask / spray-painting respirator,psa,228,piece,22.78,5193.84,EUR,5193.84,synthetic-spend-AT.csv,True,direct
TXN-000044,AT,2026-04,2026-04-12,WLF-1006,sup-cobalt,tesa,Half mask / spray-painting respirator,psa,153,piece,22.78,3485.34,EUR,3485.34,synthetic-spend-AT.csv,True,direct
TXN-000045,AT,2026-05,2026-05-26,WLF-1006,sup-cobalt,tesa,Half mask / spray-painting respirator,psa,172,piece,22.78,3918.16,EUR,3918.16,synthetic-spend-AT.csv,True,direct
TXN-000046,AT,2026-06,2026-06-17,WLF-1006,sup-cobalt,tesa,Half mask / spray-painting respirator,psa,174,piece,22.78,3963.72,EUR,3963.72,synthetic-spend-AT.csv,True,direct
TXN-000047,AT,2026-07,2026-07-23,WLF-1006,sup-cobalt,tesa,Half mask / spray-painting respirator,psa,124,piece,22.78,2824.72,EUR,2824.72,synthetic-spend-AT.csv,True,direct
TXN-000048,AT,2026-08,2026-08-14,WLF-1006,sup-cobalt,tesa,Half mask / spray-painting respirator,psa,58,piece,22.78,1321.24,EUR,1321.24,synthetic-spend-AT.csv,True,direct
TXN-000049,AT,2026-01,2026-01-12,WLF-1007,sup-solis,PPG / Nexa,"Random orbital sander 150 mm, 5 mm orbit",werkstatt,42,piece,39.59,1662.78,EUR,1662.78,synthetic-spend-AT.csv,True,indirect
TXN-000050,AT,2026-02,2026-02-28,WLF-1007,sup-solis,PPG / Nexa,"Random orbital sander 150 mm, 5 mm orbit",werkstatt,254,piece,39.59,10055.86,EUR,10055.86,synthetic-spend-AT.csv,True,indirect
TXN-000051,AT,2026-03,2026-03-01,WLF-1007,sup-solis,PPG / Nexa,"Random orbital sander 150 mm, 5 mm orbit",werkstatt,74,piece,39.59,2929.66,EUR,2929.66,synthetic-spend-AT.csv,True,indirect
TXN-000052,AT,2026-04,2026-04-25,WLF-1007,sup-solis,PPG / Nexa,"Random orbital sander 150 mm, 5 mm orbit",werkstatt,218,piece,39.59,8630.62,EUR,8630.62,synthetic-spend-AT.csv,True,indirect
TXN-000053,AT,2026-05,2026-05-06,WLF-1007,sup-solis,PPG / Nexa,"Random orbital sander 150 mm, 5 mm orbit",werkstatt,76,piece,39.59,3008.84,EUR,3008.84,synthetic-spend-AT.csv,True,indirect
TXN-000054,AT,2026-06,2026-06-21,WLF-1007,sup-solis,PPG / Nexa,"Random orbital sander 150 mm, 5 mm orbit",werkstatt,189,piece,39.59,7482.51,EUR,7482.51,synthetic-spend-AT.csv,True,indirect
TXN-000055,AT,2026-07,2026-07-26,WLF-1007,sup-solis,PPG / Nexa,"Random orbital sander 150 mm, 5 mm orbit",werkstatt,142,piece,39.59,5621.78,EUR,5621.78,synthetic-spend-AT.csv,True,indirect
TXN-000056,AT,2026-08,2026-08-04,WLF-1007,sup-solis,PPG / Nexa,"Random orbital sander 150 mm, 5 mm orbit",werkstatt,276,piece,39.59,10926.84,EUR,10926.84,synthetic-spend-AT.csv,True,indirect
TXN-000057,AT,2026-01,2026-01-07,WLF-1008,sup-orbit,Würth,Paint cup for compressed-air spray gun,lack,289,piece,100.16,28946.24,EUR,28946.24,synthetic-spend-AT.csv,True,direct
TXN-000058,AT,2026-02,2026-02-26,WLF-1008,sup-orbit,Würth,Paint cup for compressed-air spray gun,lack,34,piece,100.16,3405.44,EUR,3405.44,synthetic-spend-AT.csv,True,direct
TXN-000059,AT,2026-03,2026-03-09,WLF-1008,sup-orbit,Würth,Paint cup for compressed-air spray gun,lack,196,piece,100.16,19631.36,EUR,19631.36,synthetic-spend-AT.csv,True,direct
TXN-000060,AT,2026-04,2026-04-05,WLF-1008,sup-orbit,Würth,Paint cup for compressed-air spray gun,lack,279,piece,100.16,27944.64,EUR,27944.64,synthetic-spend-AT.csv,True,direct
TXN-000061,AT,2026-05,2026-05-09,WLF-1008,sup-orbit,Würth,Paint cup for compressed-air spray gun,lack,327,piece,100.16,32752.32,EUR,32752.32,synthetic-spend-AT.csv,True,direct
TXN-000062,AT,2026-06,2026-06-06,WLF-1008,sup-orbit,Würth,Paint cup for compressed-air spray gun,lack,319,piece,100.16,31951.04,EUR,31951.04,synthetic-spend-AT.csv,True,direct
TXN-000063,AT,2026-07,2026-07-11,WLF-1008,sup-orbit,Würth,Paint cup for compressed-air spray gun,lack,105,piece,100.16,10516.8,EUR,10516.8,synthetic-spend-AT.csv,True,direct
TXN-000064,AT,2026-08,2026-08-28,WLF-1008,sup-orbit,Würth,Paint cup for compressed-air spray gun,lack,225,piece,100.16,22536.0,EUR,22536.0,synthetic-spend-AT.csv,True,direct
TXN-000065,AT,2026-01,2026-01-22,WLF-1009,sup-helio,Kovax,"Sanding discs 150 mm, intermediate",schleif,152,piece,56.01,8513.52,EUR,8513.52,synthetic-spend-AT.csv,True,direct
TXN-000066,AT,2026-02,2026-02-19,WLF-1009,sup-helio,Kovax,"Sanding discs 150 mm, intermediate",schleif,28,piece,56.01,1568.28,EUR,1568.28,synthetic-spend-AT.csv,True,direct
TXN-000067,AT,2026-03,2026-03-22,WLF-1009,sup-helio,Kovax,"Sanding discs 150 mm, intermediate",schleif,124,piece,56.01,6945.24,EUR,6945.24,synthetic-spend-AT.csv,True,direct
TXN-000068,AT,2026-04,2026-04-01,WLF-1009,sup-helio,Kovax,"Sanding discs 150 mm, intermediate",schleif,171,piece,56.01,9577.71,EUR,9577.71,synthetic-spend-AT.csv,True,direct
TXN-000069,AT,2026-05,2026-05-24,WLF-1009,sup-helio,Kovax,"Sanding discs 150 mm, intermediate",schleif,133,piece,56.01,7449.33,EUR,7449.33,synthetic-spend-AT.csv,True,direct
TXN-000070,AT,2026-06,2026-06-10,WLF-1009,sup-helio,Kovax,"Sanding discs 150 mm, intermediate",schleif,106,piece,56.01,5937.06,EUR,5937.06,synthetic-spend-AT.csv,True,direct
TXN-000071,AT,2026-07,2026-07-10,WLF-1009,sup-helio,Kovax,"Sanding discs 150 mm, intermediate",schleif,255,piece,56.01,14282.55,EUR,14282.55,synthetic-spend-AT.csv,True,direct
TXN-000072,AT,2026-08,2026-08-06,WLF-1009,sup-helio,Kovax,"Sanding discs 150 mm, intermediate",schleif,127,piece,56.01,7113.27,EUR,7113.27,synthetic-spend-AT.csv,True,direct
TXN-000073,AT,2026-01,2026-01-06,WLF-1010,sup-vanta,Starcke,Fine-line tape,kleb,266,piece,17.67,4700.22,EUR,4700.22,synthetic-spend-AT.csv,True,indirect
TXN-000074,AT,2026-02,2026-02-08,WLF-1010,sup-vanta,Starcke,Fine-line tape,kleb,307,piece,17.67,5424.69,EUR,5424.69,synthetic-spend-AT.csv,True,indirect
TXN-000075,AT,2026-03,2026-03-11,WLF-1010,sup-vanta,Starcke,Fine-line tape,kleb,282,piece,17.67,4982.94,EUR,4982.94,synthetic-spend-AT.csv,True,indirect
TXN-000076,AT,2026-04,2026-04-03,WLF-1010,sup-vanta,Starcke,Fine-line tape,kleb,315,piece,17.67,5566.05,EUR,5566.05,synthetic-spend-AT.csv,True,indirect
TXN-000077,AT,2026-05,2026-05-03,WLF-1010,sup-vanta,Starcke,Fine-line tape,kleb,134,piece,17.67,2367.78,EUR,2367.78,synthetic-spend-AT.csv,True,indirect
TXN-000078,AT,2026-06,2026-06-16,WLF-1010,sup-vanta,Starcke,Fine-line tape,kleb,164,piece,17.67,2897.88,EUR,2897.88,synthetic-spend-AT.csv,True,indirect
TXN-000079,AT,2026-07,2026-07-22,WLF-1010,sup-vanta,Starcke,Fine-line tape,kleb,45,piece,17.67,795.15,EUR,795.15,synthetic-spend-AT.csv,True,indirect
TXN-000080,AT,2026-08,2026-08-24,WLF-1010,sup-vanta,Starcke,Fine-line tape,kleb,239,piece,17.67,4223.13,EUR,4223.13,synthetic-spend-AT.csv,True,indirect
TXN-000081,AT,2026-01,2026-01-11,WLF-1011,sup-aster,3M,Polish (fine / anti-hologram),polier,317,piece,12.95,4105.15,EUR,4105.15,synthetic-spend-AT.csv,True,direct
TXN-000082,AT,2026-02,2026-02-25,WLF-1011,sup-aster,3M,Polish (fine / anti-hologram),polier,151,piece,12.95,1955.45,EUR,1955.45,synthetic-spend-AT.csv,True,direct
TXN-000083,AT,2026-03,2026-03-24,WLF-1011,sup-aster,3M,Polish (fine / anti-hologram),polier,147,piece,12.95,1903.65,EUR,1903.65,synthetic-spend-AT.csv,True,direct
TXN-000084,AT,2026-04,2026-04-03,WLF-1011,sup-aster,3M,Polish (fine / anti-hologram),polier,44,piece,12.95,569.8,EUR,569.8,synthetic-spend-AT.csv,True,direct
TXN-000085,AT,2026-05,2026-05-04,WLF-1011,sup-aster,3M,Polish (fine / anti-hologram),polier,260,piece,12.95,3367.0,EUR,3367.0,synthetic-spend-AT.csv,True,direct
TXN-000086,AT,2026-06,2026-06-21,WLF-1011,sup-aster,3M,Polish (fine / anti-hologram),polier,307,piece,12.95,3975.65,EUR,3975.65,synthetic-spend-AT.csv,True,direct
TXN-000087,AT,2026-07,2026-07-01,WLF-1011,sup-aster,3M,Polish (fine / anti-hologram),polier,92,piece,12.95,1191.4,EUR,1191.4,synthetic-spend-AT.csv,True,direct
TXN-000088,AT,2026-08,2026-08-22,WLF-1011,sup-aster,3M,Polish (fine / anti-hologram),polier,257,piece,12.95,3328.15,EUR,3328.15,synthetic-spend-AT.csv,True,direct
TXN-000089,AT,2026-01,2026-01-14,WLF-1012,sup-velora,Glasurit (BASF),Water-based silicone remover,kabine,53,piece,47.34,2509.02,EUR,2509.02,synthetic-spend-AT.csv,True,direct
TXN-000090,AT,2026-02,2026-02-22,WLF-1012,sup-velora,Glasurit (BASF),Water-based silicone remover,kabine,216,piece,47.34,10225.44,EUR,10225.44,synthetic-spend-AT.csv,True,direct
TXN-000091,AT,2026-03,2026-03-16,WLF-1012,sup-velora,Glasurit (BASF),Water-based silicone remover,kabine,302,piece,47.34,14296.68,EUR,14296.68,synthetic-spend-AT.csv,True,direct
TXN-000092,AT,2026-04,2026-04-06,WLF-1012,sup-velora,Glasurit (BASF),Water-based silicone remover,kabine,215,piece,47.34,10178.1,EUR,10178.1,synthetic-spend-AT.csv,True,direct
TXN-000093,AT,2026-05,2026-05-13,WLF-1012,sup-velora,Glasurit (BASF),Water-based silicone remover,kabine,260,piece,47.34,12308.4,EUR,12308.4,synthetic-spend-AT.csv,True,direct
TXN-000094,AT,2026-06,2026-06-09,WLF-1012,sup-velora,Glasurit (BASF),Water-based silicone remover,kabine,189,piece,47.34,8947.26,EUR,8947.26,synthetic-spend-AT.csv,True,direct
TXN-000095,AT,2026-07,2026-07-01,WLF-1012,sup-velora,Glasurit (BASF),Water-based silicone remover,kabine,47,piece,47.34,2224.98,EUR,2224.98,synthetic-spend-AT.csv,True,direct
TXN-000096,AT,2026-08,2026-08-16,WLF-1012,sup-velora,Glasurit (BASF),Water-based silicone remover,kabine,271,piece,47.34,12829.14,EUR,12829.14,synthetic-spend-AT.csv,True,direct
TXN-000097,AT,2026-01,2026-01-22,WLF-1013,sup-lumen,Finixa,A2 filter cartridges,psa,227,piece,8.08,1834.16,EUR,1834.16,synthetic-spend-AT.csv,True,indirect
TXN-000098,AT,2026-02,2026-02-02,WLF-1013,sup-lumen,Finixa,A2 filter cartridges,psa,265,piece,8.08,2141.2,EUR,2141.2,synthetic-spend-AT.csv,True,indirect
TXN-000099,AT,2026-03,2026-03-21,WLF-1013,sup-lumen,Finixa,A2 filter cartridges,psa,178,piece,8.08,1438.24,EUR,1438.24,synthetic-spend-AT.csv,True,indirect
TXN-000100,AT,2026-04,2026-04-15,WLF-1013,sup-lumen,Finixa,A2 filter cartridges,psa,67,piece,8.08,541.36,EUR,541.36,synthetic-spend-AT.csv,True,indirect
TXN-000101,AT,2026-05,2026-05-28,WLF-1013,sup-lumen,Finixa,A2 filter cartridges,psa,315,piece,8.08,2545.2,EUR,2545.2,synthetic-spend-AT.csv,True,indirect
TXN-000102,AT,2026-06,2026-06-18,WLF-1013,sup-lumen,Finixa,A2 filter cartridges,psa,219,piece,8.08,1769.52,EUR,1769.52,synthetic-spend-AT.csv,True,indirect
TXN-000103,AT,2026-07,2026-07-02,WLF-1013,sup-lumen,Finixa,A2 filter cartridges,psa,264,piece,8.08,2133.12,EUR,2133.12,synthetic-spend-AT.csv,True,indirect
TXN-000104,AT,2026-08,2026-08-03,WLF-1013,sup-lumen,Finixa,A2 filter cartridges,psa,40,piece,8.08,323.2,EUR,323.2,synthetic-spend-AT.csv,True,indirect
TXN-000105,AT,2026-01,2026-01-23,WLF-1014,sup-novex,Mirka,Random orbital sander 77 mm,werkstatt,53,piece,41.69,2209.57,EUR,2209.57,synthetic-spend-AT.csv,True,direct
TXN-000106,AT,2026-02,2026-02-04,WLF-1014,sup-novex,Mirka,Random orbital sander 77 mm,werkstatt,285,piece,41.69,11881.65,EUR,11881.65,synthetic-spend-AT.csv,True,direct
TXN-000107,AT,2026-03,2026-03-21,WLF-1014,sup-novex,Mirka,Random orbital sander 77 mm,werkstatt,255,piece,41.69,10630.95,EUR,10630.95,synthetic-spend-AT.csv,True,direct
TXN-000108,AT,2026-04,2026-04-07,WLF-1014,sup-novex,Mirka,Random orbital sander 77 mm,werkstatt,198,piece,41.69,8254.62,EUR,8254.62,synthetic-spend-AT.csv,True,direct
TXN-000109,AT,2026-05,2026-05-12,WLF-1014,sup-novex,Mirka,Random orbital sander 77 mm,werkstatt,26,piece,41.69,1083.94,EUR,1083.94,synthetic-spend-AT.csv,True,direct
TXN-000110,AT,2026-06,2026-06-14,WLF-1014,sup-novex,Mirka,Random orbital sander 77 mm,werkstatt,42,piece,41.69,1750.98,EUR,1750.98,synthetic-spend-AT.csv,True,direct
TXN-000111,AT,2026-07,2026-07-01,WLF-1014,sup-novex,Mirka,Random orbital sander 77 mm,werkstatt,164,piece,41.69,6837.16,EUR,6837.16,synthetic-spend-AT.csv,True,direct
TXN-000112,AT,2026-08,2026-08-14,WLF-1014,sup-novex,Mirka,Random orbital sander 77 mm,werkstatt,104,piece,41.69,4335.76,EUR,4335.76,synthetic-spend-AT.csv,True,direct
TXN-000113,AT,2026-01,2026-01-25,WLF-1015,sup-arcus,SATA,Paint strainers 125 µ / 200 µ,lack,293,piece,66.92,19607.56,EUR,19607.56,synthetic-spend-AT.csv,True,direct
TXN-000114,AT,2026-02,2026-02-09,WLF-1015,sup-arcus,SATA,Paint strainers 125 µ / 200 µ,lack,142,piece,66.92,9502.64,EUR,9502.64,synthetic-spend-AT.csv,True,direct
TXN-000115,AT,2026-03,2026-03-18,WLF-1015,sup-arcus,SATA,Paint strainers 125 µ / 200 µ,lack,182,piece,66.92,12179.44,EUR,12179.44,synthetic-spend-AT.csv,True,direct
TXN-000116,AT,2026-04,2026-04-10,WLF-1015,sup-arcus,SATA,Paint strainers 125 µ / 200 µ,lack,35,piece,66.92,2342.2,EUR,2342.2,synthetic-spend-AT.csv,True,direct
TXN-000117,AT,2026-05,2026-05-08,WLF-1015,sup-arcus,SATA,Paint strainers 125 µ / 200 µ,lack,179,piece,66.92,11978.68,EUR,11978.68,synthetic-spend-AT.csv,True,direct
TXN-000118,AT,2026-06,2026-06-04,WLF-1015,sup-arcus,SATA,Paint strainers 125 µ / 200 µ,lack,218,piece,66.92,14588.56,EUR,14588.56,synthetic-spend-AT.csv,True,direct
TXN-000119,AT,2026-07,2026-07-25,WLF-1015,sup-arcus,SATA,Paint strainers 125 µ / 200 µ,lack,282,piece,66.92,18871.44,EUR,18871.44,synthetic-spend-AT.csv,True,direct
TXN-000120,AT,2026-08,2026-08-26,WLF-1015,sup-arcus,SATA,Paint strainers 125 µ / 200 µ,lack,259,piece,66.92,17332.28,EUR,17332.28,synthetic-spend-AT.csv,True,direct
TXN-000121,AT,2026-01,2026-01-13,WLF-1016,sup-cobalt,tesa,"Sanding discs 150 mm, fine",schleif,146,piece,77.04,11247.84,EUR,11247.84,synthetic-spend-AT.csv,True,indirect
TXN-000122,AT,2026-02,2026-02-18,WLF-1016,sup-cobalt,tesa,"Sanding discs 150 mm, fine",schleif,137,piece,77.04,10554.48,EUR,10554.48,synthetic-spend-AT.csv,True,indirect
TXN-000123,AT,2026-03,2026-03-23,WLF-1016,sup-cobalt,tesa,"Sanding discs 150 mm, fine",schleif,79,piece,77.04,6086.16,EUR,6086.16,synthetic-spend-AT.csv,True,indirect
TXN-000124,AT,2026-04,2026-04-05,WLF-1016,sup-cobalt,tesa,"Sanding discs 150 mm, fine",schleif,138,piece,77.04,10631.52,EUR,10631.52,synthetic-spend-AT.csv,True,indirect
TXN-000125,AT,2026-05,2026-05-17,WLF-1016,sup-cobalt,tesa,"Sanding discs 150 mm, fine",schleif,89,piece,77.04,6856.56,EUR,6856.56,synthetic-spend-AT.csv,True,indirect
TXN-000126,AT,2026-06,2026-06-21,WLF-1016,sup-cobalt,tesa,"Sanding discs 150 mm, fine",schleif,113,piece,77.04,8705.52,EUR,8705.52,synthetic-spend-AT.csv,True,indirect
TXN-000127,AT,2026-07,2026-07-26,WLF-1016,sup-cobalt,tesa,"Sanding discs 150 mm, fine",schleif,116,piece,77.04,8936.64,EUR,8936.64,synthetic-spend-AT.csv,True,indirect
TXN-000128,AT,2026-08,2026-08-28,WLF-1016,sup-cobalt,tesa,"Sanding discs 150 mm, fine",schleif,204,piece,77.04,15716.16,EUR,15716.16,synthetic-spend-AT.csv,True,indirect
TXN-000129,AT,2026-01,2026-01-16,WLF-1017,sup-solis,PPG / Nexa,Contour tape,kleb,106,piece,11.62,1231.72,EUR,1231.72,synthetic-spend-AT.csv,False,direct
TXN-000130,AT,2026-02,2026-02-24,WLF-1017,sup-solis,PPG / Nexa,Contour tape,kleb,122,piece,11.62,1417.64,EUR,1417.64,synthetic-spend-AT.csv,False,direct
TXN-000131,AT,2026-03,2026-03-03,WLF-1017,sup-solis,PPG / Nexa,Contour tape,kleb,145,piece,11.62,1684.9,EUR,1684.9,synthetic-spend-AT.csv,False,direct
TXN-000132,AT,2026-04,2026-04-24,WLF-1017,sup-solis,PPG / Nexa,Contour tape,kleb,231,piece,11.62,2684.22,EUR,2684.22,synthetic-spend-AT.csv,False,direct
TXN-000133,AT,2026-05,2026-05-24,WLF-1017,sup-solis,PPG / Nexa,Contour tape,kleb,75,piece,11.62,871.5,EUR,871.5,synthetic-spend-AT.csv,False,direct
TXN-000134,AT,2026-06,2026-06-28,WLF-1017,sup-solis,PPG / Nexa,Contour tape,kleb,162,piece,11.62,1882.44,EUR,1882.44,synthetic-spend-AT.csv,False,direct
TXN-000135,AT,2026-07,2026-07-05,WLF-1017,sup-solis,PPG / Nexa,Contour tape,kleb,108,piece,11.62,1254.96,EUR,1254.96,synthetic-spend-AT.csv,False,direct
TXN-000136,AT,2026-08,2026-08-17,WLF-1017,sup-solis,PPG / Nexa,Contour tape,kleb,295,piece,11.62,3427.9,EUR,3427.9,synthetic-spend-AT.csv,False,direct
TXN-000137,AT,2026-01,2026-01-01,WLF-1018,sup-orbit,Würth,One-step cutting and polishing compound,polier,290,piece,23.94,6942.6,EUR,6942.6,synthetic-spend-AT.csv,False,direct
TXN-000138,AT,2026-02,2026-02-22,WLF-1018,sup-orbit,Würth,One-step cutting and polishing compound,polier,219,piece,23.94,5242.86,EUR,5242.86,synthetic-spend-AT.csv,False,direct
TXN-000139,AT,2026-03,2026-03-18,WLF-1018,sup-orbit,Würth,One-step cutting and polishing compound,polier,186,piece,23.94,4452.84,EUR,4452.84,synthetic-spend-AT.csv,False,direct
TXN-000140,AT,2026-04,2026-04-02,WLF-1018,sup-orbit,Würth,One-step cutting and polishing compound,polier,328,piece,23.94,7852.32,EUR,7852.32,synthetic-spend-AT.csv,False,direct
TXN-000141,AT,2026-05,2026-05-04,WLF-1018,sup-orbit,Würth,One-step cutting and polishing compound,polier,53,piece,23.94,1268.82,EUR,1268.82,synthetic-spend-AT.csv,False,direct
TXN-000142,AT,2026-06,2026-06-08,WLF-1018,sup-orbit,Würth,One-step cutting and polishing compound,polier,46,piece,23.94,1101.24,EUR,1101.24,synthetic-spend-AT.csv,False,direct
TXN-000143,AT,2026-07,2026-07-02,WLF-1018,sup-orbit,Würth,One-step cutting and polishing compound,polier,130,piece,23.94,3112.2,EUR,3112.2,synthetic-spend-AT.csv,False,direct
TXN-000144,AT,2026-08,2026-08-18,WLF-1018,sup-orbit,Würth,One-step cutting and polishing compound,polier,202,piece,23.94,4835.88,EUR,4835.88,synthetic-spend-AT.csv,False,direct
TXN-000145,AT,2026-01,2026-01-05,WLF-1019,sup-helio,Kovax,Pre-saturated cleaning wipes,kabine,252,piece,104.74,26394.48,EUR,26394.48,synthetic-spend-AT.csv,False,indirect
TXN-000146,AT,2026-02,2026-02-17,WLF-1019,sup-helio,Kovax,Pre-saturated cleaning wipes,kabine,73,piece,104.74,7646.02,EUR,7646.02,synthetic-spend-AT.csv,False,indirect
TXN-000147,AT,2026-03,2026-03-17,WLF-1019,sup-helio,Kovax,Pre-saturated cleaning wipes,kabine,302,piece,104.74,31631.48,EUR,31631.48,synthetic-spend-AT.csv,False,indirect
TXN-000148,AT,2026-04,2026-04-05,WLF-1019,sup-helio,Kovax,Pre-saturated cleaning wipes,kabine,101,piece,104.74,10578.74,EUR,10578.74,synthetic-spend-AT.csv,False,indirect
TXN-000149,AT,2026-05,2026-05-18,WLF-1019,sup-helio,Kovax,Pre-saturated cleaning wipes,kabine,200,piece,104.74,20948.0,EUR,20948.0,synthetic-spend-AT.csv,False,indirect
TXN-000150,AT,2026-06,2026-06-27,WLF-1019,sup-helio,Kovax,Pre-saturated cleaning wipes,kabine,56,piece,104.74,5865.44,EUR,5865.44,synthetic-spend-AT.csv,False,indirect
TXN-000151,AT,2026-07,2026-07-08,WLF-1019,sup-helio,Kovax,Pre-saturated cleaning wipes,kabine,116,piece,104.74,12149.84,EUR,12149.84,synthetic-spend-AT.csv,False,indirect
TXN-000152,AT,2026-08,2026-08-19,WLF-1019,sup-helio,Kovax,Pre-saturated cleaning wipes,kabine,285,piece,104.74,29850.9,EUR,29850.9,synthetic-spend-AT.csv,False,indirect
TXN-000153,AT,2026-01,2026-01-06,WLF-1020,sup-vanta,Starcke,P3 particulate filters,psa,183,piece,26.06,4768.98,EUR,4768.98,synthetic-spend-AT.csv,False,direct
TXN-000154,AT,2026-02,2026-02-09,WLF-1020,sup-vanta,Starcke,P3 particulate filters,psa,52,piece,26.06,1355.12,EUR,1355.12,synthetic-spend-AT.csv,False,direct
TXN-000155,AT,2026-03,2026-03-03,WLF-1020,sup-vanta,Starcke,P3 particulate filters,psa,321,piece,26.06,8365.26,EUR,8365.26,synthetic-spend-AT.csv,False,direct
TXN-000156,AT,2026-04,2026-04-05,WLF-1020,sup-vanta,Starcke,P3 particulate filters,psa,256,piece,26.06,6671.36,EUR,6671.36,synthetic-spend-AT.csv,False,direct
TXN-000157,AT,2026-05,2026-05-15,WLF-1020,sup-vanta,Starcke,P3 particulate filters,psa,103,piece,26.06,2684.18,EUR,2684.18,synthetic-spend-AT.csv,False,direct
TXN-000158,AT,2026-06,2026-06-18,WLF-1020,sup-vanta,Starcke,P3 particulate filters,psa,171,piece,26.06,4456.26,EUR,4456.26,synthetic-spend-AT.csv,False,direct
TXN-000159,AT,2026-07,2026-07-16,WLF-1020,sup-vanta,Starcke,P3 particulate filters,psa,123,piece,26.06,3205.38,EUR,3205.38,synthetic-spend-AT.csv,False,direct
TXN-000160,AT,2026-08,2026-08-09,WLF-1020,sup-vanta,Starcke,P3 particulate filters,psa,276,piece,26.06,7192.56,EUR,7192.56,synthetic-spend-AT.csv,False,direct
TXN-000161,AT,2026-01,2026-01-14,WLF-1021,sup-aster,3M,Electric random orbital sander 150 mm,werkstatt,291,piece,14.81,4309.71,EUR,4309.71,synthetic-spend-AT.csv,False,direct
TXN-000162,AT,2026-02,2026-02-11,WLF-1021,sup-aster,3M,Electric random orbital sander 150 mm,werkstatt,90,piece,14.81,1332.9,EUR,1332.9,synthetic-spend-AT.csv,False,direct
TXN-000163,AT,2026-03,2026-03-06,WLF-1021,sup-aster,3M,Electric random orbital sander 150 mm,werkstatt,191,piece,14.81,2828.71,EUR,2828.71,synthetic-spend-AT.csv,False,direct
TXN-000164,AT,2026-04,2026-04-26,WLF-1021,sup-aster,3M,Electric random orbital sander 150 mm,werkstatt,270,piece,14.81,3998.7,EUR,3998.7,synthetic-spend-AT.csv,False,direct
TXN-000165,AT,2026-05,2026-05-22,WLF-1021,sup-aster,3M,Electric random orbital sander 150 mm,werkstatt,299,piece,14.81,4428.19,EUR,4428.19,synthetic-spend-AT.csv,False,direct
TXN-000166,AT,2026-06,2026-06-28,WLF-1021,sup-aster,3M,Electric random orbital sander 150 mm,werkstatt,248,piece,14.81,3672.88,EUR,3672.88,synthetic-spend-AT.csv,False,direct
TXN-000167,AT,2026-07,2026-07-17,WLF-1021,sup-aster,3M,Electric random orbital sander 150 mm,werkstatt,278,piece,14.81,4117.18,EUR,4117.18,synthetic-spend-AT.csv,False,direct
TXN-000168,AT,2026-08,2026-08-28,WLF-1021,sup-aster,3M,Electric random orbital sander 150 mm,werkstatt,287,piece,14.81,4250.47,EUR,4250.47,synthetic-spend-AT.csv,False,direct
TXN-000169,DE,2026-01,2026-01-20,WLF-1001,sup-velora,Glasurit (BASF),Graduated mixing cup,lack,53,piece,21.63,1146.39,EUR,1146.39,synthetic-spend-DE.csv,True,direct
TXN-000170,DE,2026-02,2026-02-27,WLF-1001,sup-velora,Glasurit (BASF),Graduated mixing cup,lack,189,piece,21.63,4088.07,EUR,4088.07,synthetic-spend-DE.csv,True,direct
TXN-000171,DE,2026-03,2026-03-12,WLF-1001,sup-velora,Glasurit (BASF),Graduated mixing cup,lack,225,piece,21.63,4866.75,EUR,4866.75,synthetic-spend-DE.csv,True,direct
TXN-000172,DE,2026-04,2026-04-10,WLF-1001,sup-velora,Glasurit (BASF),Graduated mixing cup,lack,222,piece,21.63,4801.86,EUR,4801.86,synthetic-spend-DE.csv,True,direct
TXN-000173,DE,2026-05,2026-05-07,WLF-1001,sup-velora,Glasurit (BASF),Graduated mixing cup,lack,99,piece,21.63,2141.37,EUR,2141.37,synthetic-spend-DE.csv,True,direct
TXN-000174,DE,2026-06,2026-06-26,WLF-1001,sup-velora,Glasurit (BASF),Graduated mixing cup,lack,323,piece,21.63,6986.49,EUR,6986.49,synthetic-spend-DE.csv,True,direct
TXN-000175,DE,2026-07,2026-07-03,WLF-1001,sup-velora,Glasurit (BASF),Graduated mixing cup,lack,315,piece,21.63,6813.45,EUR,6813.45,synthetic-spend-DE.csv,True,direct
TXN-000176,DE,2026-08,2026-08-21,WLF-1001,sup-velora,Glasurit (BASF),Graduated mixing cup,lack,75,piece,21.63,1622.25,EUR,1622.25,synthetic-spend-DE.csv,True,direct
TXN-000177,DE,2026-01,2026-01-01,WLF-1002,sup-lumen,Finixa,"Sanding discs 150 mm, coarse",schleif,39,piece,86.68,3380.52,EUR,3380.52,synthetic-spend-DE.csv,True,direct
TXN-000178,DE,2026-02,2026-02-01,WLF-1002,sup-lumen,Finixa,"Sanding discs 150 mm, coarse",schleif,69,piece,86.68,5980.92,EUR,5980.92,synthetic-spend-DE.csv,True,direct
TXN-000179,DE,2026-03,2026-03-15,WLF-1002,sup-lumen,Finixa,"Sanding discs 150 mm, coarse",schleif,58,piece,86.68,5027.44,EUR,5027.44,synthetic-spend-DE.csv,True,direct
TXN-000180,DE,2026-04,2026-04-09,WLF-1002,sup-lumen,Finixa,"Sanding discs 150 mm, coarse",schleif,215,piece,86.68,18636.2,EUR,18636.2,synthetic-spend-DE.csv,True,direct
TXN-000181,DE,2026-05,2026-05-22,WLF-1002,sup-lumen,Finixa,"Sanding discs 150 mm, coarse",schleif,132,piece,86.68,11441.76,EUR,11441.76,synthetic-spend-DE.csv,True,direct
TXN-000182,DE,2026-06,2026-06-15,WLF-1002,sup-lumen,Finixa,"Sanding discs 150 mm, coarse",schleif,183,piece,86.68,15862.44,EUR,15862.44,synthetic-spend-DE.csv,True,direct
TXN-000183,DE,2026-07,2026-07-01,WLF-1002,sup-lumen,Finixa,"Sanding discs 150 mm, coarse",schleif,150,piece,86.68,13002.0,EUR,13002.0,synthetic-spend-DE.csv,True,direct
TXN-000184,DE,2026-08,2026-08-28,WLF-1002,sup-lumen,Finixa,"Sanding discs 150 mm, coarse",schleif,272,piece,86.68,23576.96,EUR,23576.96,synthetic-spend-DE.csv,True,direct
TXN-000185,DE,2026-01,2026-01-25,WLF-1003,sup-novex,Mirka,Standard masking tape,kleb,212,piece,16.22,3438.64,EUR,3438.64,synthetic-spend-DE.csv,True,indirect
TXN-000186,DE,2026-02,2026-02-01,WLF-1003,sup-novex,Mirka,Standard masking tape,kleb,189,piece,16.22,3065.58,EUR,3065.58,synthetic-spend-DE.csv,True,indirect
TXN-000187,DE,2026-03,2026-03-17,WLF-1003,sup-novex,Mirka,Standard masking tape,kleb,274,piece,16.22,4444.28,EUR,4444.28,synthetic-spend-DE.csv,True,indirect
TXN-000188,DE,2026-04,2026-04-20,WLF-1003,sup-novex,Mirka,Standard masking tape,kleb,67,piece,16.22,1086.74,EUR,1086.74,synthetic-spend-DE.csv,True,indirect
TXN-000189,DE,2026-05,2026-05-19,WLF-1003,sup-novex,Mirka,Standard masking tape,kleb,185,piece,16.22,3000.7,EUR,3000.7,synthetic-spend-DE.csv,True,indirect
TXN-000190,DE,2026-06,2026-06-04,WLF-1003,sup-novex,Mirka,Standard masking tape,kleb,78,piece,16.22,1265.16,EUR,1265.16,synthetic-spend-DE.csv,True,indirect
TXN-000191,DE,2026-07,2026-07-16,WLF-1003,sup-novex,Mirka,Standard masking tape,kleb,241,piece,16.22,3909.02,EUR,3909.02,synthetic-spend-DE.csv,True,indirect
TXN-000192,DE,2026-08,2026-08-24,WLF-1003,sup-novex,Mirka,Standard masking tape,kleb,71,piece,16.22,1151.62,EUR,1151.62,synthetic-spend-DE.csv,True,indirect
TXN-000193,DE,2026-01,2026-01-04,WLF-1004,sup-arcus,SATA,Cutting compound (coarse/medium),polier,263,piece,41.49,10911.87,EUR,10911.87,synthetic-spend-DE.csv,True,direct
TXN-000194,DE,2026-02,2026-02-19,WLF-1004,sup-arcus,SATA,Cutting compound (coarse/medium),polier,218,piece,41.49,9044.82,EUR,9044.82,synthetic-spend-DE.csv,True,direct
TXN-000195,DE,2026-03,2026-03-04,WLF-1004,sup-arcus,SATA,Cutting compound (coarse/medium),polier,78,piece,41.49,3236.22,EUR,3236.22,synthetic-spend-DE.csv,True,direct
TXN-000196,DE,2026-04,2026-04-19,WLF-1004,sup-arcus,SATA,Cutting compound (coarse/medium),polier,103,piece,41.49,4273.47,EUR,4273.47,synthetic-spend-DE.csv,True,direct
TXN-000197,DE,2026-05,2026-05-15,WLF-1004,sup-arcus,SATA,Cutting compound (coarse/medium),polier,272,piece,41.49,11285.28,EUR,11285.28,synthetic-spend-DE.csv,True,direct
TXN-000198,DE,2026-06,2026-06-23,WLF-1004,sup-arcus,SATA,Cutting compound (coarse/medium),polier,192,piece,41.49,7966.08,EUR,7966.08,synthetic-spend-DE.csv,True,direct
TXN-000199,DE,2026-07,2026-07-17,WLF-1004,sup-arcus,SATA,Cutting compound (coarse/medium),polier,327,piece,41.49,13567.23,EUR,13567.23,synthetic-spend-DE.csv,True,direct
TXN-000200,DE,2026-08,2026-08-18,WLF-1004,sup-arcus,SATA,Cutting compound (coarse/medium),polier,201,piece,41.49,8339.49,EUR,8339.49,synthetic-spend-DE.csv,True,direct
TXN-000201,DE,2026-01,2026-01-15,WLF-1005,sup-cobalt,tesa,Solvent-based silicone remover,kabine,276,piece,61.85,17070.6,EUR,17070.6,synthetic-spend-DE.csv,True,direct
TXN-000202,DE,2026-02,2026-02-25,WLF-1005,sup-cobalt,tesa,Solvent-based silicone remover,kabine,35,piece,61.85,2164.75,EUR,2164.75,synthetic-spend-DE.csv,True,direct
TXN-000203,DE,2026-03,2026-03-15,WLF-1005,sup-cobalt,tesa,Solvent-based silicone remover,kabine,71,piece,61.85,4391.35,EUR,4391.35,synthetic-spend-DE.csv,True,direct
TXN-000204,DE,2026-04,2026-04-02,WLF-1005,sup-cobalt,tesa,Solvent-based silicone remover,kabine,164,piece,61.85,10143.4,EUR,10143.4,synthetic-spend-DE.csv,True,direct
TXN-000205,DE,2026-05,2026-05-11,WLF-1005,sup-cobalt,tesa,Solvent-based silicone remover,kabine,240,piece,61.85,14844.0,EUR,14844.0,synthetic-spend-DE.csv,True,direct
TXN-000206,DE,2026-06,2026-06-27,WLF-1005,sup-cobalt,tesa,Solvent-based silicone remover,kabine,135,piece,61.85,8349.75,EUR,8349.75,synthetic-spend-DE.csv,True,direct
TXN-000207,DE,2026-07,2026-07-22,WLF-1005,sup-cobalt,tesa,Solvent-based silicone remover,kabine,144,piece,61.85,8906.4,EUR,8906.4,synthetic-spend-DE.csv,True,direct
TXN-000208,DE,2026-08,2026-08-22,WLF-1005,sup-cobalt,tesa,Solvent-based silicone remover,kabine,264,piece,61.85,16328.4,EUR,16328.4,synthetic-spend-DE.csv,True,direct
TXN-000209,DE,2026-01,2026-01-20,WLF-1006,sup-solis,PPG / Nexa,Half mask / spray-painting respirator,psa,74,piece,28.08,2077.92,EUR,2077.92,synthetic-spend-DE.csv,True,indirect
TXN-000210,DE,2026-02,2026-02-01,WLF-1006,sup-solis,PPG / Nexa,Half mask / spray-painting respirator,psa,83,piece,28.08,2330.64,EUR,2330.64,synthetic-spend-DE.csv,True,indirect
TXN-000211,DE,2026-03,2026-03-08,WLF-1006,sup-solis,PPG / Nexa,Half mask / spray-painting respirator,psa,175,piece,28.08,4914.0,EUR,4914.0,synthetic-spend-DE.csv,True,indirect
TXN-000212,DE,2026-04,2026-04-01,WLF-1006,sup-solis,PPG / Nexa,Half mask / spray-painting respirator,psa,132,piece,28.08,3706.56,EUR,3706.56,synthetic-spend-DE.csv,True,indirect
TXN-000213,DE,2026-05,2026-05-27,WLF-1006,sup-solis,PPG / Nexa,Half mask / spray-painting respirator,psa,329,piece,28.08,9238.32,EUR,9238.32,synthetic-spend-DE.csv,True,indirect
TXN-000214,DE,2026-06,2026-06-19,WLF-1006,sup-solis,PPG / Nexa,Half mask / spray-painting respirator,psa,159,piece,28.08,4464.72,EUR,4464.72,synthetic-spend-DE.csv,True,indirect
TXN-000215,DE,2026-07,2026-07-02,WLF-1006,sup-solis,PPG / Nexa,Half mask / spray-painting respirator,psa,29,piece,28.08,814.32,EUR,814.32,synthetic-spend-DE.csv,True,indirect
TXN-000216,DE,2026-08,2026-08-23,WLF-1006,sup-solis,PPG / Nexa,Half mask / spray-painting respirator,psa,141,piece,28.08,3959.28,EUR,3959.28,synthetic-spend-DE.csv,True,indirect
TXN-000217,DE,2026-01,2026-01-12,WLF-1007,sup-orbit,Würth,"Random orbital sander 150 mm, 5 mm orbit",werkstatt,306,piece,50.47,15443.82,EUR,15443.82,synthetic-spend-DE.csv,True,direct
TXN-000218,DE,2026-02,2026-02-22,WLF-1007,sup-orbit,Würth,"Random orbital sander 150 mm, 5 mm orbit",werkstatt,146,piece,50.47,7368.62,EUR,7368.62,synthetic-spend-DE.csv,True,direct
TXN-000219,DE,2026-03,2026-03-03,WLF-1007,sup-orbit,Würth,"Random orbital sander 150 mm, 5 mm orbit",werkstatt,225,piece,50.47,11355.75,EUR,11355.75,synthetic-spend-DE.csv,True,direct
TXN-000220,DE,2026-04,2026-04-04,WLF-1007,sup-orbit,Würth,"Random orbital sander 150 mm, 5 mm orbit",werkstatt,317,piece,50.47,15998.99,EUR,15998.99,synthetic-spend-DE.csv,True,direct
TXN-000221,DE,2026-05,2026-05-18,WLF-1007,sup-orbit,Würth,"Random orbital sander 150 mm, 5 mm orbit",werkstatt,213,piece,50.47,10750.11,EUR,10750.11,synthetic-spend-DE.csv,True,direct
TXN-000222,DE,2026-06,2026-06-16,WLF-1007,sup-orbit,Würth,"Random orbital sander 150 mm, 5 mm orbit",werkstatt,60,piece,50.47,3028.2,EUR,3028.2,synthetic-spend-DE.csv,True,direct
TXN-000223,DE,2026-07,2026-07-04,WLF-1007,sup-orbit,Würth,"Random orbital sander 150 mm, 5 mm orbit",werkstatt,317,piece,50.47,15998.99,EUR,15998.99,synthetic-spend-DE.csv,True,direct
TXN-000224,DE,2026-08,2026-08-23,WLF-1007,sup-orbit,Würth,"Random orbital sander 150 mm, 5 mm orbit",werkstatt,103,piece,50.47,5198.41,EUR,5198.41,synthetic-spend-DE.csv,True,direct
TXN-000225,DE,2026-01,2026-01-10,WLF-1008,sup-helio,Kovax,Paint cup for compressed-air spray gun,lack,274,piece,48.89,13395.86,EUR,13395.86,synthetic-spend-DE.csv,True,direct
TXN-000226,DE,2026-02,2026-02-25,WLF-1008,sup-helio,Kovax,Paint cup for compressed-air spray gun,lack,54,piece,48.89,2640.06,EUR,2640.06,synthetic-spend-DE.csv,True,direct
TXN-000227,DE,2026-03,2026-03-13,WLF-1008,sup-helio,Kovax,Paint cup for compressed-air spray gun,lack,138,piece,48.89,6746.82,EUR,6746.82,synthetic-spend-DE.csv,True,direct
TXN-000228,DE,2026-04,2026-04-14,WLF-1008,sup-helio,Kovax,Paint cup for compressed-air spray gun,lack,86,piece,48.89,4204.54,EUR,4204.54,synthetic-spend-DE.csv,True,direct
TXN-000229,DE,2026-05,2026-05-07,WLF-1008,sup-helio,Kovax,Paint cup for compressed-air spray gun,lack,144,piece,48.89,7040.16,EUR,7040.16,synthetic-spend-DE.csv,True,direct
TXN-000230,DE,2026-06,2026-06-27,WLF-1008,sup-helio,Kovax,Paint cup for compressed-air spray gun,lack,151,piece,48.89,7382.39,EUR,7382.39,synthetic-spend-DE.csv,True,direct
TXN-000231,DE,2026-07,2026-07-13,WLF-1008,sup-helio,Kovax,Paint cup for compressed-air spray gun,lack,303,piece,48.89,14813.67,EUR,14813.67,synthetic-spend-DE.csv,True,direct
TXN-000232,DE,2026-08,2026-08-08,WLF-1008,sup-helio,Kovax,Paint cup for compressed-air spray gun,lack,128,piece,48.89,6257.92,EUR,6257.92,synthetic-spend-DE.csv,True,direct
TXN-000233,DE,2026-01,2026-01-02,WLF-1009,sup-vanta,Starcke,"Sanding discs 150 mm, intermediate",schleif,228,piece,70.49,16071.72,EUR,16071.72,synthetic-spend-DE.csv,True,indirect
TXN-000234,DE,2026-02,2026-02-11,WLF-1009,sup-vanta,Starcke,"Sanding discs 150 mm, intermediate",schleif,162,piece,70.49,11419.38,EUR,11419.38,synthetic-spend-DE.csv,True,indirect
TXN-000235,DE,2026-03,2026-03-16,WLF-1009,sup-vanta,Starcke,"Sanding discs 150 mm, intermediate",schleif,171,piece,70.49,12053.79,EUR,12053.79,synthetic-spend-DE.csv,True,indirect
TXN-000236,DE,2026-04,2026-04-02,WLF-1009,sup-vanta,Starcke,"Sanding discs 150 mm, intermediate",schleif,194,piece,70.49,13675.06,EUR,13675.06,synthetic-spend-DE.csv,True,indirect
TXN-000237,DE,2026-05,2026-05-01,WLF-1009,sup-vanta,Starcke,"Sanding discs 150 mm, intermediate",schleif,104,piece,70.49,7330.96,EUR,7330.96,synthetic-spend-DE.csv,True,indirect
TXN-000238,DE,2026-06,2026-06-10,WLF-1009,sup-vanta,Starcke,"Sanding discs 150 mm, intermediate",schleif,87,piece,70.49,6132.63,EUR,6132.63,synthetic-spend-DE.csv,True,indirect
TXN-000239,DE,2026-07,2026-07-19,WLF-1009,sup-vanta,Starcke,"Sanding discs 150 mm, intermediate",schleif,198,piece,70.49,13957.02,EUR,13957.02,synthetic-spend-DE.csv,True,indirect
TXN-000240,DE,2026-08,2026-08-11,WLF-1009,sup-vanta,Starcke,"Sanding discs 150 mm, intermediate",schleif,58,piece,70.49,4088.42,EUR,4088.42,synthetic-spend-DE.csv,True,indirect
TXN-000241,DE,2026-01,2026-01-27,WLF-1010,sup-aster,3M,Fine-line tape,kleb,147,piece,19.26,2831.22,EUR,2831.22,synthetic-spend-DE.csv,True,direct
TXN-000242,DE,2026-02,2026-02-22,WLF-1010,sup-aster,3M,Fine-line tape,kleb,38,piece,19.26,731.88,EUR,731.88,synthetic-spend-DE.csv,True,direct
TXN-000243,DE,2026-03,2026-03-12,WLF-1010,sup-aster,3M,Fine-line tape,kleb,159,piece,19.26,3062.34,EUR,3062.34,synthetic-spend-DE.csv,True,direct
TXN-000244,DE,2026-04,2026-04-25,WLF-1010,sup-aster,3M,Fine-line tape,kleb,309,piece,19.26,5951.34,EUR,5951.34,synthetic-spend-DE.csv,True,direct
TXN-000245,DE,2026-05,2026-05-13,WLF-1010,sup-aster,3M,Fine-line tape,kleb,211,piece,19.26,4063.86,EUR,4063.86,synthetic-spend-DE.csv,True,direct
TXN-000246,DE,2026-06,2026-06-26,WLF-1010,sup-aster,3M,Fine-line tape,kleb,63,piece,19.26,1213.38,EUR,1213.38,synthetic-spend-DE.csv,True,direct
TXN-000247,DE,2026-07,2026-07-26,WLF-1010,sup-aster,3M,Fine-line tape,kleb,102,piece,19.26,1964.52,EUR,1964.52,synthetic-spend-DE.csv,True,direct
TXN-000248,DE,2026-08,2026-08-21,WLF-1010,sup-aster,3M,Fine-line tape,kleb,263,piece,19.26,5065.38,EUR,5065.38,synthetic-spend-DE.csv,True,direct
TXN-000249,DE,2026-01,2026-01-05,WLF-1011,sup-velora,Glasurit (BASF),Polish (fine / anti-hologram),polier,243,piece,14.52,3528.36,EUR,3528.36,synthetic-spend-DE.csv,True,direct
TXN-000250,DE,2026-02,2026-02-22,WLF-1011,sup-velora,Glasurit (BASF),Polish (fine / anti-hologram),polier,244,piece,14.52,3542.88,EUR,3542.88,synthetic-spend-DE.csv,True,direct
TXN-000251,DE,2026-03,2026-03-22,WLF-1011,sup-velora,Glasurit (BASF),Polish (fine / anti-hologram),polier,84,piece,14.52,1219.68,EUR,1219.68,synthetic-spend-DE.csv,True,direct
TXN-000252,DE,2026-04,2026-04-16,WLF-1011,sup-velora,Glasurit (BASF),Polish (fine / anti-hologram),polier,193,piece,14.52,2802.36,EUR,2802.36,synthetic-spend-DE.csv,True,direct
TXN-000253,DE,2026-05,2026-05-16,WLF-1011,sup-velora,Glasurit (BASF),Polish (fine / anti-hologram),polier,216,piece,14.52,3136.32,EUR,3136.32,synthetic-spend-DE.csv,True,direct
TXN-000254,DE,2026-06,2026-06-13,WLF-1011,sup-velora,Glasurit (BASF),Polish (fine / anti-hologram),polier,244,piece,14.52,3542.88,EUR,3542.88,synthetic-spend-DE.csv,True,direct
TXN-000255,DE,2026-07,2026-07-05,WLF-1011,sup-velora,Glasurit (BASF),Polish (fine / anti-hologram),polier,308,piece,14.52,4472.16,EUR,4472.16,synthetic-spend-DE.csv,True,direct
TXN-000256,DE,2026-08,2026-08-19,WLF-1011,sup-velora,Glasurit (BASF),Polish (fine / anti-hologram),polier,298,piece,14.52,4326.96,EUR,4326.96,synthetic-spend-DE.csv,True,direct
TXN-000257,DE,2026-01,2026-01-28,WLF-1012,sup-lumen,Finixa,Water-based silicone remover,kabine,249,piece,47.38,11797.62,EUR,11797.62,synthetic-spend-DE.csv,True,indirect
TXN-000258,DE,2026-02,2026-02-23,WLF-1012,sup-lumen,Finixa,Water-based silicone remover,kabine,248,piece,47.38,11750.24,EUR,11750.24,synthetic-spend-DE.csv,True,indirect
TXN-000259,DE,2026-03,2026-03-13,WLF-1012,sup-lumen,Finixa,Water-based silicone remover,kabine,255,piece,47.38,12081.9,EUR,12081.9,synthetic-spend-DE.csv,True,indirect
TXN-000260,DE,2026-04,2026-04-18,WLF-1012,sup-lumen,Finixa,Water-based silicone remover,kabine,79,piece,47.38,3743.02,EUR,3743.02,synthetic-spend-DE.csv,True,indirect
TXN-000261,DE,2026-05,2026-05-22,WLF-1012,sup-lumen,Finixa,Water-based silicone remover,kabine,315,piece,47.38,14924.7,EUR,14924.7,synthetic-spend-DE.csv,True,indirect
TXN-000262,DE,2026-06,2026-06-26,WLF-1012,sup-lumen,Finixa,Water-based silicone remover,kabine,117,piece,47.38,5543.46,EUR,5543.46,synthetic-spend-DE.csv,True,indirect
TXN-000263,DE,2026-07,2026-07-21,WLF-1012,sup-lumen,Finixa,Water-based silicone remover,kabine,130,piece,47.38,6159.4,EUR,6159.4,synthetic-spend-DE.csv,True,indirect
TXN-000264,DE,2026-08,2026-08-03,WLF-1012,sup-lumen,Finixa,Water-based silicone remover,kabine,28,piece,47.38,1326.64,EUR,1326.64,synthetic-spend-DE.csv,True,indirect
TXN-000265,DE,2026-01,2026-01-19,WLF-1013,sup-novex,Mirka,A2 filter cartridges,psa,187,piece,6.15,1150.05,EUR,1150.05,synthetic-spend-DE.csv,True,direct
TXN-000266,DE,2026-02,2026-02-08,WLF-1013,sup-novex,Mirka,A2 filter cartridges,psa,65,piece,6.15,399.75,EUR,399.75,synthetic-spend-DE.csv,True,direct
TXN-000267,DE,2026-03,2026-03-06,WLF-1013,sup-novex,Mirka,A2 filter cartridges,psa,239,piece,6.15,1469.85,EUR,1469.85,synthetic-spend-DE.csv,True,direct
TXN-000268,DE,2026-04,2026-04-10,WLF-1013,sup-novex,Mirka,A2 filter cartridges,psa,195,piece,6.15,1199.25,EUR,1199.25,synthetic-spend-DE.csv,True,direct
TXN-000269,DE,2026-05,2026-05-11,WLF-1013,sup-novex,Mirka,A2 filter cartridges,psa,271,piece,6.15,1666.65,EUR,1666.65,synthetic-spend-DE.csv,True,direct
TXN-000270,DE,2026-06,2026-06-19,WLF-1013,sup-novex,Mirka,A2 filter cartridges,psa,59,piece,6.15,362.85,EUR,362.85,synthetic-spend-DE.csv,True,direct
TXN-000271,DE,2026-07,2026-07-04,WLF-1013,sup-novex,Mirka,A2 filter cartridges,psa,127,piece,6.15,781.05,EUR,781.05,synthetic-spend-DE.csv,True,direct
TXN-000272,DE,2026-08,2026-08-21,WLF-1013,sup-novex,Mirka,A2 filter cartridges,psa,183,piece,6.15,1125.45,EUR,1125.45,synthetic-spend-DE.csv,True,direct
TXN-000273,DE,2026-01,2026-01-22,WLF-1014,sup-arcus,SATA,Random orbital sander 77 mm,werkstatt,85,piece,23.79,2022.15,EUR,2022.15,synthetic-spend-DE.csv,True,direct
TXN-000274,DE,2026-02,2026-02-09,WLF-1014,sup-arcus,SATA,Random orbital sander 77 mm,werkstatt,253,piece,23.79,6018.87,EUR,6018.87,synthetic-spend-DE.csv,True,direct
TXN-000275,DE,2026-03,2026-03-19,WLF-1014,sup-arcus,SATA,Random orbital sander 77 mm,werkstatt,46,piece,23.79,1094.34,EUR,1094.34,synthetic-spend-DE.csv,True,direct
TXN-000276,DE,2026-04,2026-04-01,WLF-1014,sup-arcus,SATA,Random orbital sander 77 mm,werkstatt,260,piece,23.79,6185.4,EUR,6185.4,synthetic-spend-DE.csv,True,direct
TXN-000277,DE,2026-05,2026-05-02,WLF-1014,sup-arcus,SATA,Random orbital sander 77 mm,werkstatt,194,piece,23.79,4615.26,EUR,4615.26,synthetic-spend-DE.csv,True,direct
TXN-000278,DE,2026-06,2026-06-13,WLF-1014,sup-arcus,SATA,Random orbital sander 77 mm,werkstatt,239,piece,23.79,5685.81,EUR,5685.81,synthetic-spend-DE.csv,True,direct
TXN-000279,DE,2026-07,2026-07-25,WLF-1014,sup-arcus,SATA,Random orbital sander 77 mm,werkstatt,146,piece,23.79,3473.34,EUR,3473.34,synthetic-spend-DE.csv,True,direct
TXN-000280,DE,2026-08,2026-08-11,WLF-1014,sup-arcus,SATA,Random orbital sander 77 mm,werkstatt,134,piece,23.79,3187.86,EUR,3187.86,synthetic-spend-DE.csv,True,direct
TXN-000281,DE,2026-01,2026-01-19,WLF-1015,sup-cobalt,tesa,Paint strainers 125 µ / 200 µ,lack,123,piece,40.45,4975.35,EUR,4975.35,synthetic-spend-DE.csv,True,indirect
TXN-000282,DE,2026-02,2026-02-18,WLF-1015,sup-cobalt,tesa,Paint strainers 125 µ / 200 µ,lack,211,piece,40.45,8534.95,EUR,8534.95,synthetic-spend-DE.csv,True,indirect
TXN-000283,DE,2026-03,2026-03-27,WLF-1015,sup-cobalt,tesa,Paint strainers 125 µ / 200 µ,lack,149,piece,40.45,6027.05,EUR,6027.05,synthetic-spend-DE.csv,True,indirect
TXN-000284,DE,2026-04,2026-04-09,WLF-1015,sup-cobalt,tesa,Paint strainers 125 µ / 200 µ,lack,78,piece,40.45,3155.1,EUR,3155.1,synthetic-spend-DE.csv,True,indirect
TXN-000285,DE,2026-05,2026-05-25,WLF-1015,sup-cobalt,tesa,Paint strainers 125 µ / 200 µ,lack,91,piece,40.45,3680.95,EUR,3680.95,synthetic-spend-DE.csv,True,indirect
TXN-000286,DE,2026-06,2026-06-18,WLF-1015,sup-cobalt,tesa,Paint strainers 125 µ / 200 µ,lack,262,piece,40.45,10597.9,EUR,10597.9,synthetic-spend-DE.csv,True,indirect
TXN-000287,DE,2026-07,2026-07-01,WLF-1015,sup-cobalt,tesa,Paint strainers 125 µ / 200 µ,lack,249,piece,40.45,10072.05,EUR,10072.05,synthetic-spend-DE.csv,True,indirect
TXN-000288,DE,2026-08,2026-08-13,WLF-1015,sup-cobalt,tesa,Paint strainers 125 µ / 200 µ,lack,102,piece,40.45,4125.9,EUR,4125.9,synthetic-spend-DE.csv,True,indirect
TXN-000289,DE,2026-01,2026-01-10,WLF-1016,sup-solis,PPG / Nexa,"Sanding discs 150 mm, fine",schleif,126,piece,74.85,9431.1,EUR,9431.1,synthetic-spend-DE.csv,True,direct
TXN-000290,DE,2026-02,2026-02-05,WLF-1016,sup-solis,PPG / Nexa,"Sanding discs 150 mm, fine",schleif,149,piece,74.85,11152.65,EUR,11152.65,synthetic-spend-DE.csv,True,direct
TXN-000291,DE,2026-03,2026-03-01,WLF-1016,sup-solis,PPG / Nexa,"Sanding discs 150 mm, fine",schleif,293,piece,74.85,21931.05,EUR,21931.05,synthetic-spend-DE.csv,True,direct
TXN-000292,DE,2026-04,2026-04-01,WLF-1016,sup-solis,PPG / Nexa,"Sanding discs 150 mm, fine",schleif,321,piece,74.85,24026.85,EUR,24026.85,synthetic-spend-DE.csv,True,direct
TXN-000293,DE,2026-05,2026-05-06,WLF-1016,sup-solis,PPG / Nexa,"Sanding discs 150 mm, fine",schleif,152,piece,74.85,11377.2,EUR,11377.2,synthetic-spend-DE.csv,True,direct
TXN-000294,DE,2026-06,2026-06-20,WLF-1016,sup-solis,PPG / Nexa,"Sanding discs 150 mm, fine",schleif,98,piece,74.85,7335.3,EUR,7335.3,synthetic-spend-DE.csv,True,direct
TXN-000295,DE,2026-07,2026-07-05,WLF-1016,sup-solis,PPG / Nexa,"Sanding discs 150 mm, fine",schleif,161,piece,74.85,12050.85,EUR,12050.85,synthetic-spend-DE.csv,True,direct
TXN-000296,DE,2026-08,2026-08-12,WLF-1016,sup-solis,PPG / Nexa,"Sanding discs 150 mm, fine",schleif,169,piece,74.85,12649.65,EUR,12649.65,synthetic-spend-DE.csv,True,direct
TXN-000297,DE,2026-01,2026-01-08,WLF-1017,sup-orbit,Würth,Contour tape,kleb,254,piece,20.43,5189.22,EUR,5189.22,synthetic-spend-DE.csv,False,direct
TXN-000298,DE,2026-02,2026-02-16,WLF-1017,sup-orbit,Würth,Contour tape,kleb,178,piece,20.43,3636.54,EUR,3636.54,synthetic-spend-DE.csv,False,direct
TXN-000299,DE,2026-03,2026-03-10,WLF-1017,sup-orbit,Würth,Contour tape,kleb,103,piece,20.43,2104.29,EUR,2104.29,synthetic-spend-DE.csv,False,direct
TXN-000300,DE,2026-04,2026-04-25,WLF-1017,sup-orbit,Würth,Contour tape,kleb,202,piece,20.43,4126.86,EUR,4126.86,synthetic-spend-DE.csv,False,direct
TXN-000301,DE,2026-05,2026-05-18,WLF-1017,sup-orbit,Würth,Contour tape,kleb,155,piece,20.43,3166.65,EUR,3166.65,synthetic-spend-DE.csv,False,direct
TXN-000302,DE,2026-06,2026-06-28,WLF-1017,sup-orbit,Würth,Contour tape,kleb,135,piece,20.43,2758.05,EUR,2758.05,synthetic-spend-DE.csv,False,direct
TXN-000303,DE,2026-07,2026-07-14,WLF-1017,sup-orbit,Würth,Contour tape,kleb,103,piece,20.43,2104.29,EUR,2104.29,synthetic-spend-DE.csv,False,direct
TXN-000304,DE,2026-08,2026-08-18,WLF-1017,sup-orbit,Würth,Contour tape,kleb,149,piece,20.43,3044.07,EUR,3044.07,synthetic-spend-DE.csv,False,direct
TXN-000305,DE,2026-01,2026-01-20,WLF-1018,sup-helio,Kovax,One-step cutting and polishing compound,polier,34,piece,34.6,1176.4,EUR,1176.4,synthetic-spend-DE.csv,False,indirect
TXN-000306,DE,2026-02,2026-02-28,WLF-1018,sup-helio,Kovax,One-step cutting and polishing compound,polier,278,piece,34.6,9618.8,EUR,9618.8,synthetic-spend-DE.csv,False,indirect
TXN-000307,DE,2026-03,2026-03-09,WLF-1018,sup-helio,Kovax,One-step cutting and polishing compound,polier,238,piece,34.6,8234.8,EUR,8234.8,synthetic-spend-DE.csv,False,indirect
TXN-000308,DE,2026-04,2026-04-25,WLF-1018,sup-helio,Kovax,One-step cutting and polishing compound,polier,142,piece,34.6,4913.2,EUR,4913.2,synthetic-spend-DE.csv,False,indirect
TXN-000309,DE,2026-05,2026-05-04,WLF-1018,sup-helio,Kovax,One-step cutting and polishing compound,polier,312,piece,34.6,10795.2,EUR,10795.2,synthetic-spend-DE.csv,False,indirect
TXN-000310,DE,2026-06,2026-06-08,WLF-1018,sup-helio,Kovax,One-step cutting and polishing compound,polier,27,piece,34.6,934.2,EUR,934.2,synthetic-spend-DE.csv,False,indirect
TXN-000311,DE,2026-07,2026-07-22,WLF-1018,sup-helio,Kovax,One-step cutting and polishing compound,polier,94,piece,34.6,3252.4,EUR,3252.4,synthetic-spend-DE.csv,False,indirect
TXN-000312,DE,2026-08,2026-08-09,WLF-1018,sup-helio,Kovax,One-step cutting and polishing compound,polier,291,piece,34.6,10068.6,EUR,10068.6,synthetic-spend-DE.csv,False,indirect
TXN-000313,DE,2026-01,2026-01-27,WLF-1019,sup-vanta,Starcke,Pre-saturated cleaning wipes,kabine,102,piece,106.27,10839.54,EUR,10839.54,synthetic-spend-DE.csv,False,direct
TXN-000314,DE,2026-02,2026-02-24,WLF-1019,sup-vanta,Starcke,Pre-saturated cleaning wipes,kabine,183,piece,106.27,19447.41,EUR,19447.41,synthetic-spend-DE.csv,False,direct
TXN-000315,DE,2026-03,2026-03-15,WLF-1019,sup-vanta,Starcke,Pre-saturated cleaning wipes,kabine,117,piece,106.27,12433.59,EUR,12433.59,synthetic-spend-DE.csv,False,direct
TXN-000316,DE,2026-04,2026-04-18,WLF-1019,sup-vanta,Starcke,Pre-saturated cleaning wipes,kabine,315,piece,106.27,33475.05,EUR,33475.05,synthetic-spend-DE.csv,False,direct
TXN-000317,DE,2026-05,2026-05-19,WLF-1019,sup-vanta,Starcke,Pre-saturated cleaning wipes,kabine,152,piece,106.27,16153.04,EUR,16153.04,synthetic-spend-DE.csv,False,direct
TXN-000318,DE,2026-06,2026-06-19,WLF-1019,sup-vanta,Starcke,Pre-saturated cleaning wipes,kabine,210,piece,106.27,22316.7,EUR,22316.7,synthetic-spend-DE.csv,False,direct
TXN-000319,DE,2026-07,2026-07-24,WLF-1019,sup-vanta,Starcke,Pre-saturated cleaning wipes,kabine,259,piece,106.27,27523.93,EUR,27523.93,synthetic-spend-DE.csv,False,direct
TXN-000320,DE,2026-08,2026-08-28,WLF-1019,sup-vanta,Starcke,Pre-saturated cleaning wipes,kabine,326,piece,106.27,34644.02,EUR,34644.02,synthetic-spend-DE.csv,False,direct
TXN-000321,DE,2026-01,2026-01-23,WLF-1020,sup-aster,3M,P3 particulate filters,psa,86,piece,20.24,1740.64,EUR,1740.64,synthetic-spend-DE.csv,False,direct
TXN-000322,DE,2026-02,2026-02-27,WLF-1020,sup-aster,3M,P3 particulate filters,psa,243,piece,20.24,4918.32,EUR,4918.32,synthetic-spend-DE.csv,False,direct
TXN-000323,DE,2026-03,2026-03-23,WLF-1020,sup-aster,3M,P3 particulate filters,psa,67,piece,20.24,1356.08,EUR,1356.08,synthetic-spend-DE.csv,False,direct
TXN-000324,DE,2026-04,2026-04-16,WLF-1020,sup-aster,3M,P3 particulate filters,psa,153,piece,20.24,3096.72,EUR,3096.72,synthetic-spend-DE.csv,False,direct
TXN-000325,DE,2026-05,2026-05-18,WLF-1020,sup-aster,3M,P3 particulate filters,psa,275,piece,20.24,5566.0,EUR,5566.0,synthetic-spend-DE.csv,False,direct
TXN-000326,DE,2026-06,2026-06-03,WLF-1020,sup-aster,3M,P3 particulate filters,psa,83,piece,20.24,1679.92,EUR,1679.92,synthetic-spend-DE.csv,False,direct
TXN-000327,DE,2026-07,2026-07-18,WLF-1020,sup-aster,3M,P3 particulate filters,psa,199,piece,20.24,4027.76,EUR,4027.76,synthetic-spend-DE.csv,False,direct
TXN-000328,DE,2026-08,2026-08-08,WLF-1020,sup-aster,3M,P3 particulate filters,psa,126,piece,20.24,2550.24,EUR,2550.24,synthetic-spend-DE.csv,False,direct
TXN-000329,DE,2026-01,2026-01-28,WLF-1021,sup-velora,Glasurit (BASF),Electric random orbital sander 150 mm,werkstatt,278,piece,19.25,5351.5,EUR,5351.5,synthetic-spend-DE.csv,False,indirect
TXN-000330,DE,2026-02,2026-02-27,WLF-1021,sup-velora,Glasurit (BASF),Electric random orbital sander 150 mm,werkstatt,25,piece,19.25,481.25,EUR,481.25,synthetic-spend-DE.csv,False,indirect
TXN-000331,DE,2026-03,2026-03-09,WLF-1021,sup-velora,Glasurit (BASF),Electric random orbital sander 150 mm,werkstatt,323,piece,19.25,6217.75,EUR,6217.75,synthetic-spend-DE.csv,False,indirect
TXN-000332,DE,2026-04,2026-04-10,WLF-1021,sup-velora,Glasurit (BASF),Electric random orbital sander 150 mm,werkstatt,239,piece,19.25,4600.75,EUR,4600.75,synthetic-spend-DE.csv,False,indirect
TXN-000333,DE,2026-05,2026-05-14,WLF-1021,sup-velora,Glasurit (BASF),Electric random orbital sander 150 mm,werkstatt,34,piece,19.25,654.5,EUR,654.5,synthetic-spend-DE.csv,False,indirect
TXN-000334,DE,2026-06,2026-06-10,WLF-1021,sup-velora,Glasurit (BASF),Electric random orbital sander 150 mm,werkstatt,79,piece,19.25,1520.75,EUR,1520.75,synthetic-spend-DE.csv,False,indirect
TXN-000335,DE,2026-07,2026-07-20,WLF-1021,sup-velora,Glasurit (BASF),Electric random orbital sander 150 mm,werkstatt,107,piece,19.25,2059.75,EUR,2059.75,synthetic-spend-DE.csv,False,indirect
TXN-000336,DE,2026-08,2026-08-17,WLF-1021,sup-velora,Glasurit (BASF),Electric random orbital sander 150 mm,werkstatt,27,piece,19.25,519.75,EUR,519.75,synthetic-spend-DE.csv,False,indirect
TXN-000337,SE,2026-01,2026-01-18,WLF-1001,sup-lumen,Finixa,Graduated mixing cup,lack,149,piece,22.52,3355.48,SEK,38252.47,synthetic-spend-SE.csv,True,direct
TXN-000338,SE,2026-02,2026-02-26,WLF-1001,sup-lumen,Finixa,Graduated mixing cup,lack,235,piece,22.52,5292.2,SEK,60331.08,synthetic-spend-SE.csv,True,direct
TXN-000339,SE,2026-03,2026-03-09,WLF-1001,sup-lumen,Finixa,Graduated mixing cup,lack,184,piece,22.52,4143.68,SEK,47237.95,synthetic-spend-SE.csv,True,direct
TXN-000340,SE,2026-04,2026-04-19,WLF-1001,sup-lumen,Finixa,Graduated mixing cup,lack,92,piece,22.52,2071.84,SEK,23618.98,synthetic-spend-SE.csv,True,direct
TXN-000341,SE,2026-05,2026-05-17,WLF-1001,sup-lumen,Finixa,Graduated mixing cup,lack,168,piece,22.52,3783.36,SEK,43130.3,synthetic-spend-SE.csv,True,direct
TXN-000342,SE,2026-06,2026-06-19,WLF-1001,sup-lumen,Finixa,Graduated mixing cup,lack,133,piece,22.52,2995.16,SEK,34144.82,synthetic-spend-SE.csv,True,direct
TXN-000343,SE,2026-07,2026-07-12,WLF-1001,sup-lumen,Finixa,Graduated mixing cup,lack,223,piece,22.52,5021.96,SEK,57250.34,synthetic-spend-SE.csv,True,direct
TXN-000344,SE,2026-08,2026-08-05,WLF-1001,sup-lumen,Finixa,Graduated mixing cup,lack,89,piece,22.52,2004.28,SEK,22848.79,synthetic-spend-SE.csv,True,direct
TXN-000345,SE,2026-01,2026-01-06,WLF-1002,sup-novex,Mirka,"Sanding discs 150 mm, coarse",schleif,287,piece,48.07,13796.09,SEK,157275.43,synthetic-spend-SE.csv,True,indirect
TXN-000346,SE,2026-02,2026-02-11,WLF-1002,sup-novex,Mirka,"Sanding discs 150 mm, coarse",schleif,167,piece,48.07,8027.69,SEK,91515.67,synthetic-spend-SE.csv,True,indirect
TXN-000347,SE,2026-03,2026-03-24,WLF-1002,sup-novex,Mirka,"Sanding discs 150 mm, coarse",schleif,46,piece,48.07,2211.22,SEK,25207.91,synthetic-spend-SE.csv,True,indirect
TXN-000348,SE,2026-04,2026-04-23,WLF-1002,sup-novex,Mirka,"Sanding discs 150 mm, coarse",schleif,217,piece,48.07,10431.19,SEK,118915.57,synthetic-spend-SE.csv,True,indirect
TXN-000349,SE,2026-05,2026-05-25,WLF-1002,sup-novex,Mirka,"Sanding discs 150 mm, coarse",schleif,150,piece,48.07,7210.5,SEK,82199.7,synthetic-spend-SE.csv,True,indirect
TXN-000350,SE,2026-06,2026-06-01,WLF-1002,sup-novex,Mirka,"Sanding discs 150 mm, coarse",schleif,102,piece,48.07,4903.14,SEK,55895.8,synthetic-spend-SE.csv,True,indirect
TXN-000351,SE,2026-07,2026-07-24,WLF-1002,sup-novex,Mirka,"Sanding discs 150 mm, coarse",schleif,36,piece,48.07,1730.52,SEK,19727.93,synthetic-spend-SE.csv,True,indirect
TXN-000352,SE,2026-08,2026-08-20,WLF-1002,sup-novex,Mirka,"Sanding discs 150 mm, coarse",schleif,173,piece,48.07,8316.11,SEK,94803.65,synthetic-spend-SE.csv,True,indirect
TXN-000353,SE,2026-01,2026-01-01,WLF-1003,sup-arcus,SATA,Standard masking tape,kleb,194,piece,15.77,3059.38,SEK,34876.93,synthetic-spend-SE.csv,True,direct
TXN-000354,SE,2026-02,2026-02-27,WLF-1003,sup-arcus,SATA,Standard masking tape,kleb,118,piece,15.77,1860.86,SEK,21213.8,synthetic-spend-SE.csv,True,direct
TXN-000355,SE,2026-03,2026-03-21,WLF-1003,sup-arcus,SATA,Standard masking tape,kleb,87,piece,15.77,1371.99,SEK,15640.69,synthetic-spend-SE.csv,True,direct
TXN-000356,SE,2026-04,2026-04-22,WLF-1003,sup-arcus,SATA,Standard masking tape,kleb,231,piece,15.77,3642.87,SEK,41528.72,synthetic-spend-SE.csv,True,direct
TXN-000357,SE,2026-05,2026-05-18,WLF-1003,sup-arcus,SATA,Standard masking tape,kleb,319,piece,15.77,5030.63,SEK,57349.18,synthetic-spend-SE.csv,True,direct
TXN-000358,SE,2026-06,2026-06-27,WLF-1003,sup-arcus,SATA,Standard masking tape,kleb,31,piece,15.77,488.87,SEK,5573.12,synthetic-spend-SE.csv,True,direct
TXN-000359,SE,2026-07,2026-07-23,WLF-1003,sup-arcus,SATA,Standard masking tape,kleb,265,piece,15.77,4179.05,SEK,47641.17,synthetic-spend-SE.csv,True,direct
TXN-000360,SE,2026-08,2026-08-06,WLF-1003,sup-arcus,SATA,Standard masking tape,kleb,144,piece,15.77,2270.88,SEK,25888.03,synthetic-spend-SE.csv,True,direct
TXN-000361,SE,2026-01,2026-01-17,WLF-1004,sup-cobalt,tesa,Cutting compound (coarse/medium),polier,69,piece,36.18,2496.42,SEK,28459.19,synthetic-spend-SE.csv,True,direct
TXN-000362,SE,2026-02,2026-02-08,WLF-1004,sup-cobalt,tesa,Cutting compound (coarse/medium),polier,310,piece,36.18,11215.8,SEK,127860.12,synthetic-spend-SE.csv,True,direct
TXN-000363,SE,2026-03,2026-03-01,WLF-1004,sup-cobalt,tesa,Cutting compound (coarse/medium),polier,300,piece,36.18,10854.0,SEK,123735.6,synthetic-spend-SE.csv,True,direct
TXN-000364,SE,2026-04,2026-04-07,WLF-1004,sup-cobalt,tesa,Cutting compound (coarse/medium),polier,100,piece,36.18,3618.0,SEK,41245.2,synthetic-spend-SE.csv,True,direct
TXN-000365,SE,2026-05,2026-05-16,WLF-1004,sup-cobalt,tesa,Cutting compound (coarse/medium),polier,195,piece,36.18,7055.1,SEK,80428.14,synthetic-spend-SE.csv,True,direct
TXN-000366,SE,2026-06,2026-06-20,WLF-1004,sup-cobalt,tesa,Cutting compound (coarse/medium),polier,292,piece,36.18,10564.56,SEK,120435.98,synthetic-spend-SE.csv,True,direct
TXN-000367,SE,2026-07,2026-07-08,WLF-1004,sup-cobalt,tesa,Cutting compound (coarse/medium),polier,113,piece,36.18,4088.34,SEK,46607.08,synthetic-spend-SE.csv,True,direct
TXN-000368,SE,2026-08,2026-08-21,WLF-1004,sup-cobalt,tesa,Cutting compound (coarse/medium),polier,112,piece,36.18,4052.16,SEK,46194.62,synthetic-spend-SE.csv,True,direct
TXN-000369,SE,2026-01,2026-01-26,WLF-1005,sup-solis,PPG / Nexa,Solvent-based silicone remover,kabine,218,piece,61.62,13433.16,SEK,153138.02,synthetic-spend-SE.csv,True,indirect
TXN-000370,SE,2026-02,2026-02-16,WLF-1005,sup-solis,PPG / Nexa,Solvent-based silicone remover,kabine,49,piece,61.62,3019.38,SEK,34420.93,synthetic-spend-SE.csv,True,indirect
TXN-000371,SE,2026-03,2026-03-17,WLF-1005,sup-solis,PPG / Nexa,Solvent-based silicone remover,kabine,156,piece,61.62,9612.72,SEK,109585.01,synthetic-spend-SE.csv,True,indirect
TXN-000372,SE,2026-04,2026-04-08,WLF-1005,sup-solis,PPG / Nexa,Solvent-based silicone remover,kabine,217,piece,61.62,13371.54,SEK,152435.56,synthetic-spend-SE.csv,True,indirect
TXN-000373,SE,2026-05,2026-05-03,WLF-1005,sup-solis,PPG / Nexa,Solvent-based silicone remover,kabine,94,piece,61.62,5792.28,SEK,66031.99,synthetic-spend-SE.csv,True,indirect
TXN-000374,SE,2026-06,2026-06-27,WLF-1005,sup-solis,PPG / Nexa,Solvent-based silicone remover,kabine,76,piece,61.62,4683.12,SEK,53387.57,synthetic-spend-SE.csv,True,indirect
TXN-000375,SE,2026-07,2026-07-09,WLF-1005,sup-solis,PPG / Nexa,Solvent-based silicone remover,kabine,168,piece,61.62,10352.16,SEK,118014.62,synthetic-spend-SE.csv,True,indirect
TXN-000376,SE,2026-08,2026-08-27,WLF-1005,sup-solis,PPG / Nexa,Solvent-based silicone remover,kabine,137,piece,61.62,8441.94,SEK,96238.12,synthetic-spend-SE.csv,True,indirect
TXN-000377,SE,2026-01,2026-01-21,WLF-1006,sup-orbit,Würth,Half mask / spray-painting respirator,psa,181,piece,22.14,4007.34,SEK,45683.68,synthetic-spend-SE.csv,True,direct
TXN-000378,SE,2026-02,2026-02-26,WLF-1006,sup-orbit,Würth,Half mask / spray-painting respirator,psa,33,piece,22.14,730.62,SEK,8329.07,synthetic-spend-SE.csv,True,direct
TXN-000379,SE,2026-03,2026-03-24,WLF-1006,sup-orbit,Würth,Half mask / spray-painting respirator,psa,176,piece,22.14,3896.64,SEK,44421.7,synthetic-spend-SE.csv,True,direct
TXN-000380,SE,2026-04,2026-04-14,WLF-1006,sup-orbit,Würth,Half mask / spray-painting respirator,psa,154,piece,22.14,3409.56,SEK,38868.98,synthetic-spend-SE.csv,True,direct
TXN-000381,SE,2026-05,2026-05-16,WLF-1006,sup-orbit,Würth,Half mask / spray-painting respirator,psa,61,piece,22.14,1350.54,SEK,15396.16,synthetic-spend-SE.csv,True,direct
TXN-000382,SE,2026-06,2026-06-16,WLF-1006,sup-orbit,Würth,Half mask / spray-painting respirator,psa,283,piece,22.14,6265.62,SEK,71428.07,synthetic-spend-SE.csv,True,direct
TXN-000383,SE,2026-07,2026-07-04,WLF-1006,sup-orbit,Würth,Half mask / spray-painting respirator,psa,238,piece,22.14,5269.32,SEK,60070.25,synthetic-spend-SE.csv,True,direct
TXN-000384,SE,2026-08,2026-08-20,WLF-1006,sup-orbit,Würth,Half mask / spray-painting respirator,psa,52,piece,22.14,1151.28,SEK,13124.59,synthetic-spend-SE.csv,True,direct
TXN-000385,SE,2026-01,2026-01-11,WLF-1007,sup-helio,Kovax,"Random orbital sander 150 mm, 5 mm orbit",werkstatt,174,piece,64.69,11256.06,SEK,128319.08,synthetic-spend-SE.csv,True,direct
TXN-000386,SE,2026-02,2026-02-10,WLF-1007,sup-helio,Kovax,"Random orbital sander 150 mm, 5 mm orbit",werkstatt,217,piece,64.69,14037.73,SEK,160030.12,synthetic-spend-SE.csv,True,direct
TXN-000387,SE,2026-03,2026-03-01,WLF-1007,sup-helio,Kovax,"Random orbital sander 150 mm, 5 mm orbit",werkstatt,97,piece,64.69,6274.93,SEK,71534.2,synthetic-spend-SE.csv,True,direct
TXN-000388,SE,2026-04,2026-04-03,WLF-1007,sup-helio,Kovax,"Random orbital sander 150 mm, 5 mm orbit",werkstatt,159,piece,64.69,10285.71,SEK,117257.09,synthetic-spend-SE.csv,True,direct
TXN-000389,SE,2026-05,2026-05-02,WLF-1007,sup-helio,Kovax,"Random orbital sander 150 mm, 5 mm orbit",werkstatt,114,piece,64.69,7374.66,SEK,84071.12,synthetic-spend-SE.csv,True,direct
TXN-000390,SE,2026-06,2026-06-01,WLF-1007,sup-helio,Kovax,"Random orbital sander 150 mm, 5 mm orbit",werkstatt,84,piece,64.69,5433.96,SEK,61947.14,synthetic-spend-SE.csv,True,direct
TXN-000391,SE,2026-07,2026-07-05,WLF-1007,sup-helio,Kovax,"Random orbital sander 150 mm, 5 mm orbit",werkstatt,278,piece,64.69,17983.82,SEK,205015.55,synthetic-spend-SE.csv,True,direct
TXN-000392,SE,2026-08,2026-08-13,WLF-1007,sup-helio,Kovax,"Random orbital sander 150 mm, 5 mm orbit",werkstatt,146,piece,64.69,9444.74,SEK,107670.04,synthetic-spend-SE.csv,True,direct
TXN-000393,SE,2026-01,2026-01-09,WLF-1008,sup-vanta,Starcke,Paint cup for compressed-air spray gun,lack,304,piece,61.68,18750.72,SEK,213758.21,synthetic-spend-SE.csv,True,indirect
TXN-000394,SE,2026-02,2026-02-14,WLF-1008,sup-vanta,Starcke,Paint cup for compressed-air spray gun,lack,102,piece,61.68,6291.36,SEK,71721.5,synthetic-spend-SE.csv,True,indirect
TXN-000395,SE,2026-03,2026-03-20,WLF-1008,sup-vanta,Starcke,Paint cup for compressed-air spray gun,lack,85,piece,61.68,5242.8,SEK,59767.92,synthetic-spend-SE.csv,True,indirect
TXN-000396,SE,2026-04,2026-04-22,WLF-1008,sup-vanta,Starcke,Paint cup for compressed-air spray gun,lack,105,piece,61.68,6476.4,SEK,73830.96,synthetic-spend-SE.csv,True,indirect
TXN-000397,SE,2026-05,2026-05-26,WLF-1008,sup-vanta,Starcke,Paint cup for compressed-air spray gun,lack,243,piece,61.68,14988.24,SEK,170865.94,synthetic-spend-SE.csv,True,indirect
TXN-000398,SE,2026-06,2026-06-17,WLF-1008,sup-vanta,Starcke,Paint cup for compressed-air spray gun,lack,139,piece,61.68,8573.52,SEK,97738.13,synthetic-spend-SE.csv,True,indirect
TXN-000399,SE,2026-07,2026-07-21,WLF-1008,sup-vanta,Starcke,Paint cup for compressed-air spray gun,lack,215,piece,61.68,13261.2,SEK,151177.68,synthetic-spend-SE.csv,True,indirect
TXN-000400,SE,2026-08,2026-08-25,WLF-1008,sup-vanta,Starcke,Paint cup for compressed-air spray gun,lack,32,piece,61.68,1973.76,SEK,22500.86,synthetic-spend-SE.csv,True,indirect
TXN-000401,SE,2026-01,2026-01-10,WLF-1009,sup-aster,3M,"Sanding discs 150 mm, intermediate",schleif,243,piece,53.79,13070.97,SEK,149009.06,synthetic-spend-SE.csv,True,direct
TXN-000402,SE,2026-02,2026-02-08,WLF-1009,sup-aster,3M,"Sanding discs 150 mm, intermediate",schleif,221,piece,53.79,11887.59,SEK,135518.53,synthetic-spend-SE.csv,True,direct
TXN-000403,SE,2026-03,2026-03-23,WLF-1009,sup-aster,3M,"Sanding discs 150 mm, intermediate",schleif,298,piece,53.79,16029.42,SEK,182735.39,synthetic-spend-SE.csv,True,direct
TXN-000404,SE,2026-04,2026-04-24,WLF-1009,sup-aster,3M,"Sanding discs 150 mm, intermediate",schleif,212,piece,53.79,11403.48,SEK,129999.67,synthetic-spend-SE.csv,True,direct
TXN-000405,SE,2026-05,2026-05-09,WLF-1009,sup-aster,3M,"Sanding discs 150 mm, intermediate",schleif,312,piece,53.79,16782.48,SEK,191320.27,synthetic-spend-SE.csv,True,direct
TXN-000406,SE,2026-06,2026-06-04,WLF-1009,sup-aster,3M,"Sanding discs 150 mm, intermediate",schleif,224,piece,53.79,12048.96,SEK,137358.14,synthetic-spend-SE.csv,True,direct
TXN-000407,SE,2026-07,2026-07-20,WLF-1009,sup-aster,3M,"Sanding discs 150 mm, intermediate",schleif,72,piece,53.79,3872.88,SEK,44150.83,synthetic-spend-SE.csv,True,direct
TXN-000408,SE,2026-08,2026-08-24,WLF-1009,sup-aster,3M,"Sanding discs 150 mm, intermediate",schleif,51,piece,53.79,2743.29,SEK,31273.51,synthetic-spend-SE.csv,True,direct
TXN-000409,SE,2026-01,2026-01-10,WLF-1010,sup-velora,Glasurit (BASF),Fine-line tape,kleb,74,piece,13.05,965.7,SEK,11008.98,synthetic-spend-SE.csv,True,direct
TXN-000410,SE,2026-02,2026-02-03,WLF-1010,sup-velora,Glasurit (BASF),Fine-line tape,kleb,226,piece,13.05,2949.3,SEK,33622.02,synthetic-spend-SE.csv,True,direct
TXN-000411,SE,2026-03,2026-03-22,WLF-1010,sup-velora,Glasurit (BASF),Fine-line tape,kleb,267,piece,13.05,3484.35,SEK,39721.59,synthetic-spend-SE.csv,True,direct
TXN-000412,SE,2026-04,2026-04-17,WLF-1010,sup-velora,Glasurit (BASF),Fine-line tape,kleb,300,piece,13.05,3915.0,SEK,44631.0,synthetic-spend-SE.csv,True,direct
TXN-000413,SE,2026-05,2026-05-20,WLF-1010,sup-velora,Glasurit (BASF),Fine-line tape,kleb,173,piece,13.05,2257.65,SEK,25737.21,synthetic-spend-SE.csv,True,direct
TXN-000414,SE,2026-06,2026-06-06,WLF-1010,sup-velora,Glasurit (BASF),Fine-line tape,kleb,266,piece,13.05,3471.3,SEK,39572.82,synthetic-spend-SE.csv,True,direct
TXN-000415,SE,2026-07,2026-07-06,WLF-1010,sup-velora,Glasurit (BASF),Fine-line tape,kleb,251,piece,13.05,3275.55,SEK,37341.27,synthetic-spend-SE.csv,True,direct
TXN-000416,SE,2026-08,2026-08-11,WLF-1010,sup-velora,Glasurit (BASF),Fine-line tape,kleb,41,piece,13.05,535.05,SEK,6099.57,synthetic-spend-SE.csv,True,direct
TXN-000417,SE,2026-01,2026-01-12,WLF-1011,sup-lumen,Finixa,Polish (fine / anti-hologram),polier,59,piece,14.61,861.99,SEK,9826.69,synthetic-spend-SE.csv,True,indirect
TXN-000418,SE,2026-02,2026-02-06,WLF-1011,sup-lumen,Finixa,Polish (fine / anti-hologram),polier,190,piece,14.61,2775.9,SEK,31645.26,synthetic-spend-SE.csv,True,indirect
TXN-000419,SE,2026-03,2026-03-26,WLF-1011,sup-lumen,Finixa,Polish (fine / anti-hologram),polier,106,piece,14.61,1548.66,SEK,17654.72,synthetic-spend-SE.csv,True,indirect
TXN-000420,SE,2026-04,2026-04-17,WLF-1011,sup-lumen,Finixa,Polish (fine / anti-hologram),polier,177,piece,14.61,2585.97,SEK,29480.06,synthetic-spend-SE.csv,True,indirect
TXN-000421,SE,2026-05,2026-05-07,WLF-1011,sup-lumen,Finixa,Polish (fine / anti-hologram),polier,32,piece,14.61,467.52,SEK,5329.73,synthetic-spend-SE.csv,True,indirect
TXN-000422,SE,2026-06,2026-06-02,WLF-1011,sup-lumen,Finixa,Polish (fine / anti-hologram),polier,82,piece,14.61,1198.02,SEK,13657.43,synthetic-spend-SE.csv,True,indirect
TXN-000423,SE,2026-07,2026-07-18,WLF-1011,sup-lumen,Finixa,Polish (fine / anti-hologram),polier,309,piece,14.61,4514.49,SEK,51465.19,synthetic-spend-SE.csv,True,indirect
TXN-000424,SE,2026-08,2026-08-02,WLF-1011,sup-lumen,Finixa,Polish (fine / anti-hologram),polier,33,piece,14.61,482.13,SEK,5496.28,synthetic-spend-SE.csv,True,indirect
TXN-000425,SE,2026-01,2026-01-27,WLF-1012,sup-novex,Mirka,Water-based silicone remover,kabine,97,piece,48.09,4664.73,SEK,53177.92,synthetic-spend-SE.csv,True,direct
TXN-000426,SE,2026-02,2026-02-03,WLF-1012,sup-novex,Mirka,Water-based silicone remover,kabine,286,piece,48.09,13753.74,SEK,156792.64,synthetic-spend-SE.csv,True,direct
TXN-000427,SE,2026-03,2026-03-24,WLF-1012,sup-novex,Mirka,Water-based silicone remover,kabine,276,piece,48.09,13272.84,SEK,151310.38,synthetic-spend-SE.csv,True,direct
TXN-000428,SE,2026-04,2026-04-28,WLF-1012,sup-novex,Mirka,Water-based silicone remover,kabine,275,piece,48.09,13224.75,SEK,150762.15,synthetic-spend-SE.csv,True,direct
TXN-000429,SE,2026-05,2026-05-01,WLF-1012,sup-novex,Mirka,Water-based silicone remover,kabine,54,piece,48.09,2596.86,SEK,29604.2,synthetic-spend-SE.csv,True,direct
TXN-000430,SE,2026-06,2026-06-19,WLF-1012,sup-novex,Mirka,Water-based silicone remover,kabine,281,piece,48.09,13513.29,SEK,154051.51,synthetic-spend-SE.csv,True,direct
TXN-000431,SE,2026-07,2026-07-06,WLF-1012,sup-novex,Mirka,Water-based silicone remover,kabine,296,piece,48.09,14234.64,SEK,162274.9,synthetic-spend-SE.csv,True,direct
TXN-000432,SE,2026-08,2026-08-28,WLF-1012,sup-novex,Mirka,Water-based silicone remover,kabine,308,piece,48.09,14811.72,SEK,168853.61,synthetic-spend-SE.csv,True,direct
TXN-000433,SE,2026-01,2026-01-28,WLF-1013,sup-arcus,SATA,A2 filter cartridges,psa,202,piece,7.28,1470.56,SEK,16764.38,synthetic-spend-SE.csv,True,direct
TXN-000434,SE,2026-02,2026-02-19,WLF-1013,sup-arcus,SATA,A2 filter cartridges,psa,245,piece,7.28,1783.6,SEK,20333.04,synthetic-spend-SE.csv,True,direct
TXN-000435,SE,2026-03,2026-03-14,WLF-1013,sup-arcus,SATA,A2 filter cartridges,psa,151,piece,7.28,1099.28,SEK,12531.79,synthetic-spend-SE.csv,True,direct
TXN-000436,SE,2026-04,2026-04-16,WLF-1013,sup-arcus,SATA,A2 filter cartridges,psa,150,piece,7.28,1092.0,SEK,12448.8,synthetic-spend-SE.csv,True,direct
TXN-000437,SE,2026-05,2026-05-20,WLF-1013,sup-arcus,SATA,A2 filter cartridges,psa,314,piece,7.28,2285.92,SEK,26059.49,synthetic-spend-SE.csv,True,direct
TXN-000438,SE,2026-06,2026-06-20,WLF-1013,sup-arcus,SATA,A2 filter cartridges,psa,102,piece,7.28,742.56,SEK,8465.18,synthetic-spend-SE.csv,True,direct
TXN-000439,SE,2026-07,2026-07-22,WLF-1013,sup-arcus,SATA,A2 filter cartridges,psa,301,piece,7.28,2191.28,SEK,24980.59,synthetic-spend-SE.csv,True,direct
TXN-000440,SE,2026-08,2026-08-21,WLF-1013,sup-arcus,SATA,A2 filter cartridges,psa,294,piece,7.28,2140.32,SEK,24399.65,synthetic-spend-SE.csv,True,direct
TXN-000441,SE,2026-01,2026-01-06,WLF-1014,sup-cobalt,tesa,Random orbital sander 77 mm,werkstatt,46,piece,25.3,1163.8,SEK,13267.32,synthetic-spend-SE.csv,True,indirect
TXN-000442,SE,2026-02,2026-02-04,WLF-1014,sup-cobalt,tesa,Random orbital sander 77 mm,werkstatt,110,piece,25.3,2783.0,SEK,31726.2,synthetic-spend-SE.csv,True,indirect
TXN-000443,SE,2026-03,2026-03-13,WLF-1014,sup-cobalt,tesa,Random orbital sander 77 mm,werkstatt,148,piece,25.3,3744.4,SEK,42686.16,synthetic-spend-SE.csv,True,indirect
TXN-000444,SE,2026-04,2026-04-07,WLF-1014,sup-cobalt,tesa,Random orbital sander 77 mm,werkstatt,57,piece,25.3,1442.1,SEK,16439.94,synthetic-spend-SE.csv,True,indirect
TXN-000445,SE,2026-05,2026-05-07,WLF-1014,sup-cobalt,tesa,Random orbital sander 77 mm,werkstatt,28,piece,25.3,708.4,SEK,8075.76,synthetic-spend-SE.csv,True,indirect
TXN-000446,SE,2026-06,2026-06-01,WLF-1014,sup-cobalt,tesa,Random orbital sander 77 mm,werkstatt,92,piece,25.3,2327.6,SEK,26534.64,synthetic-spend-SE.csv,True,indirect
TXN-000447,SE,2026-07,2026-07-20,WLF-1014,sup-cobalt,tesa,Random orbital sander 77 mm,werkstatt,323,piece,25.3,8171.9,SEK,93159.66,synthetic-spend-SE.csv,True,indirect
TXN-000448,SE,2026-08,2026-08-14,WLF-1014,sup-cobalt,tesa,Random orbital sander 77 mm,werkstatt,184,piece,25.3,4655.2,SEK,53069.28,synthetic-spend-SE.csv,True,indirect
TXN-000449,SE,2026-01,2026-01-04,WLF-1015,sup-solis,PPG / Nexa,Paint strainers 125 µ / 200 µ,lack,53,piece,88.8,4706.4,SEK,53652.96,synthetic-spend-SE.csv,True,direct
TXN-000450,SE,2026-02,2026-02-22,WLF-1015,sup-solis,PPG / Nexa,Paint strainers 125 µ / 200 µ,lack,294,piece,88.8,26107.2,SEK,297622.08,synthetic-spend-SE.csv,True,direct
TXN-000451,SE,2026-03,2026-03-16,WLF-1015,sup-solis,PPG / Nexa,Paint strainers 125 µ / 200 µ,lack,215,piece,88.8,19092.0,SEK,217648.8,synthetic-spend-SE.csv,True,direct
TXN-000452,SE,2026-04,2026-04-28,WLF-1015,sup-solis,PPG / Nexa,Paint strainers 125 µ / 200 µ,lack,229,piece,88.8,20335.2,SEK,231821.28,synthetic-spend-SE.csv,True,direct
TXN-000453,SE,2026-05,2026-05-10,WLF-1015,sup-solis,PPG / Nexa,Paint strainers 125 µ / 200 µ,lack,262,piece,88.8,23265.6,SEK,265227.84,synthetic-spend-SE.csv,True,direct
TXN-000454,SE,2026-06,2026-06-11,WLF-1015,sup-solis,PPG / Nexa,Paint strainers 125 µ / 200 µ,lack,212,piece,88.8,18825.6,SEK,214611.84,synthetic-spend-SE.csv,True,direct
TXN-000455,SE,2026-07,2026-07-27,WLF-1015,sup-solis,PPG / Nexa,Paint strainers 125 µ / 200 µ,lack,319,piece,88.8,28327.2,SEK,322930.08,synthetic-spend-SE.csv,True,direct
TXN-000456,SE,2026-08,2026-08-17,WLF-1015,sup-solis,PPG / Nexa,Paint strainers 125 µ / 200 µ,lack,306,piece,88.8,27172.8,SEK,309769.92,synthetic-spend-SE.csv,True,direct
TXN-000457,SE,2026-01,2026-01-01,WLF-1016,sup-orbit,Würth,"Sanding discs 150 mm, fine",schleif,208,piece,49.67,10331.36,SEK,117777.5,synthetic-spend-SE.csv,True,direct
TXN-000458,SE,2026-02,2026-02-17,WLF-1016,sup-orbit,Würth,"Sanding discs 150 mm, fine",schleif,243,piece,49.67,12069.81,SEK,137595.83,synthetic-spend-SE.csv,True,direct
TXN-000459,SE,2026-03,2026-03-22,WLF-1016,sup-orbit,Würth,"Sanding discs 150 mm, fine",schleif,133,piece,49.67,6606.11,SEK,75309.65,synthetic-spend-SE.csv,True,direct
TXN-000460,SE,2026-04,2026-04-16,WLF-1016,sup-orbit,Würth,"Sanding discs 150 mm, fine",schleif,112,piece,49.67,5563.04,SEK,63418.66,synthetic-spend-SE.csv,True,direct
TXN-000461,SE,2026-05,2026-05-28,WLF-1016,sup-orbit,Würth,"Sanding discs 150 mm, fine",schleif,98,piece,49.67,4867.66,SEK,55491.32,synthetic-spend-SE.csv,True,direct
TXN-000462,SE,2026-06,2026-06-26,WLF-1016,sup-orbit,Würth,"Sanding discs 150 mm, fine",schleif,171,piece,49.67,8493.57,SEK,96826.7,synthetic-spend-SE.csv,True,direct
TXN-000463,SE,2026-07,2026-07-24,WLF-1016,sup-orbit,Würth,"Sanding discs 150 mm, fine",schleif,40,piece,49.67,1986.8,SEK,22649.52,synthetic-spend-SE.csv,True,direct
TXN-000464,SE,2026-08,2026-08-18,WLF-1016,sup-orbit,Würth,"Sanding discs 150 mm, fine",schleif,304,piece,49.67,15099.68,SEK,172136.35,synthetic-spend-SE.csv,True,direct
TXN-000465,SE,2026-01,2026-01-02,WLF-1017,sup-helio,Kovax,Contour tape,kleb,89,piece,13.14,1169.46,SEK,13331.84,synthetic-spend-SE.csv,False,indirect
TXN-000466,SE,2026-02,2026-02-24,WLF-1017,sup-helio,Kovax,Contour tape,kleb,39,piece,13.14,512.46,SEK,5842.04,synthetic-spend-SE.csv,False,indirect
TXN-000467,SE,2026-03,2026-03-09,WLF-1017,sup-helio,Kovax,Contour tape,kleb,326,piece,13.14,4283.64,SEK,48833.5,synthetic-spend-SE.csv,False,indirect
TXN-000468,SE,2026-04,2026-04-16,WLF-1017,sup-helio,Kovax,Contour tape,kleb,73,piece,13.14,959.22,SEK,10935.11,synthetic-spend-SE.csv,False,indirect
TXN-000469,SE,2026-05,2026-05-21,WLF-1017,sup-helio,Kovax,Contour tape,kleb,298,piece,13.14,3915.72,SEK,44639.21,synthetic-spend-SE.csv,False,indirect
TXN-000470,SE,2026-06,2026-06-12,WLF-1017,sup-helio,Kovax,Contour tape,kleb,126,piece,13.14,1655.64,SEK,18874.3,synthetic-spend-SE.csv,False,indirect
TXN-000471,SE,2026-07,2026-07-02,WLF-1017,sup-helio,Kovax,Contour tape,kleb,249,piece,13.14,3271.86,SEK,37299.2,synthetic-spend-SE.csv,False,indirect
TXN-000472,SE,2026-08,2026-08-27,WLF-1017,sup-helio,Kovax,Contour tape,kleb,238,piece,13.14,3127.32,SEK,35651.45,synthetic-spend-SE.csv,False,indirect
TXN-000473,SE,2026-01,2026-01-24,WLF-1018,sup-vanta,Starcke,One-step cutting and polishing compound,polier,47,piece,45.34,2130.98,SEK,24293.17,synthetic-spend-SE.csv,False,direct
TXN-000474,SE,2026-02,2026-02-25,WLF-1018,sup-vanta,Starcke,One-step cutting and polishing compound,polier,119,piece,45.34,5395.46,SEK,61508.24,synthetic-spend-SE.csv,False,direct
TXN-000475,SE,2026-03,2026-03-09,WLF-1018,sup-vanta,Starcke,One-step cutting and polishing compound,polier,131,piece,45.34,5939.54,SEK,67710.76,synthetic-spend-SE.csv,False,direct
TXN-000476,SE,2026-04,2026-04-13,WLF-1018,sup-vanta,Starcke,One-step cutting and polishing compound,polier,225,piece,45.34,10201.5,SEK,116297.1,synthetic-spend-SE.csv,False,direct
TXN-000477,SE,2026-05,2026-05-02,WLF-1018,sup-vanta,Starcke,One-step cutting and polishing compound,polier,127,piece,45.34,5758.18,SEK,65643.25,synthetic-spend-SE.csv,False,direct
TXN-000478,SE,2026-06,2026-06-19,WLF-1018,sup-vanta,Starcke,One-step cutting and polishing compound,polier,104,piece,45.34,4715.36,SEK,53755.1,synthetic-spend-SE.csv,False,direct
TXN-000479,SE,2026-07,2026-07-24,WLF-1018,sup-vanta,Starcke,One-step cutting and polishing compound,polier,169,piece,45.34,7662.46,SEK,87352.04,synthetic-spend-SE.csv,False,direct
TXN-000480,SE,2026-08,2026-08-23,WLF-1018,sup-vanta,Starcke,One-step cutting and polishing compound,polier,189,piece,45.34,8569.26,SEK,97689.56,synthetic-spend-SE.csv,False,direct
TXN-000481,SE,2026-01,2026-01-10,WLF-1019,sup-aster,3M,Pre-saturated cleaning wipes,kabine,127,piece,96.61,12269.47,SEK,139871.96,synthetic-spend-SE.csv,False,direct
TXN-000482,SE,2026-02,2026-02-15,WLF-1019,sup-aster,3M,Pre-saturated cleaning wipes,kabine,84,piece,96.61,8115.24,SEK,92513.74,synthetic-spend-SE.csv,False,direct
TXN-000483,SE,2026-03,2026-03-14,WLF-1019,sup-aster,3M,Pre-saturated cleaning wipes,kabine,122,piece,96.61,11786.42,SEK,134365.19,synthetic-spend-SE.csv,False,direct
TXN-000484,SE,2026-04,2026-04-08,WLF-1019,sup-aster,3M,Pre-saturated cleaning wipes,kabine,81,piece,96.61,7825.41,SEK,89209.67,synthetic-spend-SE.csv,False,direct
TXN-000485,SE,2026-05,2026-05-12,WLF-1019,sup-aster,3M,Pre-saturated cleaning wipes,kabine,211,piece,96.61,20384.71,SEK,232385.69,synthetic-spend-SE.csv,False,direct
TXN-000486,SE,2026-06,2026-06-21,WLF-1019,sup-aster,3M,Pre-saturated cleaning wipes,kabine,149,piece,96.61,14394.89,SEK,164101.75,synthetic-spend-SE.csv,False,direct
TXN-000487,SE,2026-07,2026-07-21,WLF-1019,sup-aster,3M,Pre-saturated cleaning wipes,kabine,229,piece,96.61,22123.69,SEK,252210.07,synthetic-spend-SE.csv,False,direct
TXN-000488,SE,2026-08,2026-08-25,WLF-1019,sup-aster,3M,Pre-saturated cleaning wipes,kabine,327,piece,96.61,31591.47,SEK,360142.76,synthetic-spend-SE.csv,False,direct
TXN-000489,SE,2026-01,2026-01-14,WLF-1020,sup-velora,Glasurit (BASF),P3 particulate filters,psa,314,piece,16.54,5193.56,SEK,59206.58,synthetic-spend-SE.csv,False,indirect
TXN-000490,SE,2026-02,2026-02-27,WLF-1020,sup-velora,Glasurit (BASF),P3 particulate filters,psa,91,piece,16.54,1505.14,SEK,17158.6,synthetic-spend-SE.csv,False,indirect
TXN-000491,SE,2026-03,2026-03-18,WLF-1020,sup-velora,Glasurit (BASF),P3 particulate filters,psa,24,piece,16.54,396.96,SEK,4525.34,synthetic-spend-SE.csv,False,indirect
TXN-000492,SE,2026-04,2026-04-11,WLF-1020,sup-velora,Glasurit (BASF),P3 particulate filters,psa,180,piece,16.54,2977.2,SEK,33940.08,synthetic-spend-SE.csv,False,indirect
TXN-000493,SE,2026-05,2026-05-15,WLF-1020,sup-velora,Glasurit (BASF),P3 particulate filters,psa,65,piece,16.54,1075.1,SEK,12256.14,synthetic-spend-SE.csv,False,indirect
TXN-000494,SE,2026-06,2026-06-07,WLF-1020,sup-velora,Glasurit (BASF),P3 particulate filters,psa,129,piece,16.54,2133.66,SEK,24323.72,synthetic-spend-SE.csv,False,indirect
TXN-000495,SE,2026-07,2026-07-24,WLF-1020,sup-velora,Glasurit (BASF),P3 particulate filters,psa,153,piece,16.54,2530.62,SEK,28849.07,synthetic-spend-SE.csv,False,indirect
TXN-000496,SE,2026-08,2026-08-24,WLF-1020,sup-velora,Glasurit (BASF),P3 particulate filters,psa,66,piece,16.54,1091.64,SEK,12444.7,synthetic-spend-SE.csv,False,indirect
TXN-000497,SE,2026-01,2026-01-07,WLF-1021,sup-lumen,Finixa,Electric random orbital sander 150 mm,werkstatt,147,piece,18.22,2678.34,SEK,30533.08,synthetic-spend-SE.csv,False,direct
TXN-000498,SE,2026-02,2026-02-24,WLF-1021,sup-lumen,Finixa,Electric random orbital sander 150 mm,werkstatt,200,piece,18.22,3644.0,SEK,41541.6,synthetic-spend-SE.csv,False,direct
TXN-000499,SE,2026-03,2026-03-19,WLF-1021,sup-lumen,Finixa,Electric random orbital sander 150 mm,werkstatt,110,piece,18.22,2004.2,SEK,22847.88,synthetic-spend-SE.csv,False,direct
TXN-000500,SE,2026-04,2026-04-12,WLF-1021,sup-lumen,Finixa,Electric random orbital sander 150 mm,werkstatt,144,piece,18.22,2623.68,SEK,29909.95,synthetic-spend-SE.csv,False,direct
TXN-000501,SE,2026-05,2026-05-10,WLF-1021,sup-lumen,Finixa,Electric random orbital sander 150 mm,werkstatt,37,piece,18.22,674.14,SEK,7685.2,synthetic-spend-SE.csv,False,direct
TXN-000502,SE,2026-06,2026-06-18,WLF-1021,sup-lumen,Finixa,Electric random orbital sander 150 mm,werkstatt,238,piece,18.22,4336.36,SEK,49434.5,synthetic-spend-SE.csv,False,direct
TXN-000503,SE,2026-07,2026-07-18,WLF-1021,sup-lumen,Finixa,Electric random orbital sander 150 mm,werkstatt,276,piece,18.22,5028.72,SEK,57327.41,synthetic-spend-SE.csv,False,direct
TXN-000504,SE,2026-08,2026-08-05,WLF-1021,sup-lumen,Finixa,Electric random orbital sander 150 mm,werkstatt,202,piece,18.22,3680.44,SEK,41957.02,synthetic-spend-SE.csv,False,direct
TXN-000505,FR,2026-01,2026-01-01,WLF-1001,sup-novex,Mirka,Graduated mixing cup,lack,118,piece,20.98,2475.64,EUR,2475.64,synthetic-spend-FR.csv,True,indirect
TXN-000506,FR,2026-02,2026-02-21,WLF-1001,sup-novex,Mirka,Graduated mixing cup,lack,24,piece,20.98,503.52,EUR,503.52,synthetic-spend-FR.csv,True,indirect
TXN-000507,FR,2026-03,2026-03-06,WLF-1001,sup-novex,Mirka,Graduated mixing cup,lack,138,piece,20.98,2895.24,EUR,2895.24,synthetic-spend-FR.csv,True,indirect
TXN-000508,FR,2026-04,2026-04-06,WLF-1001,sup-novex,Mirka,Graduated mixing cup,lack,310,piece,20.98,6503.8,EUR,6503.8,synthetic-spend-FR.csv,True,indirect
TXN-000509,FR,2026-05,2026-05-05,WLF-1001,sup-novex,Mirka,Graduated mixing cup,lack,136,piece,20.98,2853.28,EUR,2853.28,synthetic-spend-FR.csv,True,indirect
TXN-000510,FR,2026-06,2026-06-11,WLF-1001,sup-novex,Mirka,Graduated mixing cup,lack,277,piece,20.98,5811.46,EUR,5811.46,synthetic-spend-FR.csv,True,indirect
TXN-000511,FR,2026-07,2026-07-13,WLF-1001,sup-novex,Mirka,Graduated mixing cup,lack,123,piece,20.98,2580.54,EUR,2580.54,synthetic-spend-FR.csv,True,indirect
TXN-000512,FR,2026-08,2026-08-13,WLF-1001,sup-novex,Mirka,Graduated mixing cup,lack,96,piece,20.98,2014.08,EUR,2014.08,synthetic-spend-FR.csv,True,indirect
TXN-000513,FR,2026-01,2026-01-23,WLF-1002,sup-arcus,SATA,"Sanding discs 150 mm, coarse",schleif,41,piece,101.54,4163.14,EUR,4163.14,synthetic-spend-FR.csv,True,direct
TXN-000514,FR,2026-02,2026-02-23,WLF-1002,sup-arcus,SATA,"Sanding discs 150 mm, coarse",schleif,42,piece,101.54,4264.68,EUR,4264.68,synthetic-spend-FR.csv,True,direct
TXN-000515,FR,2026-03,2026-03-06,WLF-1002,sup-arcus,SATA,"Sanding discs 150 mm, coarse",schleif,74,piece,101.54,7513.96,EUR,7513.96,synthetic-spend-FR.csv,True,direct
TXN-000516,FR,2026-04,2026-04-21,WLF-1002,sup-arcus,SATA,"Sanding discs 150 mm, coarse",schleif,263,piece,101.54,26705.02,EUR,26705.02,synthetic-spend-FR.csv,True,direct
TXN-000517,FR,2026-05,2026-05-01,WLF-1002,sup-arcus,SATA,"Sanding discs 150 mm, coarse",schleif,206,piece,101.54,20917.24,EUR,20917.24,synthetic-spend-FR.csv,True,direct
TXN-000518,FR,2026-06,2026-06-15,WLF-1002,sup-arcus,SATA,"Sanding discs 150 mm, coarse",schleif,172,piece,101.54,17464.88,EUR,17464.88,synthetic-spend-FR.csv,True,direct
TXN-000519,FR,2026-07,2026-07-21,WLF-1002,sup-arcus,SATA,"Sanding discs 150 mm, coarse",schleif,255,piece,101.54,25892.7,EUR,25892.7,synthetic-spend-FR.csv,True,direct
TXN-000520,FR,2026-08,2026-08-23,WLF-1002,sup-arcus,SATA,"Sanding discs 150 mm, coarse",schleif,254,piece,101.54,25791.16,EUR,25791.16,synthetic-spend-FR.csv,True,direct
TXN-000521,FR,2026-01,2026-01-20,WLF-1003,sup-cobalt,tesa,Standard masking tape,kleb,60,piece,13.52,811.2,EUR,811.2,synthetic-spend-FR.csv,True,direct
TXN-000522,FR,2026-02,2026-02-09,WLF-1003,sup-cobalt,tesa,Standard masking tape,kleb,293,piece,13.52,3961.36,EUR,3961.36,synthetic-spend-FR.csv,True,direct
TXN-000523,FR,2026-03,2026-03-02,WLF-1003,sup-cobalt,tesa,Standard masking tape,kleb,139,piece,13.52,1879.28,EUR,1879.28,synthetic-spend-FR.csv,True,direct
TXN-000524,FR,2026-04,2026-04-10,WLF-1003,sup-cobalt,tesa,Standard masking tape,kleb,307,piece,13.52,4150.64,EUR,4150.64,synthetic-spend-FR.csv,True,direct
TXN-000525,FR,2026-05,2026-05-07,WLF-1003,sup-cobalt,tesa,Standard masking tape,kleb,173,piece,13.52,2338.96,EUR,2338.96,synthetic-spend-FR.csv,True,direct
TXN-000526,FR,2026-06,2026-06-12,WLF-1003,sup-cobalt,tesa,Standard masking tape,kleb,260,piece,13.52,3515.2,EUR,3515.2,synthetic-spend-FR.csv,True,direct
TXN-000527,FR,2026-07,2026-07-10,WLF-1003,sup-cobalt,tesa,Standard masking tape,kleb,316,piece,13.52,4272.32,EUR,4272.32,synthetic-spend-FR.csv,True,direct
TXN-000528,FR,2026-08,2026-08-22,WLF-1003,sup-cobalt,tesa,Standard masking tape,kleb,310,piece,13.52,4191.2,EUR,4191.2,synthetic-spend-FR.csv,True,direct
TXN-000529,FR,2026-01,2026-01-26,WLF-1004,sup-solis,PPG / Nexa,Cutting compound (coarse/medium),polier,131,piece,21.36,2798.16,EUR,2798.16,synthetic-spend-FR.csv,True,indirect
TXN-000530,FR,2026-02,2026-02-06,WLF-1004,sup-solis,PPG / Nexa,Cutting compound (coarse/medium),polier,220,piece,21.36,4699.2,EUR,4699.2,synthetic-spend-FR.csv,True,indirect
TXN-000531,FR,2026-03,2026-03-06,WLF-1004,sup-solis,PPG / Nexa,Cutting compound (coarse/medium),polier,108,piece,21.36,2306.88,EUR,2306.88,synthetic-spend-FR.csv,True,indirect
TXN-000532,FR,2026-04,2026-04-13,WLF-1004,sup-solis,PPG / Nexa,Cutting compound (coarse/medium),polier,261,piece,21.36,5574.96,EUR,5574.96,synthetic-spend-FR.csv,True,indirect
TXN-000533,FR,2026-05,2026-05-06,WLF-1004,sup-solis,PPG / Nexa,Cutting compound (coarse/medium),polier,36,piece,21.36,768.96,EUR,768.96,synthetic-spend-FR.csv,True,indirect
TXN-000534,FR,2026-06,2026-06-18,WLF-1004,sup-solis,PPG / Nexa,Cutting compound (coarse/medium),polier,62,piece,21.36,1324.32,EUR,1324.32,synthetic-spend-FR.csv,True,indirect
TXN-000535,FR,2026-07,2026-07-10,WLF-1004,sup-solis,PPG / Nexa,Cutting compound (coarse/medium),polier,183,piece,21.36,3908.88,EUR,3908.88,synthetic-spend-FR.csv,True,indirect
TXN-000536,FR,2026-08,2026-08-28,WLF-1004,sup-solis,PPG / Nexa,Cutting compound (coarse/medium),polier,88,piece,21.36,1879.68,EUR,1879.68,synthetic-spend-FR.csv,True,indirect
TXN-000537,FR,2026-01,2026-01-12,WLF-1005,sup-orbit,Würth,Solvent-based silicone remover,kabine,46,piece,41.84,1924.64,EUR,1924.64,synthetic-spend-FR.csv,True,direct
TXN-000538,FR,2026-02,2026-02-18,WLF-1005,sup-orbit,Würth,Solvent-based silicone remover,kabine,42,piece,41.84,1757.28,EUR,1757.28,synthetic-spend-FR.csv,True,direct
TXN-000539,FR,2026-03,2026-03-24,WLF-1005,sup-orbit,Würth,Solvent-based silicone remover,kabine,38,piece,41.84,1589.92,EUR,1589.92,synthetic-spend-FR.csv,True,direct
TXN-000540,FR,2026-04,2026-04-11,WLF-1005,sup-orbit,Würth,Solvent-based silicone remover,kabine,252,piece,41.84,10543.68,EUR,10543.68,synthetic-spend-FR.csv,True,direct
TXN-000541,FR,2026-05,2026-05-19,WLF-1005,sup-orbit,Würth,Solvent-based silicone remover,kabine,288,piece,41.84,12049.92,EUR,12049.92,synthetic-spend-FR.csv,True,direct
TXN-000542,FR,2026-06,2026-06-21,WLF-1005,sup-orbit,Würth,Solvent-based silicone remover,kabine,156,piece,41.84,6527.04,EUR,6527.04,synthetic-spend-FR.csv,True,direct
TXN-000543,FR,2026-07,2026-07-23,WLF-1005,sup-orbit,Würth,Solvent-based silicone remover,kabine,170,piece,41.84,7112.8,EUR,7112.8,synthetic-spend-FR.csv,True,direct
TXN-000544,FR,2026-08,2026-08-21,WLF-1005,sup-orbit,Würth,Solvent-based silicone remover,kabine,310,piece,41.84,12970.4,EUR,12970.4,synthetic-spend-FR.csv,True,direct
TXN-000545,FR,2026-01,2026-01-11,WLF-1006,sup-helio,Kovax,Half mask / spray-painting respirator,psa,124,piece,25.58,3171.92,EUR,3171.92,synthetic-spend-FR.csv,True,direct
TXN-000546,FR,2026-02,2026-02-03,WLF-1006,sup-helio,Kovax,Half mask / spray-painting respirator,psa,107,piece,25.58,2737.06,EUR,2737.06,synthetic-spend-FR.csv,True,direct
TXN-000547,FR,2026-03,2026-03-24,WLF-1006,sup-helio,Kovax,Half mask / spray-painting respirator,psa,199,piece,25.58,5090.42,EUR,5090.42,synthetic-spend-FR.csv,True,direct
TXN-000548,FR,2026-04,2026-04-22,WLF-1006,sup-helio,Kovax,Half mask / spray-painting respirator,psa,206,piece,25.58,5269.48,EUR,5269.48,synthetic-spend-FR.csv,True,direct
TXN-000549,FR,2026-05,2026-05-02,WLF-1006,sup-helio,Kovax,Half mask / spray-painting respirator,psa,244,piece,25.58,6241.52,EUR,6241.52,synthetic-spend-FR.csv,True,direct
TXN-000550,FR,2026-06,2026-06-22,WLF-1006,sup-helio,Kovax,Half mask / spray-painting respirator,psa,290,piece,25.58,7418.2,EUR,7418.2,synthetic-spend-FR.csv,True,direct
TXN-000551,FR,2026-07,2026-07-14,WLF-1006,sup-helio,Kovax,Half mask / spray-painting respirator,psa,154,piece,25.58,3939.32,EUR,3939.32,synthetic-spend-FR.csv,True,direct
TXN-000552,FR,2026-08,2026-08-28,WLF-1006,sup-helio,Kovax,Half mask / spray-painting respirator,psa,63,piece,25.58,1611.54,EUR,1611.54,synthetic-spend-FR.csv,True,direct
TXN-000553,FR,2026-01,2026-01-28,WLF-1007,sup-vanta,Starcke,"Random orbital sander 150 mm, 5 mm orbit",werkstatt,106,piece,40.91,4336.46,EUR,4336.46,synthetic-spend-FR.csv,True,indirect
TXN-000554,FR,2026-02,2026-02-24,WLF-1007,sup-vanta,Starcke,"Random orbital sander 150 mm, 5 mm orbit",werkstatt,114,piece,40.91,4663.74,EUR,4663.74,synthetic-spend-FR.csv,True,indirect
TXN-000555,FR,2026-03,2026-03-01,WLF-1007,sup-vanta,Starcke,"Random orbital sander 150 mm, 5 mm orbit",werkstatt,86,piece,40.91,3518.26,EUR,3518.26,synthetic-spend-FR.csv,True,indirect
TXN-000556,FR,2026-04,2026-04-20,WLF-1007,sup-vanta,Starcke,"Random orbital sander 150 mm, 5 mm orbit",werkstatt,239,piece,40.91,9777.49,EUR,9777.49,synthetic-spend-FR.csv,True,indirect
TXN-000557,FR,2026-05,2026-05-05,WLF-1007,sup-vanta,Starcke,"Random orbital sander 150 mm, 5 mm orbit",werkstatt,330,piece,40.91,13500.3,EUR,13500.3,synthetic-spend-FR.csv,True,indirect
TXN-000558,FR,2026-06,2026-06-15,WLF-1007,sup-vanta,Starcke,"Random orbital sander 150 mm, 5 mm orbit",werkstatt,70,piece,40.91,2863.7,EUR,2863.7,synthetic-spend-FR.csv,True,indirect
TXN-000559,FR,2026-07,2026-07-18,WLF-1007,sup-vanta,Starcke,"Random orbital sander 150 mm, 5 mm orbit",werkstatt,314,piece,40.91,12845.74,EUR,12845.74,synthetic-spend-FR.csv,True,indirect
TXN-000560,FR,2026-08,2026-08-15,WLF-1007,sup-vanta,Starcke,"Random orbital sander 150 mm, 5 mm orbit",werkstatt,323,piece,40.91,13213.93,EUR,13213.93,synthetic-spend-FR.csv,True,indirect
TXN-000561,FR,2026-01,2026-01-10,WLF-1008,sup-aster,3M,Paint cup for compressed-air spray gun,lack,226,piece,50.16,11336.16,EUR,11336.16,synthetic-spend-FR.csv,True,direct
TXN-000562,FR,2026-02,2026-02-25,WLF-1008,sup-aster,3M,Paint cup for compressed-air spray gun,lack,174,piece,50.16,8727.84,EUR,8727.84,synthetic-spend-FR.csv,True,direct
TXN-000563,FR,2026-03,2026-03-25,WLF-1008,sup-aster,3M,Paint cup for compressed-air spray gun,lack,71,piece,50.16,3561.36,EUR,3561.36,synthetic-spend-FR.csv,True,direct
TXN-000564,FR,2026-04,2026-04-14,WLF-1008,sup-aster,3M,Paint cup for compressed-air spray gun,lack,176,piece,50.16,8828.16,EUR,8828.16,synthetic-spend-FR.csv,True,direct
TXN-000565,FR,2026-05,2026-05-25,WLF-1008,sup-aster,3M,Paint cup for compressed-air spray gun,lack,181,piece,50.16,9078.96,EUR,9078.96,synthetic-spend-FR.csv,True,direct
TXN-000566,FR,2026-06,2026-06-16,WLF-1008,sup-aster,3M,Paint cup for compressed-air spray gun,lack,312,piece,50.16,15649.92,EUR,15649.92,synthetic-spend-FR.csv,True,direct
TXN-000567,FR,2026-07,2026-07-20,WLF-1008,sup-aster,3M,Paint cup for compressed-air spray gun,lack,122,piece,50.16,6119.52,EUR,6119.52,synthetic-spend-FR.csv,True,direct
TXN-000568,FR,2026-08,2026-08-02,WLF-1008,sup-aster,3M,Paint cup for compressed-air spray gun,lack,122,piece,50.16,6119.52,EUR,6119.52,synthetic-spend-FR.csv,True,direct
TXN-000569,FR,2026-01,2026-01-06,WLF-1009,sup-velora,Glasurit (BASF),"Sanding discs 150 mm, intermediate",schleif,272,piece,65.79,17894.88,EUR,17894.88,synthetic-spend-FR.csv,True,direct
TXN-000570,FR,2026-02,2026-02-06,WLF-1009,sup-velora,Glasurit (BASF),"Sanding discs 150 mm, intermediate",schleif,161,piece,65.79,10592.19,EUR,10592.19,synthetic-spend-FR.csv,True,direct
TXN-000571,FR,2026-03,2026-03-26,WLF-1009,sup-velora,Glasurit (BASF),"Sanding discs 150 mm, intermediate",schleif,287,piece,65.79,18881.73,EUR,18881.73,synthetic-spend-FR.csv,True,direct
TXN-000572,FR,2026-04,2026-04-02,WLF-1009,sup-velora,Glasurit (BASF),"Sanding discs 150 mm, intermediate",schleif,186,piece,65.79,12236.94,EUR,12236.94,synthetic-spend-FR.csv,True,direct
TXN-000573,FR,2026-05,2026-05-16,WLF-1009,sup-velora,Glasurit (BASF),"Sanding discs 150 mm, intermediate",schleif,64,piece,65.79,4210.56,EUR,4210.56,synthetic-spend-FR.csv,True,direct
TXN-000574,FR,2026-06,2026-06-28,WLF-1009,sup-velora,Glasurit (BASF),"Sanding discs 150 mm, intermediate",schleif,212,piece,65.79,13947.48,EUR,13947.48,synthetic-spend-FR.csv,True,direct
TXN-000575,FR,2026-07,2026-07-10,WLF-1009,sup-velora,Glasurit (BASF),"Sanding discs 150 mm, intermediate",schleif,262,piece,65.79,17236.98,EUR,17236.98,synthetic-spend-FR.csv,True,direct
TXN-000576,FR,2026-08,2026-08-28,WLF-1009,sup-velora,Glasurit (BASF),"Sanding discs 150 mm, intermediate",schleif,82,piece,65.79,5394.78,EUR,5394.78,synthetic-spend-FR.csv,True,direct
TXN-000577,FR,2026-01,2026-01-25,WLF-1010,sup-lumen,Finixa,Fine-line tape,kleb,305,piece,24.42,7448.1,EUR,7448.1,synthetic-spend-FR.csv,True,indirect
TXN-000578,FR,2026-02,2026-02-09,WLF-1010,sup-lumen,Finixa,Fine-line tape,kleb,287,piece,24.42,7008.54,EUR,7008.54,synthetic-spend-FR.csv,True,indirect
TXN-000579,FR,2026-03,2026-03-09,WLF-1010,sup-lumen,Finixa,Fine-line tape,kleb,89,piece,24.42,2173.38,EUR,2173.38,synthetic-spend-FR.csv,True,indirect
TXN-000580,FR,2026-04,2026-04-24,WLF-1010,sup-lumen,Finixa,Fine-line tape,kleb,104,piece,24.42,2539.68,EUR,2539.68,synthetic-spend-FR.csv,True,indirect
TXN-000581,FR,2026-05,2026-05-21,WLF-1010,sup-lumen,Finixa,Fine-line tape,kleb,181,piece,24.42,4420.02,EUR,4420.02,synthetic-spend-FR.csv,True,indirect
TXN-000582,FR,2026-06,2026-06-07,WLF-1010,sup-lumen,Finixa,Fine-line tape,kleb,150,piece,24.42,3663.0,EUR,3663.0,synthetic-spend-FR.csv,True,indirect
TXN-000583,FR,2026-07,2026-07-18,WLF-1010,sup-lumen,Finixa,Fine-line tape,kleb,314,piece,24.42,7667.88,EUR,7667.88,synthetic-spend-FR.csv,True,indirect
TXN-000584,FR,2026-08,2026-08-03,WLF-1010,sup-lumen,Finixa,Fine-line tape,kleb,84,piece,24.42,2051.28,EUR,2051.28,synthetic-spend-FR.csv,True,indirect
TXN-000585,FR,2026-01,2026-01-17,WLF-1011,sup-novex,Mirka,Polish (fine / anti-hologram),polier,30,piece,12.95,388.5,EUR,388.5,synthetic-spend-FR.csv,True,direct
TXN-000586,FR,2026-02,2026-02-07,WLF-1011,sup-novex,Mirka,Polish (fine / anti-hologram),polier,233,piece,12.95,3017.35,EUR,3017.35,synthetic-spend-FR.csv,True,direct
TXN-000587,FR,2026-03,2026-03-06,WLF-1011,sup-novex,Mirka,Polish (fine / anti-hologram),polier,33,piece,12.95,427.35,EUR,427.35,synthetic-spend-FR.csv,True,direct
TXN-000588,FR,2026-04,2026-04-17,WLF-1011,sup-novex,Mirka,Polish (fine / anti-hologram),polier,257,piece,12.95,3328.15,EUR,3328.15,synthetic-spend-FR.csv,True,direct
TXN-000589,FR,2026-05,2026-05-20,WLF-1011,sup-novex,Mirka,Polish (fine / anti-hologram),polier,133,piece,12.95,1722.35,EUR,1722.35,synthetic-spend-FR.csv,True,direct
TXN-000590,FR,2026-06,2026-06-15,WLF-1011,sup-novex,Mirka,Polish (fine / anti-hologram),polier,161,piece,12.95,2084.95,EUR,2084.95,synthetic-spend-FR.csv,True,direct
TXN-000591,FR,2026-07,2026-07-11,WLF-1011,sup-novex,Mirka,Polish (fine / anti-hologram),polier,163,piece,12.95,2110.85,EUR,2110.85,synthetic-spend-FR.csv,True,direct
TXN-000592,FR,2026-08,2026-08-07,WLF-1011,sup-novex,Mirka,Polish (fine / anti-hologram),polier,238,piece,12.95,3082.1,EUR,3082.1,synthetic-spend-FR.csv,True,direct
TXN-000593,FR,2026-01,2026-01-13,WLF-1012,sup-arcus,SATA,Water-based silicone remover,kabine,217,piece,29.39,6377.63,EUR,6377.63,synthetic-spend-FR.csv,True,direct
TXN-000594,FR,2026-02,2026-02-12,WLF-1012,sup-arcus,SATA,Water-based silicone remover,kabine,59,piece,29.39,1734.01,EUR,1734.01,synthetic-spend-FR.csv,True,direct
TXN-000595,FR,2026-03,2026-03-19,WLF-1012,sup-arcus,SATA,Water-based silicone remover,kabine,76,piece,29.39,2233.64,EUR,2233.64,synthetic-spend-FR.csv,True,direct
TXN-000596,FR,2026-04,2026-04-13,WLF-1012,sup-arcus,SATA,Water-based silicone remover,kabine,62,piece,29.39,1822.18,EUR,1822.18,synthetic-spend-FR.csv,True,direct
TXN-000597,FR,2026-05,2026-05-17,WLF-1012,sup-arcus,SATA,Water-based silicone remover,kabine,153,piece,29.39,4496.67,EUR,4496.67,synthetic-spend-FR.csv,True,direct
TXN-000598,FR,2026-06,2026-06-24,WLF-1012,sup-arcus,SATA,Water-based silicone remover,kabine,146,piece,29.39,4290.94,EUR,4290.94,synthetic-spend-FR.csv,True,direct
TXN-000599,FR,2026-07,2026-07-21,WLF-1012,sup-arcus,SATA,Water-based silicone remover,kabine,41,piece,29.39,1204.99,EUR,1204.99,synthetic-spend-FR.csv,True,direct
TXN-000600,FR,2026-08,2026-08-15,WLF-1012,sup-arcus,SATA,Water-based silicone remover,kabine,169,piece,29.39,4966.91,EUR,4966.91,synthetic-spend-FR.csv,True,direct
TXN-000601,FR,2026-01,2026-01-07,WLF-1013,sup-cobalt,tesa,A2 filter cartridges,psa,162,piece,5.97,967.14,EUR,967.14,synthetic-spend-FR.csv,True,indirect
TXN-000602,FR,2026-02,2026-02-25,WLF-1013,sup-cobalt,tesa,A2 filter cartridges,psa,145,piece,5.97,865.65,EUR,865.65,synthetic-spend-FR.csv,True,indirect
TXN-000603,FR,2026-03,2026-03-20,WLF-1013,sup-cobalt,tesa,A2 filter cartridges,psa,245,piece,5.97,1462.65,EUR,1462.65,synthetic-spend-FR.csv,True,indirect
TXN-000604,FR,2026-04,2026-04-21,WLF-1013,sup-cobalt,tesa,A2 filter cartridges,psa,64,piece,5.97,382.08,EUR,382.08,synthetic-spend-FR.csv,True,indirect
TXN-000605,FR,2026-05,2026-05-24,WLF-1013,sup-cobalt,tesa,A2 filter cartridges,psa,262,piece,5.97,1564.14,EUR,1564.14,synthetic-spend-FR.csv,True,indirect
TXN-000606,FR,2026-06,2026-06-03,WLF-1013,sup-cobalt,tesa,A2 filter cartridges,psa,315,piece,5.97,1880.55,EUR,1880.55,synthetic-spend-FR.csv,True,indirect
TXN-000607,FR,2026-07,2026-07-15,WLF-1013,sup-cobalt,tesa,A2 filter cartridges,psa,157,piece,5.97,937.29,EUR,937.29,synthetic-spend-FR.csv,True,indirect
TXN-000608,FR,2026-08,2026-08-23,WLF-1013,sup-cobalt,tesa,A2 filter cartridges,psa,318,piece,5.97,1898.46,EUR,1898.46,synthetic-spend-FR.csv,True,indirect
TXN-000609,FR,2026-01,2026-01-11,WLF-1014,sup-solis,PPG / Nexa,Random orbital sander 77 mm,werkstatt,71,piece,39.17,2781.07,EUR,2781.07,synthetic-spend-FR.csv,True,direct
TXN-000610,FR,2026-02,2026-02-13,WLF-1014,sup-solis,PPG / Nexa,Random orbital sander 77 mm,werkstatt,154,piece,39.17,6032.18,EUR,6032.18,synthetic-spend-FR.csv,True,direct
TXN-000611,FR,2026-03,2026-03-03,WLF-1014,sup-solis,PPG / Nexa,Random orbital sander 77 mm,werkstatt,50,piece,39.17,1958.5,EUR,1958.5,synthetic-spend-FR.csv,True,direct
TXN-000612,FR,2026-04,2026-04-09,WLF-1014,sup-solis,PPG / Nexa,Random orbital sander 77 mm,werkstatt,88,piece,39.17,3446.96,EUR,3446.96,synthetic-spend-FR.csv,True,direct
TXN-000613,FR,2026-05,2026-05-09,WLF-1014,sup-solis,PPG / Nexa,Random orbital sander 77 mm,werkstatt,153,piece,39.17,5993.01,EUR,5993.01,synthetic-spend-FR.csv,True,direct
TXN-000614,FR,2026-06,2026-06-17,WLF-1014,sup-solis,PPG / Nexa,Random orbital sander 77 mm,werkstatt,245,piece,39.17,9596.65,EUR,9596.65,synthetic-spend-FR.csv,True,direct
TXN-000615,FR,2026-07,2026-07-02,WLF-1014,sup-solis,PPG / Nexa,Random orbital sander 77 mm,werkstatt,223,piece,39.17,8734.91,EUR,8734.91,synthetic-spend-FR.csv,True,direct
TXN-000616,FR,2026-08,2026-08-14,WLF-1014,sup-solis,PPG / Nexa,Random orbital sander 77 mm,werkstatt,270,piece,39.17,10575.9,EUR,10575.9,synthetic-spend-FR.csv,True,direct
TXN-000617,FR,2026-01,2026-01-14,WLF-1015,sup-orbit,Würth,Paint strainers 125 µ / 200 µ,lack,298,piece,70.0,20860.0,EUR,20860.0,synthetic-spend-FR.csv,True,direct
TXN-000618,FR,2026-02,2026-02-04,WLF-1015,sup-orbit,Würth,Paint strainers 125 µ / 200 µ,lack,68,piece,70.0,4760.0,EUR,4760.0,synthetic-spend-FR.csv,True,direct
TXN-000619,FR,2026-03,2026-03-28,WLF-1015,sup-orbit,Würth,Paint strainers 125 µ / 200 µ,lack,108,piece,70.0,7560.0,EUR,7560.0,synthetic-spend-FR.csv,True,direct
TXN-000620,FR,2026-04,2026-04-08,WLF-1015,sup-orbit,Würth,Paint strainers 125 µ / 200 µ,lack,166,piece,70.0,11620.0,EUR,11620.0,synthetic-spend-FR.csv,True,direct
TXN-000621,FR,2026-05,2026-05-09,WLF-1015,sup-orbit,Würth,Paint strainers 125 µ / 200 µ,lack,27,piece,70.0,1890.0,EUR,1890.0,synthetic-spend-FR.csv,True,direct
TXN-000622,FR,2026-06,2026-06-08,WLF-1015,sup-orbit,Würth,Paint strainers 125 µ / 200 µ,lack,43,piece,70.0,3010.0,EUR,3010.0,synthetic-spend-FR.csv,True,direct
TXN-000623,FR,2026-07,2026-07-15,WLF-1015,sup-orbit,Würth,Paint strainers 125 µ / 200 µ,lack,251,piece,70.0,17570.0,EUR,17570.0,synthetic-spend-FR.csv,True,direct
TXN-000624,FR,2026-08,2026-08-02,WLF-1015,sup-orbit,Würth,Paint strainers 125 µ / 200 µ,lack,237,piece,70.0,16590.0,EUR,16590.0,synthetic-spend-FR.csv,True,direct
TXN-000625,FR,2026-01,2026-01-14,WLF-1016,sup-helio,Kovax,"Sanding discs 150 mm, fine",schleif,318,piece,52.95,16838.1,EUR,16838.1,synthetic-spend-FR.csv,True,indirect
TXN-000626,FR,2026-02,2026-02-16,WLF-1016,sup-helio,Kovax,"Sanding discs 150 mm, fine",schleif,72,piece,52.95,3812.4,EUR,3812.4,synthetic-spend-FR.csv,True,indirect
TXN-000627,FR,2026-03,2026-03-12,WLF-1016,sup-helio,Kovax,"Sanding discs 150 mm, fine",schleif,279,piece,52.95,14773.05,EUR,14773.05,synthetic-spend-FR.csv,True,indirect
TXN-000628,FR,2026-04,2026-04-04,WLF-1016,sup-helio,Kovax,"Sanding discs 150 mm, fine",schleif,142,piece,52.95,7518.9,EUR,7518.9,synthetic-spend-FR.csv,True,indirect
TXN-000629,FR,2026-05,2026-05-07,WLF-1016,sup-helio,Kovax,"Sanding discs 150 mm, fine",schleif,177,piece,52.95,9372.15,EUR,9372.15,synthetic-spend-FR.csv,True,indirect
TXN-000630,FR,2026-06,2026-06-19,WLF-1016,sup-helio,Kovax,"Sanding discs 150 mm, fine",schleif,297,piece,52.95,15726.15,EUR,15726.15,synthetic-spend-FR.csv,True,indirect
TXN-000631,FR,2026-07,2026-07-14,WLF-1016,sup-helio,Kovax,"Sanding discs 150 mm, fine",schleif,99,piece,52.95,5242.05,EUR,5242.05,synthetic-spend-FR.csv,True,indirect
TXN-000632,FR,2026-08,2026-08-07,WLF-1016,sup-helio,Kovax,"Sanding discs 150 mm, fine",schleif,194,piece,52.95,10272.3,EUR,10272.3,synthetic-spend-FR.csv,True,indirect
TXN-000633,FR,2026-01,2026-01-26,WLF-1017,sup-vanta,Starcke,Contour tape,kleb,261,piece,23.54,6143.94,EUR,6143.94,synthetic-spend-FR.csv,False,direct
TXN-000634,FR,2026-02,2026-02-01,WLF-1017,sup-vanta,Starcke,Contour tape,kleb,147,piece,23.54,3460.38,EUR,3460.38,synthetic-spend-FR.csv,False,direct
TXN-000635,FR,2026-03,2026-03-16,WLF-1017,sup-vanta,Starcke,Contour tape,kleb,162,piece,23.54,3813.48,EUR,3813.48,synthetic-spend-FR.csv,False,direct
TXN-000636,FR,2026-04,2026-04-10,WLF-1017,sup-vanta,Starcke,Contour tape,kleb,244,piece,23.54,5743.76,EUR,5743.76,synthetic-spend-FR.csv,False,direct
TXN-000637,FR,2026-05,2026-05-12,WLF-1017,sup-vanta,Starcke,Contour tape,kleb,70,piece,23.54,1647.8,EUR,1647.8,synthetic-spend-FR.csv,False,direct
TXN-000638,FR,2026-06,2026-06-24,WLF-1017,sup-vanta,Starcke,Contour tape,kleb,150,piece,23.54,3531.0,EUR,3531.0,synthetic-spend-FR.csv,False,direct
TXN-000639,FR,2026-07,2026-07-03,WLF-1017,sup-vanta,Starcke,Contour tape,kleb,120,piece,23.54,2824.8,EUR,2824.8,synthetic-spend-FR.csv,False,direct
TXN-000640,FR,2026-08,2026-08-03,WLF-1017,sup-vanta,Starcke,Contour tape,kleb,227,piece,23.54,5343.58,EUR,5343.58,synthetic-spend-FR.csv,False,direct
TXN-000641,FR,2026-01,2026-01-05,WLF-1018,sup-aster,3M,One-step cutting and polishing compound,polier,33,piece,45.62,1505.46,EUR,1505.46,synthetic-spend-FR.csv,False,direct
TXN-000642,FR,2026-02,2026-02-26,WLF-1018,sup-aster,3M,One-step cutting and polishing compound,polier,293,piece,45.62,13366.66,EUR,13366.66,synthetic-spend-FR.csv,False,direct
TXN-000643,FR,2026-03,2026-03-17,WLF-1018,sup-aster,3M,One-step cutting and polishing compound,polier,124,piece,45.62,5656.88,EUR,5656.88,synthetic-spend-FR.csv,False,direct
TXN-000644,FR,2026-04,2026-04-15,WLF-1018,sup-aster,3M,One-step cutting and polishing compound,polier,297,piece,45.62,13549.14,EUR,13549.14,synthetic-spend-FR.csv,False,direct
TXN-000645,FR,2026-05,2026-05-02,WLF-1018,sup-aster,3M,One-step cutting and polishing compound,polier,29,piece,45.62,1322.98,EUR,1322.98,synthetic-spend-FR.csv,False,direct
TXN-000646,FR,2026-06,2026-06-08,WLF-1018,sup-aster,3M,One-step cutting and polishing compound,polier,220,piece,45.62,10036.4,EUR,10036.4,synthetic-spend-FR.csv,False,direct
TXN-000647,FR,2026-07,2026-07-27,WLF-1018,sup-aster,3M,One-step cutting and polishing compound,polier,310,piece,45.62,14142.2,EUR,14142.2,synthetic-spend-FR.csv,False,direct
TXN-000648,FR,2026-08,2026-08-15,WLF-1018,sup-aster,3M,One-step cutting and polishing compound,polier,256,piece,45.62,11678.72,EUR,11678.72,synthetic-spend-FR.csv,False,direct
TXN-000649,FR,2026-01,2026-01-04,WLF-1019,sup-velora,Glasurit (BASF),Pre-saturated cleaning wipes,kabine,46,piece,75.0,3450.0,EUR,3450.0,synthetic-spend-FR.csv,False,indirect
TXN-000650,FR,2026-02,2026-02-15,WLF-1019,sup-velora,Glasurit (BASF),Pre-saturated cleaning wipes,kabine,147,piece,75.0,11025.0,EUR,11025.0,synthetic-spend-FR.csv,False,indirect
TXN-000651,FR,2026-03,2026-03-13,WLF-1019,sup-velora,Glasurit (BASF),Pre-saturated cleaning wipes,kabine,95,piece,75.0,7125.0,EUR,7125.0,synthetic-spend-FR.csv,False,indirect
TXN-000652,FR,2026-04,2026-04-20,WLF-1019,sup-velora,Glasurit (BASF),Pre-saturated cleaning wipes,kabine,266,piece,75.0,19950.0,EUR,19950.0,synthetic-spend-FR.csv,False,indirect
TXN-000653,FR,2026-05,2026-05-05,WLF-1019,sup-velora,Glasurit (BASF),Pre-saturated cleaning wipes,kabine,234,piece,75.0,17550.0,EUR,17550.0,synthetic-spend-FR.csv,False,indirect
TXN-000654,FR,2026-06,2026-06-09,WLF-1019,sup-velora,Glasurit (BASF),Pre-saturated cleaning wipes,kabine,39,piece,75.0,2925.0,EUR,2925.0,synthetic-spend-FR.csv,False,indirect
TXN-000655,FR,2026-07,2026-07-25,WLF-1019,sup-velora,Glasurit (BASF),Pre-saturated cleaning wipes,kabine,118,piece,75.0,8850.0,EUR,8850.0,synthetic-spend-FR.csv,False,indirect
TXN-000656,FR,2026-08,2026-08-28,WLF-1019,sup-velora,Glasurit (BASF),Pre-saturated cleaning wipes,kabine,131,piece,75.0,9825.0,EUR,9825.0,synthetic-spend-FR.csv,False,indirect
TXN-000657,FR,2026-01,2026-01-12,WLF-1020,sup-lumen,Finixa,P3 particulate filters,psa,144,piece,22.77,3278.88,EUR,3278.88,synthetic-spend-FR.csv,False,direct
TXN-000658,FR,2026-02,2026-02-01,WLF-1020,sup-lumen,Finixa,P3 particulate filters,psa,231,piece,22.77,5259.87,EUR,5259.87,synthetic-spend-FR.csv,False,direct
TXN-000659,FR,2026-03,2026-03-13,WLF-1020,sup-lumen,Finixa,P3 particulate filters,psa,127,piece,22.77,2891.79,EUR,2891.79,synthetic-spend-FR.csv,False,direct
TXN-000660,FR,2026-04,2026-04-05,WLF-1020,sup-lumen,Finixa,P3 particulate filters,psa,143,piece,22.77,3256.11,EUR,3256.11,synthetic-spend-FR.csv,False,direct
TXN-000661,FR,2026-05,2026-05-06,WLF-1020,sup-lumen,Finixa,P3 particulate filters,psa,62,piece,22.77,1411.74,EUR,1411.74,synthetic-spend-FR.csv,False,direct
TXN-000662,FR,2026-06,2026-06-23,WLF-1020,sup-lumen,Finixa,P3 particulate filters,psa,268,piece,22.77,6102.36,EUR,6102.36,synthetic-spend-FR.csv,False,direct
TXN-000663,FR,2026-07,2026-07-24,WLF-1020,sup-lumen,Finixa,P3 particulate filters,psa,229,piece,22.77,5214.33,EUR,5214.33,synthetic-spend-FR.csv,False,direct
TXN-000664,FR,2026-08,2026-08-08,WLF-1020,sup-lumen,Finixa,P3 particulate filters,psa,175,piece,22.77,3984.75,EUR,3984.75,synthetic-spend-FR.csv,False,direct
TXN-000665,FR,2026-01,2026-01-05,WLF-1021,sup-novex,Mirka,Electric random orbital sander 150 mm,werkstatt,101,piece,19.85,2004.85,EUR,2004.85,synthetic-spend-FR.csv,False,direct
TXN-000666,FR,2026-02,2026-02-05,WLF-1021,sup-novex,Mirka,Electric random orbital sander 150 mm,werkstatt,271,piece,19.85,5379.35,EUR,5379.35,synthetic-spend-FR.csv,False,direct
TXN-000667,FR,2026-03,2026-03-09,WLF-1021,sup-novex,Mirka,Electric random orbital sander 150 mm,werkstatt,134,piece,19.85,2659.9,EUR,2659.9,synthetic-spend-FR.csv,False,direct
TXN-000668,FR,2026-04,2026-04-14,WLF-1021,sup-novex,Mirka,Electric random orbital sander 150 mm,werkstatt,51,piece,19.85,1012.35,EUR,1012.35,synthetic-spend-FR.csv,False,direct
TXN-000669,FR,2026-05,2026-05-26,WLF-1021,sup-novex,Mirka,Electric random orbital sander 150 mm,werkstatt,327,piece,19.85,6490.95,EUR,6490.95,synthetic-spend-FR.csv,False,direct
TXN-000670,FR,2026-06,2026-06-19,WLF-1021,sup-novex,Mirka,Electric random orbital sander 150 mm,werkstatt,47,piece,19.85,932.95,EUR,932.95,synthetic-spend-FR.csv,False,direct
TXN-000671,FR,2026-07,2026-07-11,WLF-1021,sup-novex,Mirka,Electric random orbital sander 150 mm,werkstatt,168,piece,19.85,3334.8,EUR,3334.8,synthetic-spend-FR.csv,False,direct
TXN-000672,FR,2026-08,2026-08-05,WLF-1021,sup-novex,Mirka,Electric random orbital sander 150 mm,werkstatt,39,piece,19.85,774.15,EUR,774.15,synthetic-spend-FR.csv,False,direct
TXN-000673,IT,2026-01,2026-01-28,WLF-1001,sup-arcus,SATA,Graduated mixing cup,lack,327,piece,30.22,9881.94,EUR,9881.94,synthetic-spend-IT.csv,True,direct
TXN-000674,IT,2026-02,2026-02-22,WLF-1001,sup-arcus,SATA,Graduated mixing cup,lack,78,piece,30.22,2357.16,EUR,2357.16,synthetic-spend-IT.csv,True,direct
TXN-000675,IT,2026-03,2026-03-13,WLF-1001,sup-arcus,SATA,Graduated mixing cup,lack,295,piece,30.22,8914.9,EUR,8914.9,synthetic-spend-IT.csv,True,direct
TXN-000676,IT,2026-04,2026-04-24,WLF-1001,sup-arcus,SATA,Graduated mixing cup,lack,155,piece,30.22,4684.1,EUR,4684.1,synthetic-spend-IT.csv,True,direct
TXN-000677,IT,2026-05,2026-05-18,WLF-1001,sup-arcus,SATA,Graduated mixing cup,lack,185,piece,30.22,5590.7,EUR,5590.7,synthetic-spend-IT.csv,True,direct
TXN-000678,IT,2026-06,2026-06-05,WLF-1001,sup-arcus,SATA,Graduated mixing cup,lack,102,piece,30.22,3082.44,EUR,3082.44,synthetic-spend-IT.csv,True,direct
TXN-000679,IT,2026-07,2026-07-27,WLF-1001,sup-arcus,SATA,Graduated mixing cup,lack,70,piece,30.22,2115.4,EUR,2115.4,synthetic-spend-IT.csv,True,direct
TXN-000680,IT,2026-08,2026-08-21,WLF-1001,sup-arcus,SATA,Graduated mixing cup,lack,299,piece,30.22,9035.78,EUR,9035.78,synthetic-spend-IT.csv,True,direct
TXN-000681,IT,2026-01,2026-01-24,WLF-1002,sup-cobalt,tesa,"Sanding discs 150 mm, coarse",schleif,151,piece,94.58,14281.58,EUR,14281.58,synthetic-spend-IT.csv,True,direct
TXN-000682,IT,2026-02,2026-02-19,WLF-1002,sup-cobalt,tesa,"Sanding discs 150 mm, coarse",schleif,115,piece,94.58,10876.7,EUR,10876.7,synthetic-spend-IT.csv,True,direct
TXN-000683,IT,2026-03,2026-03-09,WLF-1002,sup-cobalt,tesa,"Sanding discs 150 mm, coarse",schleif,50,piece,94.58,4729.0,EUR,4729.0,synthetic-spend-IT.csv,True,direct
TXN-000684,IT,2026-04,2026-04-25,WLF-1002,sup-cobalt,tesa,"Sanding discs 150 mm, coarse",schleif,321,piece,94.58,30360.18,EUR,30360.18,synthetic-spend-IT.csv,True,direct
TXN-000685,IT,2026-05,2026-05-18,WLF-1002,sup-cobalt,tesa,"Sanding discs 150 mm, coarse",schleif,300,piece,94.58,28374.0,EUR,28374.0,synthetic-spend-IT.csv,True,direct
TXN-000686,IT,2026-06,2026-06-05,WLF-1002,sup-cobalt,tesa,"Sanding discs 150 mm, coarse",schleif,161,piece,94.58,15227.38,EUR,15227.38,synthetic-spend-IT.csv,True,direct
TXN-000687,IT,2026-07,2026-07-03,WLF-1002,sup-cobalt,tesa,"Sanding discs 150 mm, coarse",schleif,190,piece,94.58,17970.2,EUR,17970.2,synthetic-spend-IT.csv,True,direct
TXN-000688,IT,2026-08,2026-08-15,WLF-1002,sup-cobalt,tesa,"Sanding discs 150 mm, coarse",schleif,137,piece,94.58,12957.46,EUR,12957.46,synthetic-spend-IT.csv,True,direct
TXN-000689,IT,2026-01,2026-01-07,WLF-1003,sup-solis,PPG / Nexa,Standard masking tape,kleb,96,piece,20.42,1960.32,EUR,1960.32,synthetic-spend-IT.csv,True,indirect
TXN-000690,IT,2026-02,2026-02-17,WLF-1003,sup-solis,PPG / Nexa,Standard masking tape,kleb,147,piece,20.42,3001.74,EUR,3001.74,synthetic-spend-IT.csv,True,indirect
TXN-000691,IT,2026-03,2026-03-06,WLF-1003,sup-solis,PPG / Nexa,Standard masking tape,kleb,249,piece,20.42,5084.58,EUR,5084.58,synthetic-spend-IT.csv,True,indirect
TXN-000692,IT,2026-04,2026-04-05,WLF-1003,sup-solis,PPG / Nexa,Standard masking tape,kleb,166,piece,20.42,3389.72,EUR,3389.72,synthetic-spend-IT.csv,True,indirect
TXN-000693,IT,2026-05,2026-05-15,WLF-1003,sup-solis,PPG / Nexa,Standard masking tape,kleb,196,piece,20.42,4002.32,EUR,4002.32,synthetic-spend-IT.csv,True,indirect
TXN-000694,IT,2026-06,2026-06-16,WLF-1003,sup-solis,PPG / Nexa,Standard masking tape,kleb,165,piece,20.42,3369.3,EUR,3369.3,synthetic-spend-IT.csv,True,indirect
TXN-000695,IT,2026-07,2026-07-20,WLF-1003,sup-solis,PPG / Nexa,Standard masking tape,kleb,66,piece,20.42,1347.72,EUR,1347.72,synthetic-spend-IT.csv,True,indirect
TXN-000696,IT,2026-08,2026-08-18,WLF-1003,sup-solis,PPG / Nexa,Standard masking tape,kleb,117,piece,20.42,2389.14,EUR,2389.14,synthetic-spend-IT.csv,True,indirect
TXN-000697,IT,2026-01,2026-01-14,WLF-1004,sup-orbit,Würth,Cutting compound (coarse/medium),polier,310,piece,43.07,13351.7,EUR,13351.7,synthetic-spend-IT.csv,True,direct
TXN-000698,IT,2026-02,2026-02-18,WLF-1004,sup-orbit,Würth,Cutting compound (coarse/medium),polier,202,piece,43.07,8700.14,EUR,8700.14,synthetic-spend-IT.csv,True,direct
TXN-000699,IT,2026-03,2026-03-06,WLF-1004,sup-orbit,Würth,Cutting compound (coarse/medium),polier,30,piece,43.07,1292.1,EUR,1292.1,synthetic-spend-IT.csv,True,direct
TXN-000700,IT,2026-04,2026-04-11,WLF-1004,sup-orbit,Würth,Cutting compound (coarse/medium),polier,88,piece,43.07,3790.16,EUR,3790.16,synthetic-spend-IT.csv,True,direct
TXN-000701,IT,2026-05,2026-05-21,WLF-1004,sup-orbit,Würth,Cutting compound (coarse/medium),polier,78,piece,43.07,3359.46,EUR,3359.46,synthetic-spend-IT.csv,True,direct
TXN-000702,IT,2026-06,2026-06-22,WLF-1004,sup-orbit,Würth,Cutting compound (coarse/medium),polier,26,piece,43.07,1119.82,EUR,1119.82,synthetic-spend-IT.csv,True,direct
TXN-000703,IT,2026-07,2026-07-26,WLF-1004,sup-orbit,Würth,Cutting compound (coarse/medium),polier,204,piece,43.07,8786.28,EUR,8786.28,synthetic-spend-IT.csv,True,direct
TXN-000704,IT,2026-08,2026-08-25,WLF-1004,sup-orbit,Würth,Cutting compound (coarse/medium),polier,153,piece,43.07,6589.71,EUR,6589.71,synthetic-spend-IT.csv,True,direct
TXN-000705,IT,2026-01,2026-01-26,WLF-1005,sup-helio,Kovax,Solvent-based silicone remover,kabine,219,piece,47.27,10352.13,EUR,10352.13,synthetic-spend-IT.csv,True,direct
TXN-000706,IT,2026-02,2026-02-05,WLF-1005,sup-helio,Kovax,Solvent-based silicone remover,kabine,186,piece,47.27,8792.22,EUR,8792.22,synthetic-spend-IT.csv,True,direct
TXN-000707,IT,2026-03,2026-03-14,WLF-1005,sup-helio,Kovax,Solvent-based silicone remover,kabine,251,piece,47.27,11864.77,EUR,11864.77,synthetic-spend-IT.csv,True,direct
TXN-000708,IT,2026-04,2026-04-25,WLF-1005,sup-helio,Kovax,Solvent-based silicone remover,kabine,280,piece,47.27,13235.6,EUR,13235.6,synthetic-spend-IT.csv,True,direct
TXN-000709,IT,2026-05,2026-05-19,WLF-1005,sup-helio,Kovax,Solvent-based silicone remover,kabine,76,piece,47.27,3592.52,EUR,3592.52,synthetic-spend-IT.csv,True,direct
TXN-000710,IT,2026-06,2026-06-23,WLF-1005,sup-helio,Kovax,Solvent-based silicone remover,kabine,325,piece,47.27,15362.75,EUR,15362.75,synthetic-spend-IT.csv,True,direct
TXN-000711,IT,2026-07,2026-07-13,WLF-1005,sup-helio,Kovax,Solvent-based silicone remover,kabine,227,piece,47.27,10730.29,EUR,10730.29,synthetic-spend-IT.csv,True,direct
TXN-000712,IT,2026-08,2026-08-11,WLF-1005,sup-helio,Kovax,Solvent-based silicone remover,kabine,61,piece,47.27,2883.47,EUR,2883.47,synthetic-spend-IT.csv,True,direct
TXN-000713,IT,2026-01,2026-01-01,WLF-1006,sup-vanta,Starcke,Half mask / spray-painting respirator,psa,37,piece,18.22,674.14,EUR,674.14,synthetic-spend-IT.csv,True,indirect
TXN-000714,IT,2026-02,2026-02-21,WLF-1006,sup-vanta,Starcke,Half mask / spray-painting respirator,psa,25,piece,18.22,455.5,EUR,455.5,synthetic-spend-IT.csv,True,indirect
TXN-000715,IT,2026-03,2026-03-26,WLF-1006,sup-vanta,Starcke,Half mask / spray-painting respirator,psa,25,piece,18.22,455.5,EUR,455.5,synthetic-spend-IT.csv,True,indirect
TXN-000716,IT,2026-04,2026-04-04,WLF-1006,sup-vanta,Starcke,Half mask / spray-painting respirator,psa,169,piece,18.22,3079.18,EUR,3079.18,synthetic-spend-IT.csv,True,indirect
TXN-000717,IT,2026-05,2026-05-18,WLF-1006,sup-vanta,Starcke,Half mask / spray-painting respirator,psa,223,piece,18.22,4063.06,EUR,4063.06,synthetic-spend-IT.csv,True,indirect
TXN-000718,IT,2026-06,2026-06-05,WLF-1006,sup-vanta,Starcke,Half mask / spray-painting respirator,psa,65,piece,18.22,1184.3,EUR,1184.3,synthetic-spend-IT.csv,True,indirect
TXN-000719,IT,2026-07,2026-07-01,WLF-1006,sup-vanta,Starcke,Half mask / spray-painting respirator,psa,33,piece,18.22,601.26,EUR,601.26,synthetic-spend-IT.csv,True,indirect
TXN-000720,IT,2026-08,2026-08-02,WLF-1006,sup-vanta,Starcke,Half mask / spray-painting respirator,psa,231,piece,18.22,4208.82,EUR,4208.82,synthetic-spend-IT.csv,True,indirect
TXN-000721,IT,2026-01,2026-01-21,WLF-1007,sup-aster,3M,"Random orbital sander 150 mm, 5 mm orbit",werkstatt,234,piece,51.38,12022.92,EUR,12022.92,synthetic-spend-IT.csv,True,direct
TXN-000722,IT,2026-02,2026-02-17,WLF-1007,sup-aster,3M,"Random orbital sander 150 mm, 5 mm orbit",werkstatt,292,piece,51.38,15002.96,EUR,15002.96,synthetic-spend-IT.csv,True,direct
TXN-000723,IT,2026-03,2026-03-16,WLF-1007,sup-aster,3M,"Random orbital sander 150 mm, 5 mm orbit",werkstatt,67,piece,51.38,3442.46,EUR,3442.46,synthetic-spend-IT.csv,True,direct
TXN-000724,IT,2026-04,2026-04-14,WLF-1007,sup-aster,3M,"Random orbital sander 150 mm, 5 mm orbit",werkstatt,28,piece,51.38,1438.64,EUR,1438.64,synthetic-spend-IT.csv,True,direct
TXN-000725,IT,2026-05,2026-05-06,WLF-1007,sup-aster,3M,"Random orbital sander 150 mm, 5 mm orbit",werkstatt,44,piece,51.38,2260.72,EUR,2260.72,synthetic-spend-IT.csv,True,direct
TXN-000726,IT,2026-06,2026-06-23,WLF-1007,sup-aster,3M,"Random orbital sander 150 mm, 5 mm orbit",werkstatt,43,piece,51.38,2209.34,EUR,2209.34,synthetic-spend-IT.csv,True,direct
TXN-000727,IT,2026-07,2026-07-05,WLF-1007,sup-aster,3M,"Random orbital sander 150 mm, 5 mm orbit",werkstatt,283,piece,51.38,14540.54,EUR,14540.54,synthetic-spend-IT.csv,True,direct
TXN-000728,IT,2026-08,2026-08-27,WLF-1007,sup-aster,3M,"Random orbital sander 150 mm, 5 mm orbit",werkstatt,35,piece,51.38,1798.3,EUR,1798.3,synthetic-spend-IT.csv,True,direct
TXN-000729,IT,2026-01,2026-01-21,WLF-1008,sup-velora,Glasurit (BASF),Paint cup for compressed-air spray gun,lack,174,piece,94.64,16467.36,EUR,16467.36,synthetic-spend-IT.csv,True,direct
TXN-000730,IT,2026-02,2026-02-23,WLF-1008,sup-velora,Glasurit (BASF),Paint cup for compressed-air spray gun,lack,115,piece,94.64,10883.6,EUR,10883.6,synthetic-spend-IT.csv,True,direct
TXN-000731,IT,2026-03,2026-03-04,WLF-1008,sup-velora,Glasurit (BASF),Paint cup for compressed-air spray gun,lack,257,piece,94.64,24322.48,EUR,24322.48,synthetic-spend-IT.csv,True,direct
TXN-000732,IT,2026-04,2026-04-08,WLF-1008,sup-velora,Glasurit (BASF),Paint cup for compressed-air spray gun,lack,276,piece,94.64,26120.64,EUR,26120.64,synthetic-spend-IT.csv,True,direct
TXN-000733,IT,2026-05,2026-05-12,WLF-1008,sup-velora,Glasurit (BASF),Paint cup for compressed-air spray gun,lack,313,piece,94.64,29622.32,EUR,29622.32,synthetic-spend-IT.csv,True,direct
TXN-000734,IT,2026-06,2026-06-09,WLF-1008,sup-velora,Glasurit (BASF),Paint cup for compressed-air spray gun,lack,229,piece,94.64,21672.56,EUR,21672.56,synthetic-spend-IT.csv,True,direct
TXN-000735,IT,2026-07,2026-07-14,WLF-1008,sup-velora,Glasurit (BASF),Paint cup for compressed-air spray gun,lack,224,piece,94.64,21199.36,EUR,21199.36,synthetic-spend-IT.csv,True,direct
TXN-000736,IT,2026-08,2026-08-20,WLF-1008,sup-velora,Glasurit (BASF),Paint cup for compressed-air spray gun,lack,244,piece,94.64,23092.16,EUR,23092.16,synthetic-spend-IT.csv,True,direct
TXN-000737,IT,2026-01,2026-01-07,WLF-1009,sup-lumen,Finixa,"Sanding discs 150 mm, intermediate",schleif,297,piece,79.6,23641.2,EUR,23641.2,synthetic-spend-IT.csv,True,indirect
TXN-000738,IT,2026-02,2026-02-23,WLF-1009,sup-lumen,Finixa,"Sanding discs 150 mm, intermediate",schleif,29,piece,79.6,2308.4,EUR,2308.4,synthetic-spend-IT.csv,True,indirect
TXN-000739,IT,2026-03,2026-03-05,WLF-1009,sup-lumen,Finixa,"Sanding discs 150 mm, intermediate",schleif,279,piece,79.6,22208.4,EUR,22208.4,synthetic-spend-IT.csv,True,indirect
TXN-000740,IT,2026-04,2026-04-07,WLF-1009,sup-lumen,Finixa,"Sanding discs 150 mm, intermediate",schleif,205,piece,79.6,16318.0,EUR,16318.0,synthetic-spend-IT.csv,True,indirect
TXN-000741,IT,2026-05,2026-05-27,WLF-1009,sup-lumen,Finixa,"Sanding discs 150 mm, intermediate",schleif,54,piece,79.6,4298.4,EUR,4298.4,synthetic-spend-IT.csv,True,indirect
TXN-000742,IT,2026-06,2026-06-10,WLF-1009,sup-lumen,Finixa,"Sanding discs 150 mm, intermediate",schleif,242,piece,79.6,19263.2,EUR,19263.2,synthetic-spend-IT.csv,True,indirect
TXN-000743,IT,2026-07,2026-07-01,WLF-1009,sup-lumen,Finixa,"Sanding discs 150 mm, intermediate",schleif,258,piece,79.6,20536.8,EUR,20536.8,synthetic-spend-IT.csv,True,indirect
TXN-000744,IT,2026-08,2026-08-05,WLF-1009,sup-lumen,Finixa,"Sanding discs 150 mm, intermediate",schleif,94,piece,79.6,7482.4,EUR,7482.4,synthetic-spend-IT.csv,True,indirect
TXN-000745,IT,2026-01,2026-01-01,WLF-1010,sup-novex,Mirka,Fine-line tape,kleb,72,piece,22.49,1619.28,EUR,1619.28,synthetic-spend-IT.csv,True,direct
TXN-000746,IT,2026-02,2026-02-22,WLF-1010,sup-novex,Mirka,Fine-line tape,kleb,282,piece,22.49,6342.18,EUR,6342.18,synthetic-spend-IT.csv,True,direct
TXN-000747,IT,2026-03,2026-03-18,WLF-1010,sup-novex,Mirka,Fine-line tape,kleb,82,piece,22.49,1844.18,EUR,1844.18,synthetic-spend-IT.csv,True,direct
TXN-000748,IT,2026-04,2026-04-21,WLF-1010,sup-novex,Mirka,Fine-line tape,kleb,218,piece,22.49,4902.82,EUR,4902.82,synthetic-spend-IT.csv,True,direct
TXN-000749,IT,2026-05,2026-05-25,WLF-1010,sup-novex,Mirka,Fine-line tape,kleb,59,piece,22.49,1326.91,EUR,1326.91,synthetic-spend-IT.csv,True,direct
TXN-000750,IT,2026-06,2026-06-03,WLF-1010,sup-novex,Mirka,Fine-line tape,kleb,24,piece,22.49,539.76,EUR,539.76,synthetic-spend-IT.csv,True,direct
TXN-000751,IT,2026-07,2026-07-09,WLF-1010,sup-novex,Mirka,Fine-line tape,kleb,223,piece,22.49,5015.27,EUR,5015.27,synthetic-spend-IT.csv,True,direct
TXN-000752,IT,2026-08,2026-08-23,WLF-1010,sup-novex,Mirka,Fine-line tape,kleb,202,piece,22.49,4542.98,EUR,4542.98,synthetic-spend-IT.csv,True,direct
TXN-000753,IT,2026-01,2026-01-17,WLF-1011,sup-arcus,SATA,Polish (fine / anti-hologram),polier,62,piece,6.97,432.14,EUR,432.14,synthetic-spend-IT.csv,True,direct
TXN-000754,IT,2026-02,2026-02-28,WLF-1011,sup-arcus,SATA,Polish (fine / anti-hologram),polier,158,piece,6.97,1101.26,EUR,1101.26,synthetic-spend-IT.csv,True,direct
TXN-000755,IT,2026-03,2026-03-09,WLF-1011,sup-arcus,SATA,Polish (fine / anti-hologram),polier,110,piece,6.97,766.7,EUR,766.7,synthetic-spend-IT.csv,True,direct
TXN-000756,IT,2026-04,2026-04-06,WLF-1011,sup-arcus,SATA,Polish (fine / anti-hologram),polier,285,piece,6.97,1986.45,EUR,1986.45,synthetic-spend-IT.csv,True,direct
TXN-000757,IT,2026-05,2026-05-08,WLF-1011,sup-arcus,SATA,Polish (fine / anti-hologram),polier,82,piece,6.97,571.54,EUR,571.54,synthetic-spend-IT.csv,True,direct
TXN-000758,IT,2026-06,2026-06-05,WLF-1011,sup-arcus,SATA,Polish (fine / anti-hologram),polier,215,piece,6.97,1498.55,EUR,1498.55,synthetic-spend-IT.csv,True,direct
TXN-000759,IT,2026-07,2026-07-12,WLF-1011,sup-arcus,SATA,Polish (fine / anti-hologram),polier,60,piece,6.97,418.2,EUR,418.2,synthetic-spend-IT.csv,True,direct
TXN-000760,IT,2026-08,2026-08-23,WLF-1011,sup-arcus,SATA,Polish (fine / anti-hologram),polier,141,piece,6.97,982.77,EUR,982.77,synthetic-spend-IT.csv,True,direct
TXN-000761,IT,2026-01,2026-01-02,WLF-1012,sup-cobalt,tesa,Water-based silicone remover,kabine,294,piece,39.1,11495.4,EUR,11495.4,synthetic-spend-IT.csv,True,indirect
TXN-000762,IT,2026-02,2026-02-12,WLF-1012,sup-cobalt,tesa,Water-based silicone remover,kabine,229,piece,39.1,8953.9,EUR,8953.9,synthetic-spend-IT.csv,True,indirect
TXN-000763,IT,2026-03,2026-03-11,WLF-1012,sup-cobalt,tesa,Water-based silicone remover,kabine,246,piece,39.1,9618.6,EUR,9618.6,synthetic-spend-IT.csv,True,indirect
TXN-000764,IT,2026-04,2026-04-04,WLF-1012,sup-cobalt,tesa,Water-based silicone remover,kabine,288,piece,39.1,11260.8,EUR,11260.8,synthetic-spend-IT.csv,True,indirect
TXN-000765,IT,2026-05,2026-05-26,WLF-1012,sup-cobalt,tesa,Water-based silicone remover,kabine,301,piece,39.1,11769.1,EUR,11769.1,synthetic-spend-IT.csv,True,indirect
TXN-000766,IT,2026-06,2026-06-15,WLF-1012,sup-cobalt,tesa,Water-based silicone remover,kabine,277,piece,39.1,10830.7,EUR,10830.7,synthetic-spend-IT.csv,True,indirect
TXN-000767,IT,2026-07,2026-07-23,WLF-1012,sup-cobalt,tesa,Water-based silicone remover,kabine,47,piece,39.1,1837.7,EUR,1837.7,synthetic-spend-IT.csv,True,indirect
TXN-000768,IT,2026-08,2026-08-12,WLF-1012,sup-cobalt,tesa,Water-based silicone remover,kabine,149,piece,39.1,5825.9,EUR,5825.9,synthetic-spend-IT.csv,True,indirect
TXN-000769,IT,2026-01,2026-01-25,WLF-1013,sup-solis,PPG / Nexa,A2 filter cartridges,psa,216,piece,6.97,1505.52,EUR,1505.52,synthetic-spend-IT.csv,True,direct
TXN-000770,IT,2026-02,2026-02-02,WLF-1013,sup-solis,PPG / Nexa,A2 filter cartridges,psa,41,piece,6.97,285.77,EUR,285.77,synthetic-spend-IT.csv,True,direct
TXN-000771,IT,2026-03,2026-03-06,WLF-1013,sup-solis,PPG / Nexa,A2 filter cartridges,psa,80,piece,6.97,557.6,EUR,557.6,synthetic-spend-IT.csv,True,direct
TXN-000772,IT,2026-04,2026-04-07,WLF-1013,sup-solis,PPG / Nexa,A2 filter cartridges,psa,111,piece,6.97,773.67,EUR,773.67,synthetic-spend-IT.csv,True,direct
TXN-000773,IT,2026-05,2026-05-07,WLF-1013,sup-solis,PPG / Nexa,A2 filter cartridges,psa,179,piece,6.97,1247.63,EUR,1247.63,synthetic-spend-IT.csv,True,direct
TXN-000774,IT,2026-06,2026-06-13,WLF-1013,sup-solis,PPG / Nexa,A2 filter cartridges,psa,209,piece,6.97,1456.73,EUR,1456.73,synthetic-spend-IT.csv,True,direct
TXN-000775,IT,2026-07,2026-07-04,WLF-1013,sup-solis,PPG / Nexa,A2 filter cartridges,psa,143,piece,6.97,996.71,EUR,996.71,synthetic-spend-IT.csv,True,direct
TXN-000776,IT,2026-08,2026-08-17,WLF-1013,sup-solis,PPG / Nexa,A2 filter cartridges,psa,59,piece,6.97,411.23,EUR,411.23,synthetic-spend-IT.csv,True,direct
TXN-000777,IT,2026-01,2026-01-20,WLF-1014,sup-orbit,Würth,Random orbital sander 77 mm,werkstatt,160,piece,35.04,5606.4,EUR,5606.4,synthetic-spend-IT.csv,True,direct
TXN-000778,IT,2026-02,2026-02-21,WLF-1014,sup-orbit,Würth,Random orbital sander 77 mm,werkstatt,182,piece,35.04,6377.28,EUR,6377.28,synthetic-spend-IT.csv,True,direct
TXN-000779,IT,2026-03,2026-03-23,WLF-1014,sup-orbit,Würth,Random orbital sander 77 mm,werkstatt,273,piece,35.04,9565.92,EUR,9565.92,synthetic-spend-IT.csv,True,direct
TXN-000780,IT,2026-04,2026-04-19,WLF-1014,sup-orbit,Würth,Random orbital sander 77 mm,werkstatt,255,piece,35.04,8935.2,EUR,8935.2,synthetic-spend-IT.csv,True,direct
TXN-000781,IT,2026-05,2026-05-12,WLF-1014,sup-orbit,Würth,Random orbital sander 77 mm,werkstatt,118,piece,35.04,4134.72,EUR,4134.72,synthetic-spend-IT.csv,True,direct
TXN-000782,IT,2026-06,2026-06-27,WLF-1014,sup-orbit,Würth,Random orbital sander 77 mm,werkstatt,234,piece,35.04,8199.36,EUR,8199.36,synthetic-spend-IT.csv,True,direct
TXN-000783,IT,2026-07,2026-07-02,WLF-1014,sup-orbit,Würth,Random orbital sander 77 mm,werkstatt,216,piece,35.04,7568.64,EUR,7568.64,synthetic-spend-IT.csv,True,direct
TXN-000784,IT,2026-08,2026-08-28,WLF-1014,sup-orbit,Würth,Random orbital sander 77 mm,werkstatt,231,piece,35.04,8094.24,EUR,8094.24,synthetic-spend-IT.csv,True,direct
TXN-000785,IT,2026-01,2026-01-07,WLF-1015,sup-helio,Kovax,Paint strainers 125 µ / 200 µ,lack,214,piece,92.15,19720.1,EUR,19720.1,synthetic-spend-IT.csv,True,indirect
TXN-000786,IT,2026-02,2026-02-07,WLF-1015,sup-helio,Kovax,Paint strainers 125 µ / 200 µ,lack,295,piece,92.15,27184.25,EUR,27184.25,synthetic-spend-IT.csv,True,indirect
TXN-000787,IT,2026-03,2026-03-17,WLF-1015,sup-helio,Kovax,Paint strainers 125 µ / 200 µ,lack,189,piece,92.15,17416.35,EUR,17416.35,synthetic-spend-IT.csv,True,indirect
TXN-000788,IT,2026-04,2026-04-04,WLF-1015,sup-helio,Kovax,Paint strainers 125 µ / 200 µ,lack,122,piece,92.15,11242.3,EUR,11242.3,synthetic-spend-IT.csv,True,indirect
TXN-000789,IT,2026-05,2026-05-13,WLF-1015,sup-helio,Kovax,Paint strainers 125 µ / 200 µ,lack,184,piece,92.15,16955.6,EUR,16955.6,synthetic-spend-IT.csv,True,indirect
TXN-000790,IT,2026-06,2026-06-22,WLF-1015,sup-helio,Kovax,Paint strainers 125 µ / 200 µ,lack,284,piece,92.15,26170.6,EUR,26170.6,synthetic-spend-IT.csv,True,indirect
TXN-000791,IT,2026-07,2026-07-26,WLF-1015,sup-helio,Kovax,Paint strainers 125 µ / 200 µ,lack,40,piece,92.15,3686.0,EUR,3686.0,synthetic-spend-IT.csv,True,indirect
TXN-000792,IT,2026-08,2026-08-15,WLF-1015,sup-helio,Kovax,Paint strainers 125 µ / 200 µ,lack,204,piece,92.15,18798.6,EUR,18798.6,synthetic-spend-IT.csv,True,indirect
TXN-000793,IT,2026-01,2026-01-12,WLF-1016,sup-vanta,Starcke,"Sanding discs 150 mm, fine",schleif,119,piece,60.62,7213.78,EUR,7213.78,synthetic-spend-IT.csv,True,direct
TXN-000794,IT,2026-02,2026-02-04,WLF-1016,sup-vanta,Starcke,"Sanding discs 150 mm, fine",schleif,230,piece,60.62,13942.6,EUR,13942.6,synthetic-spend-IT.csv,True,direct
TXN-000795,IT,2026-03,2026-03-09,WLF-1016,sup-vanta,Starcke,"Sanding discs 150 mm, fine",schleif,217,piece,60.62,13154.54,EUR,13154.54,synthetic-spend-IT.csv,True,direct
TXN-000796,IT,2026-04,2026-04-07,WLF-1016,sup-vanta,Starcke,"Sanding discs 150 mm, fine",schleif,221,piece,60.62,13397.02,EUR,13397.02,synthetic-spend-IT.csv,True,direct
TXN-000797,IT,2026-05,2026-05-19,WLF-1016,sup-vanta,Starcke,"Sanding discs 150 mm, fine",schleif,131,piece,60.62,7941.22,EUR,7941.22,synthetic-spend-IT.csv,True,direct
TXN-000798,IT,2026-06,2026-06-11,WLF-1016,sup-vanta,Starcke,"Sanding discs 150 mm, fine",schleif,72,piece,60.62,4364.64,EUR,4364.64,synthetic-spend-IT.csv,True,direct
TXN-000799,IT,2026-07,2026-07-23,WLF-1016,sup-vanta,Starcke,"Sanding discs 150 mm, fine",schleif,173,piece,60.62,10487.26,EUR,10487.26,synthetic-spend-IT.csv,True,direct
TXN-000800,IT,2026-08,2026-08-21,WLF-1016,sup-vanta,Starcke,"Sanding discs 150 mm, fine",schleif,199,piece,60.62,12063.38,EUR,12063.38,synthetic-spend-IT.csv,True,direct
TXN-000801,IT,2026-01,2026-01-15,WLF-1017,sup-aster,3M,Contour tape,kleb,187,piece,16.01,2993.87,EUR,2993.87,synthetic-spend-IT.csv,False,direct
TXN-000802,IT,2026-02,2026-02-15,WLF-1017,sup-aster,3M,Contour tape,kleb,201,piece,16.01,3218.01,EUR,3218.01,synthetic-spend-IT.csv,False,direct
TXN-000803,IT,2026-03,2026-03-19,WLF-1017,sup-aster,3M,Contour tape,kleb,228,piece,16.01,3650.28,EUR,3650.28,synthetic-spend-IT.csv,False,direct
TXN-000804,IT,2026-04,2026-04-25,WLF-1017,sup-aster,3M,Contour tape,kleb,242,piece,16.01,3874.42,EUR,3874.42,synthetic-spend-IT.csv,False,direct
TXN-000805,IT,2026-05,2026-05-16,WLF-1017,sup-aster,3M,Contour tape,kleb,297,piece,16.01,4754.97,EUR,4754.97,synthetic-spend-IT.csv,False,direct
TXN-000806,IT,2026-06,2026-06-26,WLF-1017,sup-aster,3M,Contour tape,kleb,60,piece,16.01,960.6,EUR,960.6,synthetic-spend-IT.csv,False,direct
TXN-000807,IT,2026-07,2026-07-08,WLF-1017,sup-aster,3M,Contour tape,kleb,216,piece,16.01,3458.16,EUR,3458.16,synthetic-spend-IT.csv,False,direct
TXN-000808,IT,2026-08,2026-08-18,WLF-1017,sup-aster,3M,Contour tape,kleb,46,piece,16.01,736.46,EUR,736.46,synthetic-spend-IT.csv,False,direct
TXN-000809,IT,2026-01,2026-01-17,WLF-1018,sup-velora,Glasurit (BASF),One-step cutting and polishing compound,polier,177,piece,30.35,5371.95,EUR,5371.95,synthetic-spend-IT.csv,False,indirect
TXN-000810,IT,2026-02,2026-02-03,WLF-1018,sup-velora,Glasurit (BASF),One-step cutting and polishing compound,polier,164,piece,30.35,4977.4,EUR,4977.4,synthetic-spend-IT.csv,False,indirect
TXN-000811,IT,2026-03,2026-03-25,WLF-1018,sup-velora,Glasurit (BASF),One-step cutting and polishing compound,polier,108,piece,30.35,3277.8,EUR,3277.8,synthetic-spend-IT.csv,False,indirect
TXN-000812,IT,2026-04,2026-04-27,WLF-1018,sup-velora,Glasurit (BASF),One-step cutting and polishing compound,polier,196,piece,30.35,5948.6,EUR,5948.6,synthetic-spend-IT.csv,False,indirect
TXN-000813,IT,2026-05,2026-05-13,WLF-1018,sup-velora,Glasurit (BASF),One-step cutting and polishing compound,polier,261,piece,30.35,7921.35,EUR,7921.35,synthetic-spend-IT.csv,False,indirect
TXN-000814,IT,2026-06,2026-06-08,WLF-1018,sup-velora,Glasurit (BASF),One-step cutting and polishing compound,polier,45,piece,30.35,1365.75,EUR,1365.75,synthetic-spend-IT.csv,False,indirect
TXN-000815,IT,2026-07,2026-07-11,WLF-1018,sup-velora,Glasurit (BASF),One-step cutting and polishing compound,polier,175,piece,30.35,5311.25,EUR,5311.25,synthetic-spend-IT.csv,False,indirect
TXN-000816,IT,2026-08,2026-08-02,WLF-1018,sup-velora,Glasurit (BASF),One-step cutting and polishing compound,polier,56,piece,30.35,1699.6,EUR,1699.6,synthetic-spend-IT.csv,False,indirect
TXN-000817,IT,2026-01,2026-01-12,WLF-1019,sup-lumen,Finixa,Pre-saturated cleaning wipes,kabine,327,piece,45.8,14976.6,EUR,14976.6,synthetic-spend-IT.csv,False,direct
TXN-000818,IT,2026-02,2026-02-11,WLF-1019,sup-lumen,Finixa,Pre-saturated cleaning wipes,kabine,178,piece,45.8,8152.4,EUR,8152.4,synthetic-spend-IT.csv,False,direct
TXN-000819,IT,2026-03,2026-03-28,WLF-1019,sup-lumen,Finixa,Pre-saturated cleaning wipes,kabine,219,piece,45.8,10030.2,EUR,10030.2,synthetic-spend-IT.csv,False,direct
TXN-000820,IT,2026-04,2026-04-20,WLF-1019,sup-lumen,Finixa,Pre-saturated cleaning wipes,kabine,47,piece,45.8,2152.6,EUR,2152.6,synthetic-spend-IT.csv,False,direct
TXN-000821,IT,2026-05,2026-05-12,WLF-1019,sup-lumen,Finixa,Pre-saturated cleaning wipes,kabine,58,piece,45.8,2656.4,EUR,2656.4,synthetic-spend-IT.csv,False,direct
TXN-000822,IT,2026-06,2026-06-05,WLF-1019,sup-lumen,Finixa,Pre-saturated cleaning wipes,kabine,127,piece,45.8,5816.6,EUR,5816.6,synthetic-spend-IT.csv,False,direct
TXN-000823,IT,2026-07,2026-07-21,WLF-1019,sup-lumen,Finixa,Pre-saturated cleaning wipes,kabine,104,piece,45.8,4763.2,EUR,4763.2,synthetic-spend-IT.csv,False,direct
TXN-000824,IT,2026-08,2026-08-26,WLF-1019,sup-lumen,Finixa,Pre-saturated cleaning wipes,kabine,130,piece,45.8,5954.0,EUR,5954.0,synthetic-spend-IT.csv,False,direct
TXN-000825,IT,2026-01,2026-01-16,WLF-1020,sup-novex,Mirka,P3 particulate filters,psa,201,piece,36.65,7366.65,EUR,7366.65,synthetic-spend-IT.csv,False,direct
TXN-000826,IT,2026-02,2026-02-09,WLF-1020,sup-novex,Mirka,P3 particulate filters,psa,286,piece,36.65,10481.9,EUR,10481.9,synthetic-spend-IT.csv,False,direct
TXN-000827,IT,2026-03,2026-03-01,WLF-1020,sup-novex,Mirka,P3 particulate filters,psa,324,piece,36.65,11874.6,EUR,11874.6,synthetic-spend-IT.csv,False,direct
TXN-000828,IT,2026-04,2026-04-11,WLF-1020,sup-novex,Mirka,P3 particulate filters,psa,140,piece,36.65,5131.0,EUR,5131.0,synthetic-spend-IT.csv,False,direct
TXN-000829,IT,2026-05,2026-05-12,WLF-1020,sup-novex,Mirka,P3 particulate filters,psa,310,piece,36.65,11361.5,EUR,11361.5,synthetic-spend-IT.csv,False,direct
TXN-000830,IT,2026-06,2026-06-04,WLF-1020,sup-novex,Mirka,P3 particulate filters,psa,284,piece,36.65,10408.6,EUR,10408.6,synthetic-spend-IT.csv,False,direct
TXN-000831,IT,2026-07,2026-07-25,WLF-1020,sup-novex,Mirka,P3 particulate filters,psa,114,piece,36.65,4178.1,EUR,4178.1,synthetic-spend-IT.csv,False,direct
TXN-000832,IT,2026-08,2026-08-25,WLF-1020,sup-novex,Mirka,P3 particulate filters,psa,255,piece,36.65,9345.75,EUR,9345.75,synthetic-spend-IT.csv,False,direct
TXN-000833,IT,2026-01,2026-01-21,WLF-1021,sup-arcus,SATA,Electric random orbital sander 150 mm,werkstatt,241,piece,14.59,3516.19,EUR,3516.19,synthetic-spend-IT.csv,False,indirect
TXN-000834,IT,2026-02,2026-02-02,WLF-1021,sup-arcus,SATA,Electric random orbital sander 150 mm,werkstatt,255,piece,14.59,3720.45,EUR,3720.45,synthetic-spend-IT.csv,False,indirect
TXN-000835,IT,2026-03,2026-03-08,WLF-1021,sup-arcus,SATA,Electric random orbital sander 150 mm,werkstatt,46,piece,14.59,671.14,EUR,671.14,synthetic-spend-IT.csv,False,indirect
TXN-000836,IT,2026-04,2026-04-22,WLF-1021,sup-arcus,SATA,Electric random orbital sander 150 mm,werkstatt,110,piece,14.59,1604.9,EUR,1604.9,synthetic-spend-IT.csv,False,indirect
TXN-000837,IT,2026-05,2026-05-11,WLF-1021,sup-arcus,SATA,Electric random orbital sander 150 mm,werkstatt,209,piece,14.59,3049.31,EUR,3049.31,synthetic-spend-IT.csv,False,indirect
TXN-000838,IT,2026-06,2026-06-10,WLF-1021,sup-arcus,SATA,Electric random orbital sander 150 mm,werkstatt,313,piece,14.59,4566.67,EUR,4566.67,synthetic-spend-IT.csv,False,indirect
TXN-000839,IT,2026-07,2026-07-27,WLF-1021,sup-arcus,SATA,Electric random orbital sander 150 mm,werkstatt,219,piece,14.59,3195.21,EUR,3195.21,synthetic-spend-IT.csv,False,indirect
TXN-000840,IT,2026-08,2026-08-09,WLF-1021,sup-arcus,SATA,Electric random orbital sander 150 mm,werkstatt,218,piece,14.59,3180.62,EUR,3180.62,synthetic-spend-IT.csv,False,indirect
TXN-000841,ES,2026-01,2026-01-12,WLF-1001,sup-cobalt,tesa,Graduated mixing cup,lack,228,piece,37.26,8495.28,EUR,8495.28,synthetic-spend-ES.csv,True,direct
TXN-000842,ES,2026-02,2026-02-26,WLF-1001,sup-cobalt,tesa,Graduated mixing cup,lack,148,piece,37.26,5514.48,EUR,5514.48,synthetic-spend-ES.csv,True,direct
TXN-000843,ES,2026-03,2026-03-23,WLF-1001,sup-cobalt,tesa,Graduated mixing cup,lack,142,piece,37.26,5290.92,EUR,5290.92,synthetic-spend-ES.csv,True,direct
TXN-000844,ES,2026-04,2026-04-13,WLF-1001,sup-cobalt,tesa,Graduated mixing cup,lack,140,piece,37.26,5216.4,EUR,5216.4,synthetic-spend-ES.csv,True,direct
TXN-000845,ES,2026-05,2026-05-13,WLF-1001,sup-cobalt,tesa,Graduated mixing cup,lack,62,piece,37.26,2310.12,EUR,2310.12,synthetic-spend-ES.csv,True,direct
TXN-000846,ES,2026-06,2026-06-01,WLF-1001,sup-cobalt,tesa,Graduated mixing cup,lack,194,piece,37.26,7228.44,EUR,7228.44,synthetic-spend-ES.csv,True,direct
TXN-000847,ES,2026-07,2026-07-17,WLF-1001,sup-cobalt,tesa,Graduated mixing cup,lack,246,piece,37.26,9165.96,EUR,9165.96,synthetic-spend-ES.csv,True,direct
TXN-000848,ES,2026-08,2026-08-14,WLF-1001,sup-cobalt,tesa,Graduated mixing cup,lack,191,piece,37.26,7116.66,EUR,7116.66,synthetic-spend-ES.csv,True,direct
TXN-000849,ES,2026-01,2026-01-21,WLF-1002,sup-solis,PPG / Nexa,"Sanding discs 150 mm, coarse",schleif,222,piece,74.66,16574.52,EUR,16574.52,synthetic-spend-ES.csv,True,indirect
TXN-000850,ES,2026-02,2026-02-05,WLF-1002,sup-solis,PPG / Nexa,"Sanding discs 150 mm, coarse",schleif,142,piece,74.66,10601.72,EUR,10601.72,synthetic-spend-ES.csv,True,indirect
TXN-000851,ES,2026-03,2026-03-27,WLF-1002,sup-solis,PPG / Nexa,"Sanding discs 150 mm, coarse",schleif,38,piece,74.66,2837.08,EUR,2837.08,synthetic-spend-ES.csv,True,indirect
TXN-000852,ES,2026-04,2026-04-16,WLF-1002,sup-solis,PPG / Nexa,"Sanding discs 150 mm, coarse",schleif,53,piece,74.66,3956.98,EUR,3956.98,synthetic-spend-ES.csv,True,indirect
TXN-000853,ES,2026-05,2026-05-17,WLF-1002,sup-solis,PPG / Nexa,"Sanding discs 150 mm, coarse",schleif,76,piece,74.66,5674.16,EUR,5674.16,synthetic-spend-ES.csv,True,indirect
TXN-000854,ES,2026-06,2026-06-03,WLF-1002,sup-solis,PPG / Nexa,"Sanding discs 150 mm, coarse",schleif,79,piece,74.66,5898.14,EUR,5898.14,synthetic-spend-ES.csv,True,indirect
TXN-000855,ES,2026-07,2026-07-05,WLF-1002,sup-solis,PPG / Nexa,"Sanding discs 150 mm, coarse",schleif,105,piece,74.66,7839.3,EUR,7839.3,synthetic-spend-ES.csv,True,indirect
TXN-000856,ES,2026-08,2026-08-19,WLF-1002,sup-solis,PPG / Nexa,"Sanding discs 150 mm, coarse",schleif,97,piece,74.66,7242.02,EUR,7242.02,synthetic-spend-ES.csv,True,indirect
TXN-000857,ES,2026-01,2026-01-03,WLF-1003,sup-orbit,Würth,Standard masking tape,kleb,82,piece,22.37,1834.34,EUR,1834.34,synthetic-spend-ES.csv,True,direct
TXN-000858,ES,2026-02,2026-02-02,WLF-1003,sup-orbit,Würth,Standard masking tape,kleb,221,piece,22.37,4943.77,EUR,4943.77,synthetic-spend-ES.csv,True,direct
TXN-000859,ES,2026-03,2026-03-01,WLF-1003,sup-orbit,Würth,Standard masking tape,kleb,105,piece,22.37,2348.85,EUR,2348.85,synthetic-spend-ES.csv,True,direct
TXN-000860,ES,2026-04,2026-04-28,WLF-1003,sup-orbit,Würth,Standard masking tape,kleb,43,piece,22.37,961.91,EUR,961.91,synthetic-spend-ES.csv,True,direct
TXN-000861,ES,2026-05,2026-05-26,WLF-1003,sup-orbit,Würth,Standard masking tape,kleb,48,piece,22.37,1073.76,EUR,1073.76,synthetic-spend-ES.csv,True,direct
TXN-000862,ES,2026-06,2026-06-18,WLF-1003,sup-orbit,Würth,Standard masking tape,kleb,286,piece,22.37,6397.82,EUR,6397.82,synthetic-spend-ES.csv,True,direct
TXN-000863,ES,2026-07,2026-07-02,WLF-1003,sup-orbit,Würth,Standard masking tape,kleb,91,piece,22.37,2035.67,EUR,2035.67,synthetic-spend-ES.csv,True,direct
TXN-000864,ES,2026-08,2026-08-22,WLF-1003,sup-orbit,Würth,Standard masking tape,kleb,104,piece,22.37,2326.48,EUR,2326.48,synthetic-spend-ES.csv,True,direct
TXN-000865,ES,2026-01,2026-01-02,WLF-1004,sup-helio,Kovax,Cutting compound (coarse/medium),polier,255,piece,33.98,8664.9,EUR,8664.9,synthetic-spend-ES.csv,True,direct
TXN-000866,ES,2026-02,2026-02-04,WLF-1004,sup-helio,Kovax,Cutting compound (coarse/medium),polier,56,piece,33.98,1902.88,EUR,1902.88,synthetic-spend-ES.csv,True,direct
TXN-000867,ES,2026-03,2026-03-23,WLF-1004,sup-helio,Kovax,Cutting compound (coarse/medium),polier,120,piece,33.98,4077.6,EUR,4077.6,synthetic-spend-ES.csv,True,direct
TXN-000868,ES,2026-04,2026-04-13,WLF-1004,sup-helio,Kovax,Cutting compound (coarse/medium),polier,43,piece,33.98,1461.14,EUR,1461.14,synthetic-spend-ES.csv,True,direct
TXN-000869,ES,2026-05,2026-05-17,WLF-1004,sup-helio,Kovax,Cutting compound (coarse/medium),polier,75,piece,33.98,2548.5,EUR,2548.5,synthetic-spend-ES.csv,True,direct
TXN-000870,ES,2026-06,2026-06-20,WLF-1004,sup-helio,Kovax,Cutting compound (coarse/medium),polier,230,piece,33.98,7815.4,EUR,7815.4,synthetic-spend-ES.csv,True,direct
TXN-000871,ES,2026-07,2026-07-28,WLF-1004,sup-helio,Kovax,Cutting compound (coarse/medium),polier,57,piece,33.98,1936.86,EUR,1936.86,synthetic-spend-ES.csv,True,direct
TXN-000872,ES,2026-08,2026-08-12,WLF-1004,sup-helio,Kovax,Cutting compound (coarse/medium),polier,294,piece,33.98,9990.12,EUR,9990.12,synthetic-spend-ES.csv,True,direct
TXN-000873,ES,2026-01,2026-01-11,WLF-1005,sup-vanta,Starcke,Solvent-based silicone remover,kabine,205,piece,26.69,5471.45,EUR,5471.45,synthetic-spend-ES.csv,True,indirect
TXN-000874,ES,2026-02,2026-02-14,WLF-1005,sup-vanta,Starcke,Solvent-based silicone remover,kabine,168,piece,26.69,4483.92,EUR,4483.92,synthetic-spend-ES.csv,True,indirect
TXN-000875,ES,2026-03,2026-03-05,WLF-1005,sup-vanta,Starcke,Solvent-based silicone remover,kabine,323,piece,26.69,8620.87,EUR,8620.87,synthetic-spend-ES.csv,True,indirect
TXN-000876,ES,2026-04,2026-04-17,WLF-1005,sup-vanta,Starcke,Solvent-based silicone remover,kabine,179,piece,26.69,4777.51,EUR,4777.51,synthetic-spend-ES.csv,True,indirect
TXN-000877,ES,2026-05,2026-05-18,WLF-1005,sup-vanta,Starcke,Solvent-based silicone remover,kabine,314,piece,26.69,8380.66,EUR,8380.66,synthetic-spend-ES.csv,True,indirect
TXN-000878,ES,2026-06,2026-06-18,WLF-1005,sup-vanta,Starcke,Solvent-based silicone remover,kabine,312,piece,26.69,8327.28,EUR,8327.28,synthetic-spend-ES.csv,True,indirect
TXN-000879,ES,2026-07,2026-07-03,WLF-1005,sup-vanta,Starcke,Solvent-based silicone remover,kabine,120,piece,26.69,3202.8,EUR,3202.8,synthetic-spend-ES.csv,True,indirect
TXN-000880,ES,2026-08,2026-08-03,WLF-1005,sup-vanta,Starcke,Solvent-based silicone remover,kabine,247,piece,26.69,6592.43,EUR,6592.43,synthetic-spend-ES.csv,True,indirect
TXN-000881,ES,2026-01,2026-01-09,WLF-1006,sup-aster,3M,Half mask / spray-painting respirator,psa,154,piece,28.06,4321.24,EUR,4321.24,synthetic-spend-ES.csv,True,direct
TXN-000882,ES,2026-02,2026-02-06,WLF-1006,sup-aster,3M,Half mask / spray-painting respirator,psa,159,piece,28.06,4461.54,EUR,4461.54,synthetic-spend-ES.csv,True,direct
TXN-000883,ES,2026-03,2026-03-13,WLF-1006,sup-aster,3M,Half mask / spray-painting respirator,psa,155,piece,28.06,4349.3,EUR,4349.3,synthetic-spend-ES.csv,True,direct
TXN-000884,ES,2026-04,2026-04-22,WLF-1006,sup-aster,3M,Half mask / spray-painting respirator,psa,172,piece,28.06,4826.32,EUR,4826.32,synthetic-spend-ES.csv,True,direct
TXN-000885,ES,2026-05,2026-05-24,WLF-1006,sup-aster,3M,Half mask / spray-painting respirator,psa,220,piece,28.06,6173.2,EUR,6173.2,synthetic-spend-ES.csv,True,direct
TXN-000886,ES,2026-06,2026-06-27,WLF-1006,sup-aster,3M,Half mask / spray-painting respirator,psa,308,piece,28.06,8642.48,EUR,8642.48,synthetic-spend-ES.csv,True,direct
TXN-000887,ES,2026-07,2026-07-13,WLF-1006,sup-aster,3M,Half mask / spray-painting respirator,psa,240,piece,28.06,6734.4,EUR,6734.4,synthetic-spend-ES.csv,True,direct
TXN-000888,ES,2026-08,2026-08-16,WLF-1006,sup-aster,3M,Half mask / spray-painting respirator,psa,313,piece,28.06,8782.78,EUR,8782.78,synthetic-spend-ES.csv,True,direct
TXN-000889,ES,2026-01,2026-01-11,WLF-1007,sup-velora,Glasurit (BASF),"Random orbital sander 150 mm, 5 mm orbit",werkstatt,213,piece,33.57,7150.41,EUR,7150.41,synthetic-spend-ES.csv,True,direct
TXN-000890,ES,2026-02,2026-02-08,WLF-1007,sup-velora,Glasurit (BASF),"Random orbital sander 150 mm, 5 mm orbit",werkstatt,158,piece,33.57,5304.06,EUR,5304.06,synthetic-spend-ES.csv,True,direct
TXN-000891,ES,2026-03,2026-03-27,WLF-1007,sup-velora,Glasurit (BASF),"Random orbital sander 150 mm, 5 mm orbit",werkstatt,258,piece,33.57,8661.06,EUR,8661.06,synthetic-spend-ES.csv,True,direct
TXN-000892,ES,2026-04,2026-04-27,WLF-1007,sup-velora,Glasurit (BASF),"Random orbital sander 150 mm, 5 mm orbit",werkstatt,230,piece,33.57,7721.1,EUR,7721.1,synthetic-spend-ES.csv,True,direct
TXN-000893,ES,2026-05,2026-05-27,WLF-1007,sup-velora,Glasurit (BASF),"Random orbital sander 150 mm, 5 mm orbit",werkstatt,221,piece,33.57,7418.97,EUR,7418.97,synthetic-spend-ES.csv,True,direct
TXN-000894,ES,2026-06,2026-06-05,WLF-1007,sup-velora,Glasurit (BASF),"Random orbital sander 150 mm, 5 mm orbit",werkstatt,300,piece,33.57,10071.0,EUR,10071.0,synthetic-spend-ES.csv,True,direct
TXN-000895,ES,2026-07,2026-07-14,WLF-1007,sup-velora,Glasurit (BASF),"Random orbital sander 150 mm, 5 mm orbit",werkstatt,42,piece,33.57,1409.94,EUR,1409.94,synthetic-spend-ES.csv,True,direct
TXN-000896,ES,2026-08,2026-08-24,WLF-1007,sup-velora,Glasurit (BASF),"Random orbital sander 150 mm, 5 mm orbit",werkstatt,199,piece,33.57,6680.43,EUR,6680.43,synthetic-spend-ES.csv,True,direct
TXN-000897,ES,2026-01,2026-01-16,WLF-1008,sup-lumen,Finixa,Paint cup for compressed-air spray gun,lack,322,piece,72.23,23258.06,EUR,23258.06,synthetic-spend-ES.csv,True,indirect
TXN-000898,ES,2026-02,2026-02-28,WLF-1008,sup-lumen,Finixa,Paint cup for compressed-air spray gun,lack,105,piece,72.23,7584.15,EUR,7584.15,synthetic-spend-ES.csv,True,indirect
TXN-000899,ES,2026-03,2026-03-18,WLF-1008,sup-lumen,Finixa,Paint cup for compressed-air spray gun,lack,229,piece,72.23,16540.67,EUR,16540.67,synthetic-spend-ES.csv,True,indirect
TXN-000900,ES,2026-04,2026-04-22,WLF-1008,sup-lumen,Finixa,Paint cup for compressed-air spray gun,lack,66,piece,72.23,4767.18,EUR,4767.18,synthetic-spend-ES.csv,True,indirect
TXN-000901,ES,2026-05,2026-05-06,WLF-1008,sup-lumen,Finixa,Paint cup for compressed-air spray gun,lack,81,piece,72.23,5850.63,EUR,5850.63,synthetic-spend-ES.csv,True,indirect
TXN-000902,ES,2026-06,2026-06-24,WLF-1008,sup-lumen,Finixa,Paint cup for compressed-air spray gun,lack,223,piece,72.23,16107.29,EUR,16107.29,synthetic-spend-ES.csv,True,indirect
TXN-000903,ES,2026-07,2026-07-10,WLF-1008,sup-lumen,Finixa,Paint cup for compressed-air spray gun,lack,235,piece,72.23,16974.05,EUR,16974.05,synthetic-spend-ES.csv,True,indirect
TXN-000904,ES,2026-08,2026-08-10,WLF-1008,sup-lumen,Finixa,Paint cup for compressed-air spray gun,lack,149,piece,72.23,10762.27,EUR,10762.27,synthetic-spend-ES.csv,True,indirect
TXN-000905,ES,2026-01,2026-01-20,WLF-1009,sup-novex,Mirka,"Sanding discs 150 mm, intermediate",schleif,154,piece,68.45,10541.3,EUR,10541.3,synthetic-spend-ES.csv,True,direct
TXN-000906,ES,2026-02,2026-02-11,WLF-1009,sup-novex,Mirka,"Sanding discs 150 mm, intermediate",schleif,228,piece,68.45,15606.6,EUR,15606.6,synthetic-spend-ES.csv,True,direct
TXN-000907,ES,2026-03,2026-03-14,WLF-1009,sup-novex,Mirka,"Sanding discs 150 mm, intermediate",schleif,269,piece,68.45,18413.05,EUR,18413.05,synthetic-spend-ES.csv,True,direct
TXN-000908,ES,2026-04,2026-04-21,WLF-1009,sup-novex,Mirka,"Sanding discs 150 mm, intermediate",schleif,304,piece,68.45,20808.8,EUR,20808.8,synthetic-spend-ES.csv,True,direct
TXN-000909,ES,2026-05,2026-05-01,WLF-1009,sup-novex,Mirka,"Sanding discs 150 mm, intermediate",schleif,69,piece,68.45,4723.05,EUR,4723.05,synthetic-spend-ES.csv,True,direct
TXN-000910,ES,2026-06,2026-06-17,WLF-1009,sup-novex,Mirka,"Sanding discs 150 mm, intermediate",schleif,68,piece,68.45,4654.6,EUR,4654.6,synthetic-spend-ES.csv,True,direct
TXN-000911,ES,2026-07,2026-07-09,WLF-1009,sup-novex,Mirka,"Sanding discs 150 mm, intermediate",schleif,253,piece,68.45,17317.85,EUR,17317.85,synthetic-spend-ES.csv,True,direct
TXN-000912,ES,2026-08,2026-08-22,WLF-1009,sup-novex,Mirka,"Sanding discs 150 mm, intermediate",schleif,277,piece,68.45,18960.65,EUR,18960.65,synthetic-spend-ES.csv,True,direct
TXN-000913,ES,2026-01,2026-01-16,WLF-1010,sup-arcus,SATA,Fine-line tape,kleb,189,piece,20.55,3883.95,EUR,3883.95,synthetic-spend-ES.csv,True,direct
TXN-000914,ES,2026-02,2026-02-02,WLF-1010,sup-arcus,SATA,Fine-line tape,kleb,91,piece,20.55,1870.05,EUR,1870.05,synthetic-spend-ES.csv,True,direct
TXN-000915,ES,2026-03,2026-03-23,WLF-1010,sup-arcus,SATA,Fine-line tape,kleb,220,piece,20.55,4521.0,EUR,4521.0,synthetic-spend-ES.csv,True,direct
TXN-000916,ES,2026-04,2026-04-23,WLF-1010,sup-arcus,SATA,Fine-line tape,kleb,146,piece,20.55,3000.3,EUR,3000.3,synthetic-spend-ES.csv,True,direct
TXN-000917,ES,2026-05,2026-05-04,WLF-1010,sup-arcus,SATA,Fine-line tape,kleb,81,piece,20.55,1664.55,EUR,1664.55,synthetic-spend-ES.csv,True,direct
TXN-000918,ES,2026-06,2026-06-13,WLF-1010,sup-arcus,SATA,Fine-line tape,kleb,94,piece,20.55,1931.7,EUR,1931.7,synthetic-spend-ES.csv,True,direct
TXN-000919,ES,2026-07,2026-07-13,WLF-1010,sup-arcus,SATA,Fine-line tape,kleb,93,piece,20.55,1911.15,EUR,1911.15,synthetic-spend-ES.csv,True,direct
TXN-000920,ES,2026-08,2026-08-06,WLF-1010,sup-arcus,SATA,Fine-line tape,kleb,286,piece,20.55,5877.3,EUR,5877.3,synthetic-spend-ES.csv,True,direct
TXN-000921,ES,2026-01,2026-01-10,WLF-1011,sup-cobalt,tesa,Polish (fine / anti-hologram),polier,283,piece,11.84,3350.72,EUR,3350.72,synthetic-spend-ES.csv,True,indirect
TXN-000922,ES,2026-02,2026-02-21,WLF-1011,sup-cobalt,tesa,Polish (fine / anti-hologram),polier,120,piece,11.84,1420.8,EUR,1420.8,synthetic-spend-ES.csv,True,indirect
TXN-000923,ES,2026-03,2026-03-03,WLF-1011,sup-cobalt,tesa,Polish (fine / anti-hologram),polier,287,piece,11.84,3398.08,EUR,3398.08,synthetic-spend-ES.csv,True,indirect
TXN-000924,ES,2026-04,2026-04-07,WLF-1011,sup-cobalt,tesa,Polish (fine / anti-hologram),polier,50,piece,11.84,592.0,EUR,592.0,synthetic-spend-ES.csv,True,indirect
TXN-000925,ES,2026-05,2026-05-22,WLF-1011,sup-cobalt,tesa,Polish (fine / anti-hologram),polier,325,piece,11.84,3848.0,EUR,3848.0,synthetic-spend-ES.csv,True,indirect
TXN-000926,ES,2026-06,2026-06-13,WLF-1011,sup-cobalt,tesa,Polish (fine / anti-hologram),polier,120,piece,11.84,1420.8,EUR,1420.8,synthetic-spend-ES.csv,True,indirect
TXN-000927,ES,2026-07,2026-07-04,WLF-1011,sup-cobalt,tesa,Polish (fine / anti-hologram),polier,52,piece,11.84,615.68,EUR,615.68,synthetic-spend-ES.csv,True,indirect
TXN-000928,ES,2026-08,2026-08-23,WLF-1011,sup-cobalt,tesa,Polish (fine / anti-hologram),polier,220,piece,11.84,2604.8,EUR,2604.8,synthetic-spend-ES.csv,True,indirect
TXN-000929,ES,2026-01,2026-01-17,WLF-1012,sup-solis,PPG / Nexa,Water-based silicone remover,kabine,195,piece,37.31,7275.45,EUR,7275.45,synthetic-spend-ES.csv,True,direct
TXN-000930,ES,2026-02,2026-02-02,WLF-1012,sup-solis,PPG / Nexa,Water-based silicone remover,kabine,144,piece,37.31,5372.64,EUR,5372.64,synthetic-spend-ES.csv,True,direct
TXN-000931,ES,2026-03,2026-03-28,WLF-1012,sup-solis,PPG / Nexa,Water-based silicone remover,kabine,30,piece,37.31,1119.3,EUR,1119.3,synthetic-spend-ES.csv,True,direct
TXN-000932,ES,2026-04,2026-04-10,WLF-1012,sup-solis,PPG / Nexa,Water-based silicone remover,kabine,65,piece,37.31,2425.15,EUR,2425.15,synthetic-spend-ES.csv,True,direct
TXN-000933,ES,2026-05,2026-05-07,WLF-1012,sup-solis,PPG / Nexa,Water-based silicone remover,kabine,293,piece,37.31,10931.83,EUR,10931.83,synthetic-spend-ES.csv,True,direct
TXN-000934,ES,2026-06,2026-06-09,WLF-1012,sup-solis,PPG / Nexa,Water-based silicone remover,kabine,258,piece,37.31,9625.98,EUR,9625.98,synthetic-spend-ES.csv,True,direct
TXN-000935,ES,2026-07,2026-07-24,WLF-1012,sup-solis,PPG / Nexa,Water-based silicone remover,kabine,110,piece,37.31,4104.1,EUR,4104.1,synthetic-spend-ES.csv,True,direct
TXN-000936,ES,2026-08,2026-08-08,WLF-1012,sup-solis,PPG / Nexa,Water-based silicone remover,kabine,34,piece,37.31,1268.54,EUR,1268.54,synthetic-spend-ES.csv,True,direct
TXN-000937,ES,2026-01,2026-01-05,WLF-1013,sup-orbit,Würth,A2 filter cartridges,psa,57,piece,6.31,359.67,EUR,359.67,synthetic-spend-ES.csv,True,direct
TXN-000938,ES,2026-02,2026-02-13,WLF-1013,sup-orbit,Würth,A2 filter cartridges,psa,55,piece,6.31,347.05,EUR,347.05,synthetic-spend-ES.csv,True,direct
TXN-000939,ES,2026-03,2026-03-01,WLF-1013,sup-orbit,Würth,A2 filter cartridges,psa,184,piece,6.31,1161.04,EUR,1161.04,synthetic-spend-ES.csv,True,direct
TXN-000940,ES,2026-04,2026-04-26,WLF-1013,sup-orbit,Würth,A2 filter cartridges,psa,288,piece,6.31,1817.28,EUR,1817.28,synthetic-spend-ES.csv,True,direct
TXN-000941,ES,2026-05,2026-05-11,WLF-1013,sup-orbit,Würth,A2 filter cartridges,psa,77,piece,6.31,485.87,EUR,485.87,synthetic-spend-ES.csv,True,direct
TXN-000942,ES,2026-06,2026-06-07,WLF-1013,sup-orbit,Würth,A2 filter cartridges,psa,291,piece,6.31,1836.21,EUR,1836.21,synthetic-spend-ES.csv,True,direct
TXN-000943,ES,2026-07,2026-07-10,WLF-1013,sup-orbit,Würth,A2 filter cartridges,psa,118,piece,6.31,744.58,EUR,744.58,synthetic-spend-ES.csv,True,direct
TXN-000944,ES,2026-08,2026-08-18,WLF-1013,sup-orbit,Würth,A2 filter cartridges,psa,73,piece,6.31,460.63,EUR,460.63,synthetic-spend-ES.csv,True,direct
TXN-000945,ES,2026-01,2026-01-05,WLF-1014,sup-helio,Kovax,Random orbital sander 77 mm,werkstatt,108,piece,30.34,3276.72,EUR,3276.72,synthetic-spend-ES.csv,True,indirect
TXN-000946,ES,2026-02,2026-02-02,WLF-1014,sup-helio,Kovax,Random orbital sander 77 mm,werkstatt,324,piece,30.34,9830.16,EUR,9830.16,synthetic-spend-ES.csv,True,indirect
TXN-000947,ES,2026-03,2026-03-02,WLF-1014,sup-helio,Kovax,Random orbital sander 77 mm,werkstatt,274,piece,30.34,8313.16,EUR,8313.16,synthetic-spend-ES.csv,True,indirect
TXN-000948,ES,2026-04,2026-04-11,WLF-1014,sup-helio,Kovax,Random orbital sander 77 mm,werkstatt,100,piece,30.34,3034.0,EUR,3034.0,synthetic-spend-ES.csv,True,indirect
TXN-000949,ES,2026-05,2026-05-27,WLF-1014,sup-helio,Kovax,Random orbital sander 77 mm,werkstatt,259,piece,30.34,7858.06,EUR,7858.06,synthetic-spend-ES.csv,True,indirect
TXN-000950,ES,2026-06,2026-06-06,WLF-1014,sup-helio,Kovax,Random orbital sander 77 mm,werkstatt,96,piece,30.34,2912.64,EUR,2912.64,synthetic-spend-ES.csv,True,indirect
TXN-000951,ES,2026-07,2026-07-09,WLF-1014,sup-helio,Kovax,Random orbital sander 77 mm,werkstatt,142,piece,30.34,4308.28,EUR,4308.28,synthetic-spend-ES.csv,True,indirect
TXN-000952,ES,2026-08,2026-08-28,WLF-1014,sup-helio,Kovax,Random orbital sander 77 mm,werkstatt,233,piece,30.34,7069.22,EUR,7069.22,synthetic-spend-ES.csv,True,indirect
TXN-000953,ES,2026-01,2026-01-18,WLF-1015,sup-vanta,Starcke,Paint strainers 125 µ / 200 µ,lack,215,piece,71.12,15290.8,EUR,15290.8,synthetic-spend-ES.csv,True,direct
TXN-000954,ES,2026-02,2026-02-01,WLF-1015,sup-vanta,Starcke,Paint strainers 125 µ / 200 µ,lack,259,piece,71.12,18420.08,EUR,18420.08,synthetic-spend-ES.csv,True,direct
TXN-000955,ES,2026-03,2026-03-08,WLF-1015,sup-vanta,Starcke,Paint strainers 125 µ / 200 µ,lack,214,piece,71.12,15219.68,EUR,15219.68,synthetic-spend-ES.csv,True,direct
TXN-000956,ES,2026-04,2026-04-08,WLF-1015,sup-vanta,Starcke,Paint strainers 125 µ / 200 µ,lack,119,piece,71.12,8463.28,EUR,8463.28,synthetic-spend-ES.csv,True,direct
TXN-000957,ES,2026-05,2026-05-14,WLF-1015,sup-vanta,Starcke,Paint strainers 125 µ / 200 µ,lack,101,piece,71.12,7183.12,EUR,7183.12,synthetic-spend-ES.csv,True,direct
TXN-000958,ES,2026-06,2026-06-26,WLF-1015,sup-vanta,Starcke,Paint strainers 125 µ / 200 µ,lack,83,piece,71.12,5902.96,EUR,5902.96,synthetic-spend-ES.csv,True,direct
TXN-000959,ES,2026-07,2026-07-25,WLF-1015,sup-vanta,Starcke,Paint strainers 125 µ / 200 µ,lack,215,piece,71.12,15290.8,EUR,15290.8,synthetic-spend-ES.csv,True,direct
TXN-000960,ES,2026-08,2026-08-11,WLF-1015,sup-vanta,Starcke,Paint strainers 125 µ / 200 µ,lack,81,piece,71.12,5760.72,EUR,5760.72,synthetic-spend-ES.csv,True,direct
TXN-000961,ES,2026-01,2026-01-25,WLF-1016,sup-aster,3M,"Sanding discs 150 mm, fine",schleif,216,piece,66.43,14348.88,EUR,14348.88,synthetic-spend-ES.csv,True,direct
TXN-000962,ES,2026-02,2026-02-25,WLF-1016,sup-aster,3M,"Sanding discs 150 mm, fine",schleif,37,piece,66.43,2457.91,EUR,2457.91,synthetic-spend-ES.csv,True,direct
TXN-000963,ES,2026-03,2026-03-28,WLF-1016,sup-aster,3M,"Sanding discs 150 mm, fine",schleif,48,piece,66.43,3188.64,EUR,3188.64,synthetic-spend-ES.csv,True,direct
TXN-000964,ES,2026-04,2026-04-23,WLF-1016,sup-aster,3M,"Sanding discs 150 mm, fine",schleif,248,piece,66.43,16474.64,EUR,16474.64,synthetic-spend-ES.csv,True,direct
TXN-000965,ES,2026-05,2026-05-19,WLF-1016,sup-aster,3M,"Sanding discs 150 mm, fine",schleif,143,piece,66.43,9499.49,EUR,9499.49,synthetic-spend-ES.csv,True,direct
TXN-000966,ES,2026-06,2026-06-16,WLF-1016,sup-aster,3M,"Sanding discs 150 mm, fine",schleif,67,piece,66.43,4450.81,EUR,4450.81,synthetic-spend-ES.csv,True,direct
TXN-000967,ES,2026-07,2026-07-20,WLF-1016,sup-aster,3M,"Sanding discs 150 mm, fine",schleif,228,piece,66.43,15146.04,EUR,15146.04,synthetic-spend-ES.csv,True,direct
TXN-000968,ES,2026-08,2026-08-08,WLF-1016,sup-aster,3M,"Sanding discs 150 mm, fine",schleif,37,piece,66.43,2457.91,EUR,2457.91,synthetic-spend-ES.csv,True,direct
TXN-000969,ES,2026-01,2026-01-04,WLF-1017,sup-velora,Glasurit (BASF),Contour tape,kleb,66,piece,15.07,994.62,EUR,994.62,synthetic-spend-ES.csv,False,indirect
TXN-000970,ES,2026-02,2026-02-14,WLF-1017,sup-velora,Glasurit (BASF),Contour tape,kleb,248,piece,15.07,3737.36,EUR,3737.36,synthetic-spend-ES.csv,False,indirect
TXN-000971,ES,2026-03,2026-03-16,WLF-1017,sup-velora,Glasurit (BASF),Contour tape,kleb,63,piece,15.07,949.41,EUR,949.41,synthetic-spend-ES.csv,False,indirect
TXN-000972,ES,2026-04,2026-04-12,WLF-1017,sup-velora,Glasurit (BASF),Contour tape,kleb,214,piece,15.07,3224.98,EUR,3224.98,synthetic-spend-ES.csv,False,indirect
TXN-000973,ES,2026-05,2026-05-16,WLF-1017,sup-velora,Glasurit (BASF),Contour tape,kleb,97,piece,15.07,1461.79,EUR,1461.79,synthetic-spend-ES.csv,False,indirect
TXN-000974,ES,2026-06,2026-06-06,WLF-1017,sup-velora,Glasurit (BASF),Contour tape,kleb,194,piece,15.07,2923.58,EUR,2923.58,synthetic-spend-ES.csv,False,indirect
TXN-000975,ES,2026-07,2026-07-19,WLF-1017,sup-velora,Glasurit (BASF),Contour tape,kleb,307,piece,15.07,4626.49,EUR,4626.49,synthetic-spend-ES.csv,False,indirect
TXN-000976,ES,2026-08,2026-08-18,WLF-1017,sup-velora,Glasurit (BASF),Contour tape,kleb,198,piece,15.07,2983.86,EUR,2983.86,synthetic-spend-ES.csv,False,indirect
TXN-000977,ES,2026-01,2026-01-26,WLF-1018,sup-lumen,Finixa,One-step cutting and polishing compound,polier,213,piece,32.37,6894.81,EUR,6894.81,synthetic-spend-ES.csv,False,direct
TXN-000978,ES,2026-02,2026-02-17,WLF-1018,sup-lumen,Finixa,One-step cutting and polishing compound,polier,25,piece,32.37,809.25,EUR,809.25,synthetic-spend-ES.csv,False,direct
TXN-000979,ES,2026-03,2026-03-15,WLF-1018,sup-lumen,Finixa,One-step cutting and polishing compound,polier,113,piece,32.37,3657.81,EUR,3657.81,synthetic-spend-ES.csv,False,direct
TXN-000980,ES,2026-04,2026-04-01,WLF-1018,sup-lumen,Finixa,One-step cutting and polishing compound,polier,247,piece,32.37,7995.39,EUR,7995.39,synthetic-spend-ES.csv,False,direct
TXN-000981,ES,2026-05,2026-05-21,WLF-1018,sup-lumen,Finixa,One-step cutting and polishing compound,polier,152,piece,32.37,4920.24,EUR,4920.24,synthetic-spend-ES.csv,False,direct
TXN-000982,ES,2026-06,2026-06-17,WLF-1018,sup-lumen,Finixa,One-step cutting and polishing compound,polier,68,piece,32.37,2201.16,EUR,2201.16,synthetic-spend-ES.csv,False,direct
TXN-000983,ES,2026-07,2026-07-26,WLF-1018,sup-lumen,Finixa,One-step cutting and polishing compound,polier,30,piece,32.37,971.1,EUR,971.1,synthetic-spend-ES.csv,False,direct
TXN-000984,ES,2026-08,2026-08-05,WLF-1018,sup-lumen,Finixa,One-step cutting and polishing compound,polier,286,piece,32.37,9257.82,EUR,9257.82,synthetic-spend-ES.csv,False,direct
TXN-000985,ES,2026-01,2026-01-09,WLF-1019,sup-novex,Mirka,Pre-saturated cleaning wipes,kabine,267,piece,82.06,21910.02,EUR,21910.02,synthetic-spend-ES.csv,False,direct
TXN-000986,ES,2026-02,2026-02-07,WLF-1019,sup-novex,Mirka,Pre-saturated cleaning wipes,kabine,63,piece,82.06,5169.78,EUR,5169.78,synthetic-spend-ES.csv,False,direct
TXN-000987,ES,2026-03,2026-03-25,WLF-1019,sup-novex,Mirka,Pre-saturated cleaning wipes,kabine,66,piece,82.06,5415.96,EUR,5415.96,synthetic-spend-ES.csv,False,direct
TXN-000988,ES,2026-04,2026-04-21,WLF-1019,sup-novex,Mirka,Pre-saturated cleaning wipes,kabine,290,piece,82.06,23797.4,EUR,23797.4,synthetic-spend-ES.csv,False,direct
TXN-000989,ES,2026-05,2026-05-24,WLF-1019,sup-novex,Mirka,Pre-saturated cleaning wipes,kabine,199,piece,82.06,16329.94,EUR,16329.94,synthetic-spend-ES.csv,False,direct
TXN-000990,ES,2026-06,2026-06-09,WLF-1019,sup-novex,Mirka,Pre-saturated cleaning wipes,kabine,131,piece,82.06,10749.86,EUR,10749.86,synthetic-spend-ES.csv,False,direct
TXN-000991,ES,2026-07,2026-07-22,WLF-1019,sup-novex,Mirka,Pre-saturated cleaning wipes,kabine,111,piece,82.06,9108.66,EUR,9108.66,synthetic-spend-ES.csv,False,direct
TXN-000992,ES,2026-08,2026-08-20,WLF-1019,sup-novex,Mirka,Pre-saturated cleaning wipes,kabine,270,piece,82.06,22156.2,EUR,22156.2,synthetic-spend-ES.csv,False,direct
TXN-000993,ES,2026-01,2026-01-27,WLF-1020,sup-arcus,SATA,P3 particulate filters,psa,105,piece,26.76,2809.8,EUR,2809.8,synthetic-spend-ES.csv,False,indirect
TXN-000994,ES,2026-02,2026-02-04,WLF-1020,sup-arcus,SATA,P3 particulate filters,psa,237,piece,26.76,6342.12,EUR,6342.12,synthetic-spend-ES.csv,False,indirect
TXN-000995,ES,2026-03,2026-03-16,WLF-1020,sup-arcus,SATA,P3 particulate filters,psa,51,piece,26.76,1364.76,EUR,1364.76,synthetic-spend-ES.csv,False,indirect
TXN-000996,ES,2026-04,2026-04-06,WLF-1020,sup-arcus,SATA,P3 particulate filters,psa,280,piece,26.76,7492.8,EUR,7492.8,synthetic-spend-ES.csv,False,indirect
TXN-000997,ES,2026-05,2026-05-19,WLF-1020,sup-arcus,SATA,P3 particulate filters,psa,49,piece,26.76,1311.24,EUR,1311.24,synthetic-spend-ES.csv,False,indirect
TXN-000998,ES,2026-06,2026-06-26,WLF-1020,sup-arcus,SATA,P3 particulate filters,psa,279,piece,26.76,7466.04,EUR,7466.04,synthetic-spend-ES.csv,False,indirect
TXN-000999,ES,2026-07,2026-07-08,WLF-1020,sup-arcus,SATA,P3 particulate filters,psa,300,piece,26.76,8028.0,EUR,8028.0,synthetic-spend-ES.csv,False,indirect
TXN-001000,ES,2026-08,2026-08-17,WLF-1020,sup-arcus,SATA,P3 particulate filters,psa,327,piece,26.76,8750.52,EUR,8750.52,synthetic-spend-ES.csv,False,indirect
TXN-001001,ES,2026-01,2026-01-22,WLF-1021,sup-cobalt,tesa,Electric random orbital sander 150 mm,werkstatt,315,piece,15.43,4860.45,EUR,4860.45,synthetic-spend-ES.csv,False,direct
TXN-001002,ES,2026-02,2026-02-15,WLF-1021,sup-cobalt,tesa,Electric random orbital sander 150 mm,werkstatt,36,piece,15.43,555.48,EUR,555.48,synthetic-spend-ES.csv,False,direct
TXN-001003,ES,2026-03,2026-03-13,WLF-1021,sup-cobalt,tesa,Electric random orbital sander 150 mm,werkstatt,48,piece,15.43,740.64,EUR,740.64,synthetic-spend-ES.csv,False,direct
TXN-001004,ES,2026-04,2026-04-06,WLF-1021,sup-cobalt,tesa,Electric random orbital sander 150 mm,werkstatt,194,piece,15.43,2993.42,EUR,2993.42,synthetic-spend-ES.csv,False,direct
TXN-001005,ES,2026-05,2026-05-18,WLF-1021,sup-cobalt,tesa,Electric random orbital sander 150 mm,werkstatt,69,piece,15.43,1064.67,EUR,1064.67,synthetic-spend-ES.csv,False,direct
TXN-001006,ES,2026-06,2026-06-08,WLF-1021,sup-cobalt,tesa,Electric random orbital sander 150 mm,werkstatt,107,piece,15.43,1651.01,EUR,1651.01,synthetic-spend-ES.csv,False,direct
TXN-001007,ES,2026-07,2026-07-07,WLF-1021,sup-cobalt,tesa,Electric random orbital sander 150 mm,werkstatt,50,piece,15.43,771.5,EUR,771.5,synthetic-spend-ES.csv,False,direct
TXN-001008,ES,2026-08,2026-08-15,WLF-1021,sup-cobalt,tesa,Electric random orbital sander 150 mm,werkstatt,84,piece,15.43,1296.12,EUR,1296.12,synthetic-spend-ES.csv,False,direct
TXN-001009,PT,2026-01,2026-01-17,WLF-1001,sup-solis,PPG / Nexa,Graduated mixing cup,lack,207,piece,39.86,8251.02,EUR,8251.02,synthetic-spend-PT.csv,True,indirect
TXN-001010,PT,2026-02,2026-02-17,WLF-1001,sup-solis,PPG / Nexa,Graduated mixing cup,lack,311,piece,39.86,12396.46,EUR,12396.46,synthetic-spend-PT.csv,True,indirect
TXN-001011,PT,2026-03,2026-03-17,WLF-1001,sup-solis,PPG / Nexa,Graduated mixing cup,lack,221,piece,39.86,8809.06,EUR,8809.06,synthetic-spend-PT.csv,True,indirect
TXN-001012,PT,2026-04,2026-04-12,WLF-1001,sup-solis,PPG / Nexa,Graduated mixing cup,lack,323,piece,39.86,12874.78,EUR,12874.78,synthetic-spend-PT.csv,True,indirect
TXN-001013,PT,2026-05,2026-05-04,WLF-1001,sup-solis,PPG / Nexa,Graduated mixing cup,lack,172,piece,39.86,6855.92,EUR,6855.92,synthetic-spend-PT.csv,True,indirect
TXN-001014,PT,2026-06,2026-06-03,WLF-1001,sup-solis,PPG / Nexa,Graduated mixing cup,lack,183,piece,39.86,7294.38,EUR,7294.38,synthetic-spend-PT.csv,True,indirect
TXN-001015,PT,2026-07,2026-07-04,WLF-1001,sup-solis,PPG / Nexa,Graduated mixing cup,lack,104,piece,39.86,4145.44,EUR,4145.44,synthetic-spend-PT.csv,True,indirect
TXN-001016,PT,2026-08,2026-08-19,WLF-1001,sup-solis,PPG / Nexa,Graduated mixing cup,lack,196,piece,39.86,7812.56,EUR,7812.56,synthetic-spend-PT.csv,True,indirect
TXN-001017,PT,2026-01,2026-01-17,WLF-1002,sup-orbit,Würth,"Sanding discs 150 mm, coarse",schleif,327,piece,66.59,21774.93,EUR,21774.93,synthetic-spend-PT.csv,True,direct
TXN-001018,PT,2026-02,2026-02-01,WLF-1002,sup-orbit,Würth,"Sanding discs 150 mm, coarse",schleif,320,piece,66.59,21308.8,EUR,21308.8,synthetic-spend-PT.csv,True,direct
TXN-001019,PT,2026-03,2026-03-12,WLF-1002,sup-orbit,Würth,"Sanding discs 150 mm, coarse",schleif,199,piece,66.59,13251.41,EUR,13251.41,synthetic-spend-PT.csv,True,direct
TXN-001020,PT,2026-04,2026-04-10,WLF-1002,sup-orbit,Würth,"Sanding discs 150 mm, coarse",schleif,112,piece,66.59,7458.08,EUR,7458.08,synthetic-spend-PT.csv,True,direct
TXN-001021,PT,2026-05,2026-05-19,WLF-1002,sup-orbit,Würth,"Sanding discs 150 mm, coarse",schleif,118,piece,66.59,7857.62,EUR,7857.62,synthetic-spend-PT.csv,True,direct
TXN-001022,PT,2026-06,2026-06-19,WLF-1002,sup-orbit,Würth,"Sanding discs 150 mm, coarse",schleif,252,piece,66.59,16780.68,EUR,16780.68,synthetic-spend-PT.csv,True,direct
TXN-001023,PT,2026-07,2026-07-17,WLF-1002,sup-orbit,Würth,"Sanding discs 150 mm, coarse",schleif,142,piece,66.59,9455.78,EUR,9455.78,synthetic-spend-PT.csv,True,direct
TXN-001024,PT,2026-08,2026-08-26,WLF-1002,sup-orbit,Würth,"Sanding discs 150 mm, coarse",schleif,79,piece,66.59,5260.61,EUR,5260.61,synthetic-spend-PT.csv,True,direct
TXN-001025,PT,2026-01,2026-01-21,WLF-1003,sup-helio,Kovax,Standard masking tape,kleb,213,piece,22.96,4890.48,EUR,4890.48,synthetic-spend-PT.csv,True,direct
TXN-001026,PT,2026-02,2026-02-13,WLF-1003,sup-helio,Kovax,Standard masking tape,kleb,67,piece,22.96,1538.32,EUR,1538.32,synthetic-spend-PT.csv,True,direct
TXN-001027,PT,2026-03,2026-03-17,WLF-1003,sup-helio,Kovax,Standard masking tape,kleb,287,piece,22.96,6589.52,EUR,6589.52,synthetic-spend-PT.csv,True,direct
TXN-001028,PT,2026-04,2026-04-20,WLF-1003,sup-helio,Kovax,Standard masking tape,kleb,135,piece,22.96,3099.6,EUR,3099.6,synthetic-spend-PT.csv,True,direct
TXN-001029,PT,2026-05,2026-05-07,WLF-1003,sup-helio,Kovax,Standard masking tape,kleb,170,piece,22.96,3903.2,EUR,3903.2,synthetic-spend-PT.csv,True,direct
TXN-001030,PT,2026-06,2026-06-22,WLF-1003,sup-helio,Kovax,Standard masking tape,kleb,171,piece,22.96,3926.16,EUR,3926.16,synthetic-spend-PT.csv,True,direct
TXN-001031,PT,2026-07,2026-07-26,WLF-1003,sup-helio,Kovax,Standard masking tape,kleb,279,piece,22.96,6405.84,EUR,6405.84,synthetic-spend-PT.csv,True,direct
TXN-001032,PT,2026-08,2026-08-19,WLF-1003,sup-helio,Kovax,Standard masking tape,kleb,180,piece,22.96,4132.8,EUR,4132.8,synthetic-spend-PT.csv,True,direct
TXN-001033,PT,2026-01,2026-01-17,WLF-1004,sup-vanta,Starcke,Cutting compound (coarse/medium),polier,310,piece,28.14,8723.4,EUR,8723.4,synthetic-spend-PT.csv,True,indirect
TXN-001034,PT,2026-02,2026-02-26,WLF-1004,sup-vanta,Starcke,Cutting compound (coarse/medium),polier,278,piece,28.14,7822.92,EUR,7822.92,synthetic-spend-PT.csv,True,indirect
TXN-001035,PT,2026-03,2026-03-20,WLF-1004,sup-vanta,Starcke,Cutting compound (coarse/medium),polier,266,piece,28.14,7485.24,EUR,7485.24,synthetic-spend-PT.csv,True,indirect
TXN-001036,PT,2026-04,2026-04-01,WLF-1004,sup-vanta,Starcke,Cutting compound (coarse/medium),polier,126,piece,28.14,3545.64,EUR,3545.64,synthetic-spend-PT.csv,True,indirect
TXN-001037,PT,2026-05,2026-05-11,WLF-1004,sup-vanta,Starcke,Cutting compound (coarse/medium),polier,46,piece,28.14,1294.44,EUR,1294.44,synthetic-spend-PT.csv,True,indirect
TXN-001038,PT,2026-06,2026-06-19,WLF-1004,sup-vanta,Starcke,Cutting compound (coarse/medium),polier,202,piece,28.14,5684.28,EUR,5684.28,synthetic-spend-PT.csv,True,indirect
TXN-001039,PT,2026-07,2026-07-11,WLF-1004,sup-vanta,Starcke,Cutting compound (coarse/medium),polier,128,piece,28.14,3601.92,EUR,3601.92,synthetic-spend-PT.csv,True,indirect
TXN-001040,PT,2026-08,2026-08-14,WLF-1004,sup-vanta,Starcke,Cutting compound (coarse/medium),polier,164,piece,28.14,4614.96,EUR,4614.96,synthetic-spend-PT.csv,True,indirect
TXN-001041,PT,2026-01,2026-01-19,WLF-1005,sup-aster,3M,Solvent-based silicone remover,kabine,206,piece,31.41,6470.46,EUR,6470.46,synthetic-spend-PT.csv,True,direct
TXN-001042,PT,2026-02,2026-02-21,WLF-1005,sup-aster,3M,Solvent-based silicone remover,kabine,314,piece,31.41,9862.74,EUR,9862.74,synthetic-spend-PT.csv,True,direct
TXN-001043,PT,2026-03,2026-03-19,WLF-1005,sup-aster,3M,Solvent-based silicone remover,kabine,38,piece,31.41,1193.58,EUR,1193.58,synthetic-spend-PT.csv,True,direct
TXN-001044,PT,2026-04,2026-04-15,WLF-1005,sup-aster,3M,Solvent-based silicone remover,kabine,328,piece,31.41,10302.48,EUR,10302.48,synthetic-spend-PT.csv,True,direct
TXN-001045,PT,2026-05,2026-05-03,WLF-1005,sup-aster,3M,Solvent-based silicone remover,kabine,95,piece,31.41,2983.95,EUR,2983.95,synthetic-spend-PT.csv,True,direct
TXN-001046,PT,2026-06,2026-06-02,WLF-1005,sup-aster,3M,Solvent-based silicone remover,kabine,308,piece,31.41,9674.28,EUR,9674.28,synthetic-spend-PT.csv,True,direct
TXN-001047,PT,2026-07,2026-07-08,WLF-1005,sup-aster,3M,Solvent-based silicone remover,kabine,191,piece,31.41,5999.31,EUR,5999.31,synthetic-spend-PT.csv,True,direct
TXN-001048,PT,2026-08,2026-08-06,WLF-1005,sup-aster,3M,Solvent-based silicone remover,kabine,35,piece,31.41,1099.35,EUR,1099.35,synthetic-spend-PT.csv,True,direct
TXN-001049,PT,2026-01,2026-01-20,WLF-1006,sup-velora,Glasurit (BASF),Half mask / spray-painting respirator,psa,322,piece,43.13,13887.86,EUR,13887.86,synthetic-spend-PT.csv,True,direct
TXN-001050,PT,2026-02,2026-02-11,WLF-1006,sup-velora,Glasurit (BASF),Half mask / spray-painting respirator,psa,178,piece,43.13,7677.14,EUR,7677.14,synthetic-spend-PT.csv,True,direct
TXN-001051,PT,2026-03,2026-03-25,WLF-1006,sup-velora,Glasurit (BASF),Half mask / spray-painting respirator,psa,190,piece,43.13,8194.7,EUR,8194.7,synthetic-spend-PT.csv,True,direct
TXN-001052,PT,2026-04,2026-04-28,WLF-1006,sup-velora,Glasurit (BASF),Half mask / spray-painting respirator,psa,145,piece,43.13,6253.85,EUR,6253.85,synthetic-spend-PT.csv,True,direct
TXN-001053,PT,2026-05,2026-05-02,WLF-1006,sup-velora,Glasurit (BASF),Half mask / spray-painting respirator,psa,186,piece,43.13,8022.18,EUR,8022.18,synthetic-spend-PT.csv,True,direct
TXN-001054,PT,2026-06,2026-06-20,WLF-1006,sup-velora,Glasurit (BASF),Half mask / spray-painting respirator,psa,119,piece,43.13,5132.47,EUR,5132.47,synthetic-spend-PT.csv,True,direct
TXN-001055,PT,2026-07,2026-07-17,WLF-1006,sup-velora,Glasurit (BASF),Half mask / spray-painting respirator,psa,75,piece,43.13,3234.75,EUR,3234.75,synthetic-spend-PT.csv,True,direct
TXN-001056,PT,2026-08,2026-08-07,WLF-1006,sup-velora,Glasurit (BASF),Half mask / spray-painting respirator,psa,31,piece,43.13,1337.03,EUR,1337.03,synthetic-spend-PT.csv,True,direct
TXN-001057,PT,2026-01,2026-01-11,WLF-1007,sup-lumen,Finixa,"Random orbital sander 150 mm, 5 mm orbit",werkstatt,36,piece,30.86,1110.96,EUR,1110.96,synthetic-spend-PT.csv,True,indirect
TXN-001058,PT,2026-02,2026-02-08,WLF-1007,sup-lumen,Finixa,"Random orbital sander 150 mm, 5 mm orbit",werkstatt,200,piece,30.86,6172.0,EUR,6172.0,synthetic-spend-PT.csv,True,indirect
TXN-001059,PT,2026-03,2026-03-15,WLF-1007,sup-lumen,Finixa,"Random orbital sander 150 mm, 5 mm orbit",werkstatt,237,piece,30.86,7313.82,EUR,7313.82,synthetic-spend-PT.csv,True,indirect
TXN-001060,PT,2026-04,2026-04-03,WLF-1007,sup-lumen,Finixa,"Random orbital sander 150 mm, 5 mm orbit",werkstatt,330,piece,30.86,10183.8,EUR,10183.8,synthetic-spend-PT.csv,True,indirect
TXN-001061,PT,2026-05,2026-05-03,WLF-1007,sup-lumen,Finixa,"Random orbital sander 150 mm, 5 mm orbit",werkstatt,175,piece,30.86,5400.5,EUR,5400.5,synthetic-spend-PT.csv,True,indirect
TXN-001062,PT,2026-06,2026-06-28,WLF-1007,sup-lumen,Finixa,"Random orbital sander 150 mm, 5 mm orbit",werkstatt,205,piece,30.86,6326.3,EUR,6326.3,synthetic-spend-PT.csv,True,indirect
TXN-001063,PT,2026-07,2026-07-18,WLF-1007,sup-lumen,Finixa,"Random orbital sander 150 mm, 5 mm orbit",werkstatt,194,piece,30.86,5986.84,EUR,5986.84,synthetic-spend-PT.csv,True,indirect
TXN-001064,PT,2026-08,2026-08-12,WLF-1007,sup-lumen,Finixa,"Random orbital sander 150 mm, 5 mm orbit",werkstatt,220,piece,30.86,6789.2,EUR,6789.2,synthetic-spend-PT.csv,True,indirect
TXN-001065,PT,2026-01,2026-01-03,WLF-1008,sup-novex,Mirka,Paint cup for compressed-air spray gun,lack,161,piece,112.79,18159.19,EUR,18159.19,synthetic-spend-PT.csv,True,direct
TXN-001066,PT,2026-02,2026-02-21,WLF-1008,sup-novex,Mirka,Paint cup for compressed-air spray gun,lack,303,piece,112.79,34175.37,EUR,34175.37,synthetic-spend-PT.csv,True,direct
TXN-001067,PT,2026-03,2026-03-23,WLF-1008,sup-novex,Mirka,Paint cup for compressed-air spray gun,lack,289,piece,112.79,32596.31,EUR,32596.31,synthetic-spend-PT.csv,True,direct
TXN-001068,PT,2026-04,2026-04-01,WLF-1008,sup-novex,Mirka,Paint cup for compressed-air spray gun,lack,171,piece,112.79,19287.09,EUR,19287.09,synthetic-spend-PT.csv,True,direct
TXN-001069,PT,2026-05,2026-05-23,WLF-1008,sup-novex,Mirka,Paint cup for compressed-air spray gun,lack,218,piece,112.79,24588.22,EUR,24588.22,synthetic-spend-PT.csv,True,direct
TXN-001070,PT,2026-06,2026-06-21,WLF-1008,sup-novex,Mirka,Paint cup for compressed-air spray gun,lack,282,piece,112.79,31806.78,EUR,31806.78,synthetic-spend-PT.csv,True,direct
TXN-001071,PT,2026-07,2026-07-08,WLF-1008,sup-novex,Mirka,Paint cup for compressed-air spray gun,lack,50,piece,112.79,5639.5,EUR,5639.5,synthetic-spend-PT.csv,True,direct
TXN-001072,PT,2026-08,2026-08-27,WLF-1008,sup-novex,Mirka,Paint cup for compressed-air spray gun,lack,285,piece,112.79,32145.15,EUR,32145.15,synthetic-spend-PT.csv,True,direct
TXN-001073,PT,2026-01,2026-01-11,WLF-1009,sup-arcus,SATA,"Sanding discs 150 mm, intermediate",schleif,152,piece,89.15,13550.8,EUR,13550.8,synthetic-spend-PT.csv,True,direct
TXN-001074,PT,2026-02,2026-02-11,WLF-1009,sup-arcus,SATA,"Sanding discs 150 mm, intermediate",schleif,243,piece,89.15,21663.45,EUR,21663.45,synthetic-spend-PT.csv,True,direct
TXN-001075,PT,2026-03,2026-03-04,WLF-1009,sup-arcus,SATA,"Sanding discs 150 mm, intermediate",schleif,326,piece,89.15,29062.9,EUR,29062.9,synthetic-spend-PT.csv,True,direct
TXN-001076,PT,2026-04,2026-04-03,WLF-1009,sup-arcus,SATA,"Sanding discs 150 mm, intermediate",schleif,112,piece,89.15,9984.8,EUR,9984.8,synthetic-spend-PT.csv,True,direct
TXN-001077,PT,2026-05,2026-05-23,WLF-1009,sup-arcus,SATA,"Sanding discs 150 mm, intermediate",schleif,265,piece,89.15,23624.75,EUR,23624.75,synthetic-spend-PT.csv,True,direct
TXN-001078,PT,2026-06,2026-06-23,WLF-1009,sup-arcus,SATA,"Sanding discs 150 mm, intermediate",schleif,62,piece,89.15,5527.3,EUR,5527.3,synthetic-spend-PT.csv,True,direct
TXN-001079,PT,2026-07,2026-07-09,WLF-1009,sup-arcus,SATA,"Sanding discs 150 mm, intermediate",schleif,245,piece,89.15,21841.75,EUR,21841.75,synthetic-spend-PT.csv,True,direct
TXN-001080,PT,2026-08,2026-08-11,WLF-1009,sup-arcus,SATA,"Sanding discs 150 mm, intermediate",schleif,202,piece,89.15,18008.3,EUR,18008.3,synthetic-spend-PT.csv,True,direct
TXN-001081,PT,2026-01,2026-01-15,WLF-1010,sup-cobalt,tesa,Fine-line tape,kleb,186,piece,17.16,3191.76,EUR,3191.76,synthetic-spend-PT.csv,True,indirect
TXN-001082,PT,2026-02,2026-02-13,WLF-1010,sup-cobalt,tesa,Fine-line tape,kleb,256,piece,17.16,4392.96,EUR,4392.96,synthetic-spend-PT.csv,True,indirect
TXN-001083,PT,2026-03,2026-03-07,WLF-1010,sup-cobalt,tesa,Fine-line tape,kleb,237,piece,17.16,4066.92,EUR,4066.92,synthetic-spend-PT.csv,True,indirect
TXN-001084,PT,2026-04,2026-04-07,WLF-1010,sup-cobalt,tesa,Fine-line tape,kleb,64,piece,17.16,1098.24,EUR,1098.24,synthetic-spend-PT.csv,True,indirect
TXN-001085,PT,2026-05,2026-05-06,WLF-1010,sup-cobalt,tesa,Fine-line tape,kleb,204,piece,17.16,3500.64,EUR,3500.64,synthetic-spend-PT.csv,True,indirect
TXN-001086,PT,2026-06,2026-06-19,WLF-1010,sup-cobalt,tesa,Fine-line tape,kleb,326,piece,17.16,5594.16,EUR,5594.16,synthetic-spend-PT.csv,True,indirect
TXN-001087,PT,2026-07,2026-07-17,WLF-1010,sup-cobalt,tesa,Fine-line tape,kleb,247,piece,17.16,4238.52,EUR,4238.52,synthetic-spend-PT.csv,True,indirect
TXN-001088,PT,2026-08,2026-08-23,WLF-1010,sup-cobalt,tesa,Fine-line tape,kleb,70,piece,17.16,1201.2,EUR,1201.2,synthetic-spend-PT.csv,True,indirect
TXN-001089,PT,2026-01,2026-01-04,WLF-1011,sup-solis,PPG / Nexa,Polish (fine / anti-hologram),polier,131,piece,11.74,1537.94,EUR,1537.94,synthetic-spend-PT.csv,True,direct
TXN-001090,PT,2026-02,2026-02-12,WLF-1011,sup-solis,PPG / Nexa,Polish (fine / anti-hologram),polier,269,piece,11.74,3158.06,EUR,3158.06,synthetic-spend-PT.csv,True,direct
TXN-001091,PT,2026-03,2026-03-23,WLF-1011,sup-solis,PPG / Nexa,Polish (fine / anti-hologram),polier,46,piece,11.74,540.04,EUR,540.04,synthetic-spend-PT.csv,True,direct
TXN-001092,PT,2026-04,2026-04-18,WLF-1011,sup-solis,PPG / Nexa,Polish (fine / anti-hologram),polier,203,piece,11.74,2383.22,EUR,2383.22,synthetic-spend-PT.csv,True,direct
TXN-001093,PT,2026-05,2026-05-01,WLF-1011,sup-solis,PPG / Nexa,Polish (fine / anti-hologram),polier,86,piece,11.74,1009.64,EUR,1009.64,synthetic-spend-PT.csv,True,direct
TXN-001094,PT,2026-06,2026-06-23,WLF-1011,sup-solis,PPG / Nexa,Polish (fine / anti-hologram),polier,61,piece,11.74,716.14,EUR,716.14,synthetic-spend-PT.csv,True,direct
TXN-001095,PT,2026-07,2026-07-23,WLF-1011,sup-solis,PPG / Nexa,Polish (fine / anti-hologram),polier,302,piece,11.74,3545.48,EUR,3545.48,synthetic-spend-PT.csv,True,direct
TXN-001096,PT,2026-08,2026-08-06,WLF-1011,sup-solis,PPG / Nexa,Polish (fine / anti-hologram),polier,124,piece,11.74,1455.76,EUR,1455.76,synthetic-spend-PT.csv,True,direct
TXN-001097,PT,2026-01,2026-01-11,WLF-1012,sup-orbit,Würth,Water-based silicone remover,kabine,158,piece,31.57,4988.06,EUR,4988.06,synthetic-spend-PT.csv,True,direct
TXN-001098,PT,2026-02,2026-02-10,WLF-1012,sup-orbit,Würth,Water-based silicone remover,kabine,160,piece,31.57,5051.2,EUR,5051.2,synthetic-spend-PT.csv,True,direct
TXN-001099,PT,2026-03,2026-03-08,WLF-1012,sup-orbit,Würth,Water-based silicone remover,kabine,102,piece,31.57,3220.14,EUR,3220.14,synthetic-spend-PT.csv,True,direct
TXN-001100,PT,2026-04,2026-04-05,WLF-1012,sup-orbit,Würth,Water-based silicone remover,kabine,59,piece,31.57,1862.63,EUR,1862.63,synthetic-spend-PT.csv,True,direct
TXN-001101,PT,2026-05,2026-05-18,WLF-1012,sup-orbit,Würth,Water-based silicone remover,kabine,201,piece,31.57,6345.57,EUR,6345.57,synthetic-spend-PT.csv,True,direct
TXN-001102,PT,2026-06,2026-06-17,WLF-1012,sup-orbit,Würth,Water-based silicone remover,kabine,264,piece,31.57,8334.48,EUR,8334.48,synthetic-spend-PT.csv,True,direct
TXN-001103,PT,2026-07,2026-07-22,WLF-1012,sup-orbit,Würth,Water-based silicone remover,kabine,189,piece,31.57,5966.73,EUR,5966.73,synthetic-spend-PT.csv,True,direct
TXN-001104,PT,2026-08,2026-08-18,WLF-1012,sup-orbit,Würth,Water-based silicone remover,kabine,137,piece,31.57,4325.09,EUR,4325.09,synthetic-spend-PT.csv,True,direct
TXN-001105,PT,2026-01,2026-01-05,WLF-1013,sup-helio,Kovax,A2 filter cartridges,psa,119,piece,4.55,541.45,EUR,541.45,synthetic-spend-PT.csv,True,indirect
TXN-001106,PT,2026-02,2026-02-12,WLF-1013,sup-helio,Kovax,A2 filter cartridges,psa,30,piece,4.55,136.5,EUR,136.5,synthetic-spend-PT.csv,True,indirect
TXN-001107,PT,2026-03,2026-03-14,WLF-1013,sup-helio,Kovax,A2 filter cartridges,psa,221,piece,4.55,1005.55,EUR,1005.55,synthetic-spend-PT.csv,True,indirect
TXN-001108,PT,2026-04,2026-04-15,WLF-1013,sup-helio,Kovax,A2 filter cartridges,psa,143,piece,4.55,650.65,EUR,650.65,synthetic-spend-PT.csv,True,indirect
TXN-001109,PT,2026-05,2026-05-07,WLF-1013,sup-helio,Kovax,A2 filter cartridges,psa,237,piece,4.55,1078.35,EUR,1078.35,synthetic-spend-PT.csv,True,indirect
TXN-001110,PT,2026-06,2026-06-20,WLF-1013,sup-helio,Kovax,A2 filter cartridges,psa,192,piece,4.55,873.6,EUR,873.6,synthetic-spend-PT.csv,True,indirect
TXN-001111,PT,2026-07,2026-07-05,WLF-1013,sup-helio,Kovax,A2 filter cartridges,psa,286,piece,4.55,1301.3,EUR,1301.3,synthetic-spend-PT.csv,True,indirect
TXN-001112,PT,2026-08,2026-08-15,WLF-1013,sup-helio,Kovax,A2 filter cartridges,psa,38,piece,4.55,172.9,EUR,172.9,synthetic-spend-PT.csv,True,indirect
TXN-001113,PT,2026-01,2026-01-23,WLF-1014,sup-vanta,Starcke,Random orbital sander 77 mm,werkstatt,221,piece,34.37,7595.77,EUR,7595.77,synthetic-spend-PT.csv,True,direct
TXN-001114,PT,2026-02,2026-02-12,WLF-1014,sup-vanta,Starcke,Random orbital sander 77 mm,werkstatt,291,piece,34.37,10001.67,EUR,10001.67,synthetic-spend-PT.csv,True,direct
TXN-001115,PT,2026-03,2026-03-17,WLF-1014,sup-vanta,Starcke,Random orbital sander 77 mm,werkstatt,87,piece,34.37,2990.19,EUR,2990.19,synthetic-spend-PT.csv,True,direct
TXN-001116,PT,2026-04,2026-04-23,WLF-1014,sup-vanta,Starcke,Random orbital sander 77 mm,werkstatt,132,piece,34.37,4536.84,EUR,4536.84,synthetic-spend-PT.csv,True,direct
TXN-001117,PT,2026-05,2026-05-18,WLF-1014,sup-vanta,Starcke,Random orbital sander 77 mm,werkstatt,139,piece,34.37,4777.43,EUR,4777.43,synthetic-spend-PT.csv,True,direct
TXN-001118,PT,2026-06,2026-06-11,WLF-1014,sup-vanta,Starcke,Random orbital sander 77 mm,werkstatt,239,piece,34.37,8214.43,EUR,8214.43,synthetic-spend-PT.csv,True,direct
TXN-001119,PT,2026-07,2026-07-03,WLF-1014,sup-vanta,Starcke,Random orbital sander 77 mm,werkstatt,54,piece,34.37,1855.98,EUR,1855.98,synthetic-spend-PT.csv,True,direct
TXN-001120,PT,2026-08,2026-08-11,WLF-1014,sup-vanta,Starcke,Random orbital sander 77 mm,werkstatt,203,piece,34.37,6977.11,EUR,6977.11,synthetic-spend-PT.csv,True,direct
TXN-001121,PT,2026-01,2026-01-05,WLF-1015,sup-aster,3M,Paint strainers 125 µ / 200 µ,lack,63,piece,70.66,4451.58,EUR,4451.58,synthetic-spend-PT.csv,True,direct
TXN-001122,PT,2026-02,2026-02-19,WLF-1015,sup-aster,3M,Paint strainers 125 µ / 200 µ,lack,139,piece,70.66,9821.74,EUR,9821.74,synthetic-spend-PT.csv,True,direct
TXN-001123,PT,2026-03,2026-03-25,WLF-1015,sup-aster,3M,Paint strainers 125 µ / 200 µ,lack,155,piece,70.66,10952.3,EUR,10952.3,synthetic-spend-PT.csv,True,direct
TXN-001124,PT,2026-04,2026-04-22,WLF-1015,sup-aster,3M,Paint strainers 125 µ / 200 µ,lack,291,piece,70.66,20562.06,EUR,20562.06,synthetic-spend-PT.csv,True,direct
TXN-001125,PT,2026-05,2026-05-01,WLF-1015,sup-aster,3M,Paint strainers 125 µ / 200 µ,lack,52,piece,70.66,3674.32,EUR,3674.32,synthetic-spend-PT.csv,True,direct
TXN-001126,PT,2026-06,2026-06-09,WLF-1015,sup-aster,3M,Paint strainers 125 µ / 200 µ,lack,91,piece,70.66,6430.06,EUR,6430.06,synthetic-spend-PT.csv,True,direct
TXN-001127,PT,2026-07,2026-07-04,WLF-1015,sup-aster,3M,Paint strainers 125 µ / 200 µ,lack,329,piece,70.66,23247.14,EUR,23247.14,synthetic-spend-PT.csv,True,direct
TXN-001128,PT,2026-08,2026-08-03,WLF-1015,sup-aster,3M,Paint strainers 125 µ / 200 µ,lack,35,piece,70.66,2473.1,EUR,2473.1,synthetic-spend-PT.csv,True,direct
TXN-001129,PT,2026-01,2026-01-12,WLF-1016,sup-velora,Glasurit (BASF),"Sanding discs 150 mm, fine",schleif,201,piece,53.78,10809.78,EUR,10809.78,synthetic-spend-PT.csv,True,indirect
TXN-001130,PT,2026-02,2026-02-17,WLF-1016,sup-velora,Glasurit (BASF),"Sanding discs 150 mm, fine",schleif,325,piece,53.78,17478.5,EUR,17478.5,synthetic-spend-PT.csv,True,indirect
TXN-001131,PT,2026-03,2026-03-21,WLF-1016,sup-velora,Glasurit (BASF),"Sanding discs 150 mm, fine",schleif,174,piece,53.78,9357.72,EUR,9357.72,synthetic-spend-PT.csv,True,indirect
TXN-001132,PT,2026-04,2026-04-11,WLF-1016,sup-velora,Glasurit (BASF),"Sanding discs 150 mm, fine",schleif,175,piece,53.78,9411.5,EUR,9411.5,synthetic-spend-PT.csv,True,indirect
TXN-001133,PT,2026-05,2026-05-05,WLF-1016,sup-velora,Glasurit (BASF),"Sanding discs 150 mm, fine",schleif,128,piece,53.78,6883.84,EUR,6883.84,synthetic-spend-PT.csv,True,indirect
TXN-001134,PT,2026-06,2026-06-10,WLF-1016,sup-velora,Glasurit (BASF),"Sanding discs 150 mm, fine",schleif,311,piece,53.78,16725.58,EUR,16725.58,synthetic-spend-PT.csv,True,indirect
TXN-001135,PT,2026-07,2026-07-27,WLF-1016,sup-velora,Glasurit (BASF),"Sanding discs 150 mm, fine",schleif,103,piece,53.78,5539.34,EUR,5539.34,synthetic-spend-PT.csv,True,indirect
TXN-001136,PT,2026-08,2026-08-15,WLF-1016,sup-velora,Glasurit (BASF),"Sanding discs 150 mm, fine",schleif,192,piece,53.78,10325.76,EUR,10325.76,synthetic-spend-PT.csv,True,indirect
TXN-001137,PT,2026-01,2026-01-03,WLF-1017,sup-lumen,Finixa,Contour tape,kleb,156,piece,23.87,3723.72,EUR,3723.72,synthetic-spend-PT.csv,False,direct
TXN-001138,PT,2026-02,2026-02-19,WLF-1017,sup-lumen,Finixa,Contour tape,kleb,277,piece,23.87,6611.99,EUR,6611.99,synthetic-spend-PT.csv,False,direct
TXN-001139,PT,2026-03,2026-03-13,WLF-1017,sup-lumen,Finixa,Contour tape,kleb,254,piece,23.87,6062.98,EUR,6062.98,synthetic-spend-PT.csv,False,direct
TXN-001140,PT,2026-04,2026-04-28,WLF-1017,sup-lumen,Finixa,Contour tape,kleb,298,piece,23.87,7113.26,EUR,7113.26,synthetic-spend-PT.csv,False,direct
TXN-001141,PT,2026-05,2026-05-07,WLF-1017,sup-lumen,Finixa,Contour tape,kleb,25,piece,23.87,596.75,EUR,596.75,synthetic-spend-PT.csv,False,direct
TXN-001142,PT,2026-06,2026-06-24,WLF-1017,sup-lumen,Finixa,Contour tape,kleb,261,piece,23.87,6230.07,EUR,6230.07,synthetic-spend-PT.csv,False,direct
TXN-001143,PT,2026-07,2026-07-22,WLF-1017,sup-lumen,Finixa,Contour tape,kleb,278,piece,23.87,6635.86,EUR,6635.86,synthetic-spend-PT.csv,False,direct
TXN-001144,PT,2026-08,2026-08-10,WLF-1017,sup-lumen,Finixa,Contour tape,kleb,184,piece,23.87,4392.08,EUR,4392.08,synthetic-spend-PT.csv,False,direct
TXN-001145,PT,2026-01,2026-01-16,WLF-1018,sup-novex,Mirka,One-step cutting and polishing compound,polier,49,piece,20.02,980.98,EUR,980.98,synthetic-spend-PT.csv,False,direct
TXN-001146,PT,2026-02,2026-02-13,WLF-1018,sup-novex,Mirka,One-step cutting and polishing compound,polier,274,piece,20.02,5485.48,EUR,5485.48,synthetic-spend-PT.csv,False,direct
TXN-001147,PT,2026-03,2026-03-25,WLF-1018,sup-novex,Mirka,One-step cutting and polishing compound,polier,146,piece,20.02,2922.92,EUR,2922.92,synthetic-spend-PT.csv,False,direct
TXN-001148,PT,2026-04,2026-04-11,WLF-1018,sup-novex,Mirka,One-step cutting and polishing compound,polier,32,piece,20.02,640.64,EUR,640.64,synthetic-spend-PT.csv,False,direct
TXN-001149,PT,2026-05,2026-05-20,WLF-1018,sup-novex,Mirka,One-step cutting and polishing compound,polier,115,piece,20.02,2302.3,EUR,2302.3,synthetic-spend-PT.csv,False,direct
TXN-001150,PT,2026-06,2026-06-04,WLF-1018,sup-novex,Mirka,One-step cutting and polishing compound,polier,93,piece,20.02,1861.86,EUR,1861.86,synthetic-spend-PT.csv,False,direct
TXN-001151,PT,2026-07,2026-07-07,WLF-1018,sup-novex,Mirka,One-step cutting and polishing compound,polier,193,piece,20.02,3863.86,EUR,3863.86,synthetic-spend-PT.csv,False,direct
TXN-001152,PT,2026-08,2026-08-15,WLF-1018,sup-novex,Mirka,One-step cutting and polishing compound,polier,282,piece,20.02,5645.64,EUR,5645.64,synthetic-spend-PT.csv,False,direct
TXN-001153,PT,2026-01,2026-01-03,WLF-1019,sup-arcus,SATA,Pre-saturated cleaning wipes,kabine,319,piece,105.78,33743.82,EUR,33743.82,synthetic-spend-PT.csv,False,indirect
TXN-001154,PT,2026-02,2026-02-11,WLF-1019,sup-arcus,SATA,Pre-saturated cleaning wipes,kabine,99,piece,105.78,10472.22,EUR,10472.22,synthetic-spend-PT.csv,False,indirect
TXN-001155,PT,2026-03,2026-03-14,WLF-1019,sup-arcus,SATA,Pre-saturated cleaning wipes,kabine,235,piece,105.78,24858.3,EUR,24858.3,synthetic-spend-PT.csv,False,indirect
TXN-001156,PT,2026-04,2026-04-13,WLF-1019,sup-arcus,SATA,Pre-saturated cleaning wipes,kabine,240,piece,105.78,25387.2,EUR,25387.2,synthetic-spend-PT.csv,False,indirect
TXN-001157,PT,2026-05,2026-05-19,WLF-1019,sup-arcus,SATA,Pre-saturated cleaning wipes,kabine,210,piece,105.78,22213.8,EUR,22213.8,synthetic-spend-PT.csv,False,indirect
TXN-001158,PT,2026-06,2026-06-04,WLF-1019,sup-arcus,SATA,Pre-saturated cleaning wipes,kabine,281,piece,105.78,29724.18,EUR,29724.18,synthetic-spend-PT.csv,False,indirect
TXN-001159,PT,2026-07,2026-07-21,WLF-1019,sup-arcus,SATA,Pre-saturated cleaning wipes,kabine,326,piece,105.78,34484.28,EUR,34484.28,synthetic-spend-PT.csv,False,indirect
TXN-001160,PT,2026-08,2026-08-05,WLF-1019,sup-arcus,SATA,Pre-saturated cleaning wipes,kabine,241,piece,105.78,25492.98,EUR,25492.98,synthetic-spend-PT.csv,False,indirect
TXN-001161,PT,2026-01,2026-01-16,WLF-1020,sup-cobalt,tesa,P3 particulate filters,psa,150,piece,38.01,5701.5,EUR,5701.5,synthetic-spend-PT.csv,False,direct
TXN-001162,PT,2026-02,2026-02-06,WLF-1020,sup-cobalt,tesa,P3 particulate filters,psa,227,piece,38.01,8628.27,EUR,8628.27,synthetic-spend-PT.csv,False,direct
TXN-001163,PT,2026-03,2026-03-14,WLF-1020,sup-cobalt,tesa,P3 particulate filters,psa,123,piece,38.01,4675.23,EUR,4675.23,synthetic-spend-PT.csv,False,direct
TXN-001164,PT,2026-04,2026-04-21,WLF-1020,sup-cobalt,tesa,P3 particulate filters,psa,219,piece,38.01,8324.19,EUR,8324.19,synthetic-spend-PT.csv,False,direct
TXN-001165,PT,2026-05,2026-05-22,WLF-1020,sup-cobalt,tesa,P3 particulate filters,psa,63,piece,38.01,2394.63,EUR,2394.63,synthetic-spend-PT.csv,False,direct
TXN-001166,PT,2026-06,2026-06-05,WLF-1020,sup-cobalt,tesa,P3 particulate filters,psa,252,piece,38.01,9578.52,EUR,9578.52,synthetic-spend-PT.csv,False,direct
TXN-001167,PT,2026-07,2026-07-22,WLF-1020,sup-cobalt,tesa,P3 particulate filters,psa,171,piece,38.01,6499.71,EUR,6499.71,synthetic-spend-PT.csv,False,direct
TXN-001168,PT,2026-08,2026-08-24,WLF-1020,sup-cobalt,tesa,P3 particulate filters,psa,72,piece,38.01,2736.72,EUR,2736.72,synthetic-spend-PT.csv,False,direct
TXN-001169,PT,2026-01,2026-01-02,WLF-1021,sup-solis,PPG / Nexa,Electric random orbital sander 150 mm,werkstatt,89,piece,19.71,1754.19,EUR,1754.19,synthetic-spend-PT.csv,False,direct
TXN-001170,PT,2026-02,2026-02-21,WLF-1021,sup-solis,PPG / Nexa,Electric random orbital sander 150 mm,werkstatt,217,piece,19.71,4277.07,EUR,4277.07,synthetic-spend-PT.csv,False,direct
TXN-001171,PT,2026-03,2026-03-10,WLF-1021,sup-solis,PPG / Nexa,Electric random orbital sander 150 mm,werkstatt,306,piece,19.71,6031.26,EUR,6031.26,synthetic-spend-PT.csv,False,direct
TXN-001172,PT,2026-04,2026-04-12,WLF-1021,sup-solis,PPG / Nexa,Electric random orbital sander 150 mm,werkstatt,103,piece,19.71,2030.13,EUR,2030.13,synthetic-spend-PT.csv,False,direct
TXN-001173,PT,2026-05,2026-05-18,WLF-1021,sup-solis,PPG / Nexa,Electric random orbital sander 150 mm,werkstatt,199,piece,19.71,3922.29,EUR,3922.29,synthetic-spend-PT.csv,False,direct
TXN-001174,PT,2026-06,2026-06-24,WLF-1021,sup-solis,PPG / Nexa,Electric random orbital sander 150 mm,werkstatt,82,piece,19.71,1616.22,EUR,1616.22,synthetic-spend-PT.csv,False,direct
TXN-001175,PT,2026-07,2026-07-21,WLF-1021,sup-solis,PPG / Nexa,Electric random orbital sander 150 mm,werkstatt,77,piece,19.71,1517.67,EUR,1517.67,synthetic-spend-PT.csv,False,direct
TXN-001176,PT,2026-08,2026-08-19,WLF-1021,sup-solis,PPG / Nexa,Electric random orbital sander 150 mm,werkstatt,319,piece,19.71,6287.49,EUR,6287.49,synthetic-spend-PT.csv,False,direct
TXN-001177,CH,2026-01,2026-01-10,WLF-1001,sup-orbit,Würth,Graduated mixing cup,lack,175,piece,22.79,3988.25,EUR,3988.25,synthetic-spend-CH.csv,True,direct
TXN-001178,CH,2026-02,2026-02-13,WLF-1001,sup-orbit,Würth,Graduated mixing cup,lack,234,piece,22.79,5332.86,EUR,5332.86,synthetic-spend-CH.csv,True,direct
TXN-001179,CH,2026-03,2026-03-09,WLF-1001,sup-orbit,Würth,Graduated mixing cup,lack,217,piece,22.79,4945.43,EUR,4945.43,synthetic-spend-CH.csv,True,direct
TXN-001180,CH,2026-04,2026-04-21,WLF-1001,sup-orbit,Würth,Graduated mixing cup,lack,42,piece,22.79,957.18,EUR,957.18,synthetic-spend-CH.csv,True,direct
TXN-001181,CH,2026-05,2026-05-21,WLF-1001,sup-orbit,Würth,Graduated mixing cup,lack,117,piece,22.79,2666.43,EUR,2666.43,synthetic-spend-CH.csv,True,direct
TXN-001182,CH,2026-06,2026-06-23,WLF-1001,sup-orbit,Würth,Graduated mixing cup,lack,161,piece,22.79,3669.19,EUR,3669.19,synthetic-spend-CH.csv,True,direct
TXN-001183,CH,2026-07,2026-07-14,WLF-1001,sup-orbit,Würth,Graduated mixing cup,lack,256,piece,22.79,5834.24,EUR,5834.24,synthetic-spend-CH.csv,True,direct
TXN-001184,CH,2026-08,2026-08-13,WLF-1001,sup-orbit,Würth,Graduated mixing cup,lack,179,piece,22.79,4079.41,EUR,4079.41,synthetic-spend-CH.csv,True,direct
TXN-001185,CH,2026-01,2026-01-05,WLF-1002,sup-helio,Kovax,"Sanding discs 150 mm, coarse",schleif,169,piece,117.26,19816.94,EUR,19816.94,synthetic-spend-CH.csv,True,direct
TXN-001186,CH,2026-02,2026-02-28,WLF-1002,sup-helio,Kovax,"Sanding discs 150 mm, coarse",schleif,314,piece,117.26,36819.64,EUR,36819.64,synthetic-spend-CH.csv,True,direct
TXN-001187,CH,2026-03,2026-03-28,WLF-1002,sup-helio,Kovax,"Sanding discs 150 mm, coarse",schleif,73,piece,117.26,8559.98,EUR,8559.98,synthetic-spend-CH.csv,True,direct
TXN-001188,CH,2026-04,2026-04-28,WLF-1002,sup-helio,Kovax,"Sanding discs 150 mm, coarse",schleif,303,piece,117.26,35529.78,EUR,35529.78,synthetic-spend-CH.csv,True,direct
TXN-001189,CH,2026-05,2026-05-08,WLF-1002,sup-helio,Kovax,"Sanding discs 150 mm, coarse",schleif,125,piece,117.26,14657.5,EUR,14657.5,synthetic-spend-CH.csv,True,direct
TXN-001190,CH,2026-06,2026-06-10,WLF-1002,sup-helio,Kovax,"Sanding discs 150 mm, coarse",schleif,215,piece,117.26,25210.9,EUR,25210.9,synthetic-spend-CH.csv,True,direct
TXN-001191,CH,2026-07,2026-07-28,WLF-1002,sup-helio,Kovax,"Sanding discs 150 mm, coarse",schleif,250,piece,117.26,29315.0,EUR,29315.0,synthetic-spend-CH.csv,True,direct
TXN-001192,CH,2026-08,2026-08-03,WLF-1002,sup-helio,Kovax,"Sanding discs 150 mm, coarse",schleif,290,piece,117.26,34005.4,EUR,34005.4,synthetic-spend-CH.csv,True,direct
TXN-001193,CH,2026-01,2026-01-05,WLF-1003,sup-vanta,Starcke,Standard masking tape,kleb,249,piece,13.64,3396.36,EUR,3396.36,synthetic-spend-CH.csv,True,indirect
TXN-001194,CH,2026-02,2026-02-07,WLF-1003,sup-vanta,Starcke,Standard masking tape,kleb,87,piece,13.64,1186.68,EUR,1186.68,synthetic-spend-CH.csv,True,indirect
TXN-001195,CH,2026-03,2026-03-02,WLF-1003,sup-vanta,Starcke,Standard masking tape,kleb,138,piece,13.64,1882.32,EUR,1882.32,synthetic-spend-CH.csv,True,indirect
TXN-001196,CH,2026-04,2026-04-11,WLF-1003,sup-vanta,Starcke,Standard masking tape,kleb,315,piece,13.64,4296.6,EUR,4296.6,synthetic-spend-CH.csv,True,indirect
TXN-001197,CH,2026-05,2026-05-11,WLF-1003,sup-vanta,Starcke,Standard masking tape,kleb,125,piece,13.64,1705.0,EUR,1705.0,synthetic-spend-CH.csv,True,indirect
TXN-001198,CH,2026-06,2026-06-23,WLF-1003,sup-vanta,Starcke,Standard masking tape,kleb,292,piece,13.64,3982.88,EUR,3982.88,synthetic-spend-CH.csv,True,indirect
TXN-001199,CH,2026-07,2026-07-18,WLF-1003,sup-vanta,Starcke,Standard masking tape,kleb,137,piece,13.64,1868.68,EUR,1868.68,synthetic-spend-CH.csv,True,indirect
TXN-001200,CH,2026-08,2026-08-26,WLF-1003,sup-vanta,Starcke,Standard masking tape,kleb,243,piece,13.64,3314.52,EUR,3314.52,synthetic-spend-CH.csv,True,indirect
TXN-001201,CH,2026-01,2026-01-01,WLF-1004,sup-aster,3M,Cutting compound (coarse/medium),polier,189,piece,31.68,5987.52,EUR,5987.52,synthetic-spend-CH.csv,True,direct
TXN-001202,CH,2026-02,2026-02-26,WLF-1004,sup-aster,3M,Cutting compound (coarse/medium),polier,66,piece,31.68,2090.88,EUR,2090.88,synthetic-spend-CH.csv,True,direct
TXN-001203,CH,2026-03,2026-03-20,WLF-1004,sup-aster,3M,Cutting compound (coarse/medium),polier,114,piece,31.68,3611.52,EUR,3611.52,synthetic-spend-CH.csv,True,direct
TXN-001204,CH,2026-04,2026-04-03,WLF-1004,sup-aster,3M,Cutting compound (coarse/medium),polier,193,piece,31.68,6114.24,EUR,6114.24,synthetic-spend-CH.csv,True,direct
TXN-001205,CH,2026-05,2026-05-15,WLF-1004,sup-aster,3M,Cutting compound (coarse/medium),polier,70,piece,31.68,2217.6,EUR,2217.6,synthetic-spend-CH.csv,True,direct
TXN-001206,CH,2026-06,2026-06-18,WLF-1004,sup-aster,3M,Cutting compound (coarse/medium),polier,314,piece,31.68,9947.52,EUR,9947.52,synthetic-spend-CH.csv,True,direct
TXN-001207,CH,2026-07,2026-07-20,WLF-1004,sup-aster,3M,Cutting compound (coarse/medium),polier,212,piece,31.68,6716.16,EUR,6716.16,synthetic-spend-CH.csv,True,direct
TXN-001208,CH,2026-08,2026-08-05,WLF-1004,sup-aster,3M,Cutting compound (coarse/medium),polier,84,piece,31.68,2661.12,EUR,2661.12,synthetic-spend-CH.csv,True,direct
TXN-001209,CH,2026-01,2026-01-23,WLF-1005,sup-velora,Glasurit (BASF),Solvent-based silicone remover,kabine,67,piece,49.54,3319.18,EUR,3319.18,synthetic-spend-CH.csv,True,direct
TXN-001210,CH,2026-02,2026-02-12,WLF-1005,sup-velora,Glasurit (BASF),Solvent-based silicone remover,kabine,120,piece,49.54,5944.8,EUR,5944.8,synthetic-spend-CH.csv,True,direct
TXN-001211,CH,2026-03,2026-03-07,WLF-1005,sup-velora,Glasurit (BASF),Solvent-based silicone remover,kabine,41,piece,49.54,2031.14,EUR,2031.14,synthetic-spend-CH.csv,True,direct
TXN-001212,CH,2026-04,2026-04-19,WLF-1005,sup-velora,Glasurit (BASF),Solvent-based silicone remover,kabine,256,piece,49.54,12682.24,EUR,12682.24,synthetic-spend-CH.csv,True,direct
TXN-001213,CH,2026-05,2026-05-15,WLF-1005,sup-velora,Glasurit (BASF),Solvent-based silicone remover,kabine,325,piece,49.54,16100.5,EUR,16100.5,synthetic-spend-CH.csv,True,direct
TXN-001214,CH,2026-06,2026-06-16,WLF-1005,sup-velora,Glasurit (BASF),Solvent-based silicone remover,kabine,58,piece,49.54,2873.32,EUR,2873.32,synthetic-spend-CH.csv,True,direct
TXN-001215,CH,2026-07,2026-07-28,WLF-1005,sup-velora,Glasurit (BASF),Solvent-based silicone remover,kabine,83,piece,49.54,4111.82,EUR,4111.82,synthetic-spend-CH.csv,True,direct
TXN-001216,CH,2026-08,2026-08-01,WLF-1005,sup-velora,Glasurit (BASF),Solvent-based silicone remover,kabine,213,piece,49.54,10552.02,EUR,10552.02,synthetic-spend-CH.csv,True,direct
TXN-001217,CH,2026-01,2026-01-07,WLF-1006,sup-lumen,Finixa,Half mask / spray-painting respirator,psa,179,piece,40.58,7263.82,EUR,7263.82,synthetic-spend-CH.csv,True,indirect
TXN-001218,CH,2026-02,2026-02-05,WLF-1006,sup-lumen,Finixa,Half mask / spray-painting respirator,psa,194,piece,40.58,7872.52,EUR,7872.52,synthetic-spend-CH.csv,True,indirect
TXN-001219,CH,2026-03,2026-03-15,WLF-1006,sup-lumen,Finixa,Half mask / spray-painting respirator,psa,282,piece,40.58,11443.56,EUR,11443.56,synthetic-spend-CH.csv,True,indirect
TXN-001220,CH,2026-04,2026-04-17,WLF-1006,sup-lumen,Finixa,Half mask / spray-painting respirator,psa,266,piece,40.58,10794.28,EUR,10794.28,synthetic-spend-CH.csv,True,indirect
TXN-001221,CH,2026-05,2026-05-22,WLF-1006,sup-lumen,Finixa,Half mask / spray-painting respirator,psa,138,piece,40.58,5600.04,EUR,5600.04,synthetic-spend-CH.csv,True,indirect
TXN-001222,CH,2026-06,2026-06-18,WLF-1006,sup-lumen,Finixa,Half mask / spray-painting respirator,psa,57,piece,40.58,2313.06,EUR,2313.06,synthetic-spend-CH.csv,True,indirect
TXN-001223,CH,2026-07,2026-07-17,WLF-1006,sup-lumen,Finixa,Half mask / spray-painting respirator,psa,284,piece,40.58,11524.72,EUR,11524.72,synthetic-spend-CH.csv,True,indirect
TXN-001224,CH,2026-08,2026-08-28,WLF-1006,sup-lumen,Finixa,Half mask / spray-painting respirator,psa,168,piece,40.58,6817.44,EUR,6817.44,synthetic-spend-CH.csv,True,indirect
TXN-001225,CH,2026-01,2026-01-02,WLF-1007,sup-novex,Mirka,"Random orbital sander 150 mm, 5 mm orbit",werkstatt,283,piece,26.72,7561.76,EUR,7561.76,synthetic-spend-CH.csv,True,direct
TXN-001226,CH,2026-02,2026-02-23,WLF-1007,sup-novex,Mirka,"Random orbital sander 150 mm, 5 mm orbit",werkstatt,77,piece,26.72,2057.44,EUR,2057.44,synthetic-spend-CH.csv,True,direct
TXN-001227,CH,2026-03,2026-03-02,WLF-1007,sup-novex,Mirka,"Random orbital sander 150 mm, 5 mm orbit",werkstatt,322,piece,26.72,8603.84,EUR,8603.84,synthetic-spend-CH.csv,True,direct
TXN-001228,CH,2026-04,2026-04-25,WLF-1007,sup-novex,Mirka,"Random orbital sander 150 mm, 5 mm orbit",werkstatt,304,piece,26.72,8122.88,EUR,8122.88,synthetic-spend-CH.csv,True,direct
TXN-001229,CH,2026-05,2026-05-24,WLF-1007,sup-novex,Mirka,"Random orbital sander 150 mm, 5 mm orbit",werkstatt,244,piece,26.72,6519.68,EUR,6519.68,synthetic-spend-CH.csv,True,direct
TXN-001230,CH,2026-06,2026-06-20,WLF-1007,sup-novex,Mirka,"Random orbital sander 150 mm, 5 mm orbit",werkstatt,152,piece,26.72,4061.44,EUR,4061.44,synthetic-spend-CH.csv,True,direct
TXN-001231,CH,2026-07,2026-07-09,WLF-1007,sup-novex,Mirka,"Random orbital sander 150 mm, 5 mm orbit",werkstatt,105,piece,26.72,2805.6,EUR,2805.6,synthetic-spend-CH.csv,True,direct
TXN-001232,CH,2026-08,2026-08-14,WLF-1007,sup-novex,Mirka,"Random orbital sander 150 mm, 5 mm orbit",werkstatt,175,piece,26.72,4676.0,EUR,4676.0,synthetic-spend-CH.csv,True,direct
TXN-001233,CH,2026-01,2026-01-18,WLF-1008,sup-arcus,SATA,Paint cup for compressed-air spray gun,lack,180,piece,50.4,9072.0,EUR,9072.0,synthetic-spend-CH.csv,True,direct
TXN-001234,CH,2026-02,2026-02-13,WLF-1008,sup-arcus,SATA,Paint cup for compressed-air spray gun,lack,189,piece,50.4,9525.6,EUR,9525.6,synthetic-spend-CH.csv,True,direct
TXN-001235,CH,2026-03,2026-03-18,WLF-1008,sup-arcus,SATA,Paint cup for compressed-air spray gun,lack,157,piece,50.4,7912.8,EUR,7912.8,synthetic-spend-CH.csv,True,direct
TXN-001236,CH,2026-04,2026-04-02,WLF-1008,sup-arcus,SATA,Paint cup for compressed-air spray gun,lack,303,piece,50.4,15271.2,EUR,15271.2,synthetic-spend-CH.csv,True,direct
TXN-001237,CH,2026-05,2026-05-15,WLF-1008,sup-arcus,SATA,Paint cup for compressed-air spray gun,lack,181,piece,50.4,9122.4,EUR,9122.4,synthetic-spend-CH.csv,True,direct
TXN-001238,CH,2026-06,2026-06-18,WLF-1008,sup-arcus,SATA,Paint cup for compressed-air spray gun,lack,67,piece,50.4,3376.8,EUR,3376.8,synthetic-spend-CH.csv,True,direct
TXN-001239,CH,2026-07,2026-07-16,WLF-1008,sup-arcus,SATA,Paint cup for compressed-air spray gun,lack,192,piece,50.4,9676.8,EUR,9676.8,synthetic-spend-CH.csv,True,direct
TXN-001240,CH,2026-08,2026-08-02,WLF-1008,sup-arcus,SATA,Paint cup for compressed-air spray gun,lack,210,piece,50.4,10584.0,EUR,10584.0,synthetic-spend-CH.csv,True,direct
TXN-001241,CH,2026-01,2026-01-25,WLF-1009,sup-cobalt,tesa,"Sanding discs 150 mm, intermediate",schleif,282,piece,41.63,11739.66,EUR,11739.66,synthetic-spend-CH.csv,True,indirect
TXN-001242,CH,2026-02,2026-02-05,WLF-1009,sup-cobalt,tesa,"Sanding discs 150 mm, intermediate",schleif,276,piece,41.63,11489.88,EUR,11489.88,synthetic-spend-CH.csv,True,indirect
TXN-001243,CH,2026-03,2026-03-27,WLF-1009,sup-cobalt,tesa,"Sanding discs 150 mm, intermediate",schleif,303,piece,41.63,12613.89,EUR,12613.89,synthetic-spend-CH.csv,True,indirect
TXN-001244,CH,2026-04,2026-04-11,WLF-1009,sup-cobalt,tesa,"Sanding discs 150 mm, intermediate",schleif,116,piece,41.63,4829.08,EUR,4829.08,synthetic-spend-CH.csv,True,indirect
TXN-001245,CH,2026-05,2026-05-12,WLF-1009,sup-cobalt,tesa,"Sanding discs 150 mm, intermediate",schleif,144,piece,41.63,5994.72,EUR,5994.72,synthetic-spend-CH.csv,True,indirect
TXN-001246,CH,2026-06,2026-06-23,WLF-1009,sup-cobalt,tesa,"Sanding discs 150 mm, intermediate",schleif,205,piece,41.63,8534.15,EUR,8534.15,synthetic-spend-CH.csv,True,indirect
TXN-001247,CH,2026-07,2026-07-23,WLF-1009,sup-cobalt,tesa,"Sanding discs 150 mm, intermediate",schleif,56,piece,41.63,2331.28,EUR,2331.28,synthetic-spend-CH.csv,True,indirect
TXN-001248,CH,2026-08,2026-08-20,WLF-1009,sup-cobalt,tesa,"Sanding discs 150 mm, intermediate",schleif,184,piece,41.63,7659.92,EUR,7659.92,synthetic-spend-CH.csv,True,indirect
TXN-001249,CH,2026-01,2026-01-12,WLF-1010,sup-solis,PPG / Nexa,Fine-line tape,kleb,203,piece,24.41,4955.23,EUR,4955.23,synthetic-spend-CH.csv,True,direct
TXN-001250,CH,2026-02,2026-02-15,WLF-1010,sup-solis,PPG / Nexa,Fine-line tape,kleb,34,piece,24.41,829.94,EUR,829.94,synthetic-spend-CH.csv,True,direct
TXN-001251,CH,2026-03,2026-03-20,WLF-1010,sup-solis,PPG / Nexa,Fine-line tape,kleb,177,piece,24.41,4320.57,EUR,4320.57,synthetic-spend-CH.csv,True,direct
TXN-001252,CH,2026-04,2026-04-05,WLF-1010,sup-solis,PPG / Nexa,Fine-line tape,kleb,64,piece,24.41,1562.24,EUR,1562.24,synthetic-spend-CH.csv,True,direct
TXN-001253,CH,2026-05,2026-05-26,WLF-1010,sup-solis,PPG / Nexa,Fine-line tape,kleb,154,piece,24.41,3759.14,EUR,3759.14,synthetic-spend-CH.csv,True,direct
TXN-001254,CH,2026-06,2026-06-19,WLF-1010,sup-solis,PPG / Nexa,Fine-line tape,kleb,71,piece,24.41,1733.11,EUR,1733.11,synthetic-spend-CH.csv,True,direct
TXN-001255,CH,2026-07,2026-07-01,WLF-1010,sup-solis,PPG / Nexa,Fine-line tape,kleb,126,piece,24.41,3075.66,EUR,3075.66,synthetic-spend-CH.csv,True,direct
TXN-001256,CH,2026-08,2026-08-03,WLF-1010,sup-solis,PPG / Nexa,Fine-line tape,kleb,93,piece,24.41,2270.13,EUR,2270.13,synthetic-spend-CH.csv,True,direct
TXN-001257,CH,2026-01,2026-01-22,WLF-1011,sup-orbit,Würth,Polish (fine / anti-hologram),polier,297,piece,14.43,4285.71,EUR,4285.71,synthetic-spend-CH.csv,True,direct
TXN-001258,CH,2026-02,2026-02-15,WLF-1011,sup-orbit,Würth,Polish (fine / anti-hologram),polier,300,piece,14.43,4329.0,EUR,4329.0,synthetic-spend-CH.csv,True,direct
TXN-001259,CH,2026-03,2026-03-19,WLF-1011,sup-orbit,Würth,Polish (fine / anti-hologram),polier,59,piece,14.43,851.37,EUR,851.37,synthetic-spend-CH.csv,True,direct
TXN-001260,CH,2026-04,2026-04-19,WLF-1011,sup-orbit,Würth,Polish (fine / anti-hologram),polier,168,piece,14.43,2424.24,EUR,2424.24,synthetic-spend-CH.csv,True,direct
TXN-001261,CH,2026-05,2026-05-06,WLF-1011,sup-orbit,Würth,Polish (fine / anti-hologram),polier,175,piece,14.43,2525.25,EUR,2525.25,synthetic-spend-CH.csv,True,direct
TXN-001262,CH,2026-06,2026-06-26,WLF-1011,sup-orbit,Würth,Polish (fine / anti-hologram),polier,315,piece,14.43,4545.45,EUR,4545.45,synthetic-spend-CH.csv,True,direct
TXN-001263,CH,2026-07,2026-07-15,WLF-1011,sup-orbit,Würth,Polish (fine / anti-hologram),polier,261,piece,14.43,3766.23,EUR,3766.23,synthetic-spend-CH.csv,True,direct
TXN-001264,CH,2026-08,2026-08-03,WLF-1011,sup-orbit,Würth,Polish (fine / anti-hologram),polier,168,piece,14.43,2424.24,EUR,2424.24,synthetic-spend-CH.csv,True,direct
TXN-001265,CH,2026-01,2026-01-16,WLF-1012,sup-helio,Kovax,Water-based silicone remover,kabine,167,piece,47.07,7860.69,EUR,7860.69,synthetic-spend-CH.csv,True,indirect
TXN-001266,CH,2026-02,2026-02-26,WLF-1012,sup-helio,Kovax,Water-based silicone remover,kabine,83,piece,47.07,3906.81,EUR,3906.81,synthetic-spend-CH.csv,True,indirect
TXN-001267,CH,2026-03,2026-03-27,WLF-1012,sup-helio,Kovax,Water-based silicone remover,kabine,248,piece,47.07,11673.36,EUR,11673.36,synthetic-spend-CH.csv,True,indirect
TXN-001268,CH,2026-04,2026-04-03,WLF-1012,sup-helio,Kovax,Water-based silicone remover,kabine,65,piece,47.07,3059.55,EUR,3059.55,synthetic-spend-CH.csv,True,indirect
TXN-001269,CH,2026-05,2026-05-08,WLF-1012,sup-helio,Kovax,Water-based silicone remover,kabine,39,piece,47.07,1835.73,EUR,1835.73,synthetic-spend-CH.csv,True,indirect
TXN-001270,CH,2026-06,2026-06-27,WLF-1012,sup-helio,Kovax,Water-based silicone remover,kabine,81,piece,47.07,3812.67,EUR,3812.67,synthetic-spend-CH.csv,True,indirect
TXN-001271,CH,2026-07,2026-07-13,WLF-1012,sup-helio,Kovax,Water-based silicone remover,kabine,129,piece,47.07,6072.03,EUR,6072.03,synthetic-spend-CH.csv,True,indirect
TXN-001272,CH,2026-08,2026-08-03,WLF-1012,sup-helio,Kovax,Water-based silicone remover,kabine,214,piece,47.07,10072.98,EUR,10072.98,synthetic-spend-CH.csv,True,indirect
TXN-001273,CH,2026-01,2026-01-24,WLF-1013,sup-vanta,Starcke,A2 filter cartridges,psa,321,piece,4.78,1534.38,EUR,1534.38,synthetic-spend-CH.csv,True,direct
TXN-001274,CH,2026-02,2026-02-07,WLF-1013,sup-vanta,Starcke,A2 filter cartridges,psa,147,piece,4.78,702.66,EUR,702.66,synthetic-spend-CH.csv,True,direct
TXN-001275,CH,2026-03,2026-03-02,WLF-1013,sup-vanta,Starcke,A2 filter cartridges,psa,234,piece,4.78,1118.52,EUR,1118.52,synthetic-spend-CH.csv,True,direct
TXN-001276,CH,2026-04,2026-04-22,WLF-1013,sup-vanta,Starcke,A2 filter cartridges,psa,189,piece,4.78,903.42,EUR,903.42,synthetic-spend-CH.csv,True,direct
TXN-001277,CH,2026-05,2026-05-27,WLF-1013,sup-vanta,Starcke,A2 filter cartridges,psa,102,piece,4.78,487.56,EUR,487.56,synthetic-spend-CH.csv,True,direct
TXN-001278,CH,2026-06,2026-06-06,WLF-1013,sup-vanta,Starcke,A2 filter cartridges,psa,81,piece,4.78,387.18,EUR,387.18,synthetic-spend-CH.csv,True,direct
TXN-001279,CH,2026-07,2026-07-03,WLF-1013,sup-vanta,Starcke,A2 filter cartridges,psa,80,piece,4.78,382.4,EUR,382.4,synthetic-spend-CH.csv,True,direct
TXN-001280,CH,2026-08,2026-08-24,WLF-1013,sup-vanta,Starcke,A2 filter cartridges,psa,223,piece,4.78,1065.94,EUR,1065.94,synthetic-spend-CH.csv,True,direct
TXN-001281,CH,2026-01,2026-01-09,WLF-1014,sup-aster,3M,Random orbital sander 77 mm,werkstatt,27,piece,50.55,1364.85,EUR,1364.85,synthetic-spend-CH.csv,True,direct
TXN-001282,CH,2026-02,2026-02-24,WLF-1014,sup-aster,3M,Random orbital sander 77 mm,werkstatt,183,piece,50.55,9250.65,EUR,9250.65,synthetic-spend-CH.csv,True,direct
TXN-001283,CH,2026-03,2026-03-17,WLF-1014,sup-aster,3M,Random orbital sander 77 mm,werkstatt,37,piece,50.55,1870.35,EUR,1870.35,synthetic-spend-CH.csv,True,direct
TXN-001284,CH,2026-04,2026-04-03,WLF-1014,sup-aster,3M,Random orbital sander 77 mm,werkstatt,199,piece,50.55,10059.45,EUR,10059.45,synthetic-spend-CH.csv,True,direct
TXN-001285,CH,2026-05,2026-05-13,WLF-1014,sup-aster,3M,Random orbital sander 77 mm,werkstatt,124,piece,50.55,6268.2,EUR,6268.2,synthetic-spend-CH.csv,True,direct
TXN-001286,CH,2026-06,2026-06-18,WLF-1014,sup-aster,3M,Random orbital sander 77 mm,werkstatt,207,piece,50.55,10463.85,EUR,10463.85,synthetic-spend-CH.csv,True,direct
TXN-001287,CH,2026-07,2026-07-24,WLF-1014,sup-aster,3M,Random orbital sander 77 mm,werkstatt,73,piece,50.55,3690.15,EUR,3690.15,synthetic-spend-CH.csv,True,direct
TXN-001288,CH,2026-08,2026-08-27,WLF-1014,sup-aster,3M,Random orbital sander 77 mm,werkstatt,109,piece,50.55,5509.95,EUR,5509.95,synthetic-spend-CH.csv,True,direct
TXN-001289,CH,2026-01,2026-01-04,WLF-1015,sup-velora,Glasurit (BASF),Paint strainers 125 µ / 200 µ,lack,69,piece,51.81,3574.89,EUR,3574.89,synthetic-spend-CH.csv,True,indirect
TXN-001290,CH,2026-02,2026-02-02,WLF-1015,sup-velora,Glasurit (BASF),Paint strainers 125 µ / 200 µ,lack,120,piece,51.81,6217.2,EUR,6217.2,synthetic-spend-CH.csv,True,indirect
TXN-001291,CH,2026-03,2026-03-23,WLF-1015,sup-velora,Glasurit (BASF),Paint strainers 125 µ / 200 µ,lack,38,piece,51.81,1968.78,EUR,1968.78,synthetic-spend-CH.csv,True,indirect
TXN-001292,CH,2026-04,2026-04-19,WLF-1015,sup-velora,Glasurit (BASF),Paint strainers 125 µ / 200 µ,lack,67,piece,51.81,3471.27,EUR,3471.27,synthetic-spend-CH.csv,True,indirect
TXN-001293,CH,2026-05,2026-05-23,WLF-1015,sup-velora,Glasurit (BASF),Paint strainers 125 µ / 200 µ,lack,309,piece,51.81,16009.29,EUR,16009.29,synthetic-spend-CH.csv,True,indirect
TXN-001294,CH,2026-06,2026-06-07,WLF-1015,sup-velora,Glasurit (BASF),Paint strainers 125 µ / 200 µ,lack,213,piece,51.81,11035.53,EUR,11035.53,synthetic-spend-CH.csv,True,indirect
TXN-001295,CH,2026-07,2026-07-19,WLF-1015,sup-velora,Glasurit (BASF),Paint strainers 125 µ / 200 µ,lack,177,piece,51.81,9170.37,EUR,9170.37,synthetic-spend-CH.csv,True,indirect
TXN-001296,CH,2026-08,2026-08-18,WLF-1015,sup-velora,Glasurit (BASF),Paint strainers 125 µ / 200 µ,lack,60,piece,51.81,3108.6,EUR,3108.6,synthetic-spend-CH.csv,True,indirect
TXN-001297,CH,2026-01,2026-01-28,WLF-1016,sup-lumen,Finixa,"Sanding discs 150 mm, fine",schleif,71,piece,72.8,5168.8,EUR,5168.8,synthetic-spend-CH.csv,True,direct
TXN-001298,CH,2026-02,2026-02-07,WLF-1016,sup-lumen,Finixa,"Sanding discs 150 mm, fine",schleif,298,piece,72.8,21694.4,EUR,21694.4,synthetic-spend-CH.csv,True,direct
TXN-001299,CH,2026-03,2026-03-18,WLF-1016,sup-lumen,Finixa,"Sanding discs 150 mm, fine",schleif,86,piece,72.8,6260.8,EUR,6260.8,synthetic-spend-CH.csv,True,direct
TXN-001300,CH,2026-04,2026-04-02,WLF-1016,sup-lumen,Finixa,"Sanding discs 150 mm, fine",schleif,180,piece,72.8,13104.0,EUR,13104.0,synthetic-spend-CH.csv,True,direct
TXN-001301,CH,2026-05,2026-05-12,WLF-1016,sup-lumen,Finixa,"Sanding discs 150 mm, fine",schleif,225,piece,72.8,16380.0,EUR,16380.0,synthetic-spend-CH.csv,True,direct
TXN-001302,CH,2026-06,2026-06-20,WLF-1016,sup-lumen,Finixa,"Sanding discs 150 mm, fine",schleif,68,piece,72.8,4950.4,EUR,4950.4,synthetic-spend-CH.csv,True,direct
TXN-001303,CH,2026-07,2026-07-15,WLF-1016,sup-lumen,Finixa,"Sanding discs 150 mm, fine",schleif,65,piece,72.8,4732.0,EUR,4732.0,synthetic-spend-CH.csv,True,direct
TXN-001304,CH,2026-08,2026-08-14,WLF-1016,sup-lumen,Finixa,"Sanding discs 150 mm, fine",schleif,147,piece,72.8,10701.6,EUR,10701.6,synthetic-spend-CH.csv,True,direct
TXN-001305,CH,2026-01,2026-01-16,WLF-1017,sup-novex,Mirka,Contour tape,kleb,137,piece,12.48,1709.76,EUR,1709.76,synthetic-spend-CH.csv,False,direct
TXN-001306,CH,2026-02,2026-02-22,WLF-1017,sup-novex,Mirka,Contour tape,kleb,189,piece,12.48,2358.72,EUR,2358.72,synthetic-spend-CH.csv,False,direct
TXN-001307,CH,2026-03,2026-03-08,WLF-1017,sup-novex,Mirka,Contour tape,kleb,160,piece,12.48,1996.8,EUR,1996.8,synthetic-spend-CH.csv,False,direct
TXN-001308,CH,2026-04,2026-04-09,WLF-1017,sup-novex,Mirka,Contour tape,kleb,270,piece,12.48,3369.6,EUR,3369.6,synthetic-spend-CH.csv,False,direct
TXN-001309,CH,2026-05,2026-05-12,WLF-1017,sup-novex,Mirka,Contour tape,kleb,256,piece,12.48,3194.88,EUR,3194.88,synthetic-spend-CH.csv,False,direct
TXN-001310,CH,2026-06,2026-06-14,WLF-1017,sup-novex,Mirka,Contour tape,kleb,234,piece,12.48,2920.32,EUR,2920.32,synthetic-spend-CH.csv,False,direct
TXN-001311,CH,2026-07,2026-07-10,WLF-1017,sup-novex,Mirka,Contour tape,kleb,153,piece,12.48,1909.44,EUR,1909.44,synthetic-spend-CH.csv,False,direct
TXN-001312,CH,2026-08,2026-08-02,WLF-1017,sup-novex,Mirka,Contour tape,kleb,110,piece,12.48,1372.8,EUR,1372.8,synthetic-spend-CH.csv,False,direct
TXN-001313,CH,2026-01,2026-01-13,WLF-1018,sup-arcus,SATA,One-step cutting and polishing compound,polier,260,piece,35.59,9253.4,EUR,9253.4,synthetic-spend-CH.csv,False,indirect
TXN-001314,CH,2026-02,2026-02-18,WLF-1018,sup-arcus,SATA,One-step cutting and polishing compound,polier,76,piece,35.59,2704.84,EUR,2704.84,synthetic-spend-CH.csv,False,indirect
TXN-001315,CH,2026-03,2026-03-14,WLF-1018,sup-arcus,SATA,One-step cutting and polishing compound,polier,38,piece,35.59,1352.42,EUR,1352.42,synthetic-spend-CH.csv,False,indirect
TXN-001316,CH,2026-04,2026-04-10,WLF-1018,sup-arcus,SATA,One-step cutting and polishing compound,polier,114,piece,35.59,4057.26,EUR,4057.26,synthetic-spend-CH.csv,False,indirect
TXN-001317,CH,2026-05,2026-05-11,WLF-1018,sup-arcus,SATA,One-step cutting and polishing compound,polier,233,piece,35.59,8292.47,EUR,8292.47,synthetic-spend-CH.csv,False,indirect
TXN-001318,CH,2026-06,2026-06-27,WLF-1018,sup-arcus,SATA,One-step cutting and polishing compound,polier,98,piece,35.59,3487.82,EUR,3487.82,synthetic-spend-CH.csv,False,indirect
TXN-001319,CH,2026-07,2026-07-06,WLF-1018,sup-arcus,SATA,One-step cutting and polishing compound,polier,179,piece,35.59,6370.61,EUR,6370.61,synthetic-spend-CH.csv,False,indirect
TXN-001320,CH,2026-08,2026-08-13,WLF-1018,sup-arcus,SATA,One-step cutting and polishing compound,polier,148,piece,35.59,5267.32,EUR,5267.32,synthetic-spend-CH.csv,False,indirect
TXN-001321,CH,2026-01,2026-01-08,WLF-1019,sup-cobalt,tesa,Pre-saturated cleaning wipes,kabine,85,piece,101.84,8656.4,EUR,8656.4,synthetic-spend-CH.csv,False,direct
TXN-001322,CH,2026-02,2026-02-17,WLF-1019,sup-cobalt,tesa,Pre-saturated cleaning wipes,kabine,230,piece,101.84,23423.2,EUR,23423.2,synthetic-spend-CH.csv,False,direct
TXN-001323,CH,2026-03,2026-03-22,WLF-1019,sup-cobalt,tesa,Pre-saturated cleaning wipes,kabine,321,piece,101.84,32690.64,EUR,32690.64,synthetic-spend-CH.csv,False,direct
TXN-001324,CH,2026-04,2026-04-25,WLF-1019,sup-cobalt,tesa,Pre-saturated cleaning wipes,kabine,251,piece,101.84,25561.84,EUR,25561.84,synthetic-spend-CH.csv,False,direct
TXN-001325,CH,2026-05,2026-05-19,WLF-1019,sup-cobalt,tesa,Pre-saturated cleaning wipes,kabine,134,piece,101.84,13646.56,EUR,13646.56,synthetic-spend-CH.csv,False,direct
TXN-001326,CH,2026-06,2026-06-23,WLF-1019,sup-cobalt,tesa,Pre-saturated cleaning wipes,kabine,69,piece,101.84,7026.96,EUR,7026.96,synthetic-spend-CH.csv,False,direct
TXN-001327,CH,2026-07,2026-07-12,WLF-1019,sup-cobalt,tesa,Pre-saturated cleaning wipes,kabine,72,piece,101.84,7332.48,EUR,7332.48,synthetic-spend-CH.csv,False,direct
TXN-001328,CH,2026-08,2026-08-07,WLF-1019,sup-cobalt,tesa,Pre-saturated cleaning wipes,kabine,313,piece,101.84,31875.92,EUR,31875.92,synthetic-spend-CH.csv,False,direct
TXN-001329,CH,2026-01,2026-01-23,WLF-1020,sup-solis,PPG / Nexa,P3 particulate filters,psa,33,piece,22.46,741.18,EUR,741.18,synthetic-spend-CH.csv,False,direct
TXN-001330,CH,2026-02,2026-02-04,WLF-1020,sup-solis,PPG / Nexa,P3 particulate filters,psa,324,piece,22.46,7277.04,EUR,7277.04,synthetic-spend-CH.csv,False,direct
TXN-001331,CH,2026-03,2026-03-11,WLF-1020,sup-solis,PPG / Nexa,P3 particulate filters,psa,324,piece,22.46,7277.04,EUR,7277.04,synthetic-spend-CH.csv,False,direct
TXN-001332,CH,2026-04,2026-04-17,WLF-1020,sup-solis,PPG / Nexa,P3 particulate filters,psa,143,piece,22.46,3211.78,EUR,3211.78,synthetic-spend-CH.csv,False,direct
TXN-001333,CH,2026-05,2026-05-01,WLF-1020,sup-solis,PPG / Nexa,P3 particulate filters,psa,201,piece,22.46,4514.46,EUR,4514.46,synthetic-spend-CH.csv,False,direct
TXN-001334,CH,2026-06,2026-06-24,WLF-1020,sup-solis,PPG / Nexa,P3 particulate filters,psa,181,piece,22.46,4065.26,EUR,4065.26,synthetic-spend-CH.csv,False,direct
TXN-001335,CH,2026-07,2026-07-27,WLF-1020,sup-solis,PPG / Nexa,P3 particulate filters,psa,123,piece,22.46,2762.58,EUR,2762.58,synthetic-spend-CH.csv,False,direct
TXN-001336,CH,2026-08,2026-08-25,WLF-1020,sup-solis,PPG / Nexa,P3 particulate filters,psa,329,piece,22.46,7389.34,EUR,7389.34,synthetic-spend-CH.csv,False,direct
TXN-001337,CH,2026-01,2026-01-05,WLF-1021,sup-orbit,Würth,Electric random orbital sander 150 mm,werkstatt,310,piece,20.09,6227.9,EUR,6227.9,synthetic-spend-CH.csv,False,indirect
TXN-001338,CH,2026-02,2026-02-22,WLF-1021,sup-orbit,Würth,Electric random orbital sander 150 mm,werkstatt,308,piece,20.09,6187.72,EUR,6187.72,synthetic-spend-CH.csv,False,indirect
TXN-001339,CH,2026-03,2026-03-25,WLF-1021,sup-orbit,Würth,Electric random orbital sander 150 mm,werkstatt,144,piece,20.09,2892.96,EUR,2892.96,synthetic-spend-CH.csv,False,indirect
TXN-001340,CH,2026-04,2026-04-14,WLF-1021,sup-orbit,Würth,Electric random orbital sander 150 mm,werkstatt,182,piece,20.09,3656.38,EUR,3656.38,synthetic-spend-CH.csv,False,indirect
TXN-001341,CH,2026-05,2026-05-10,WLF-1021,sup-orbit,Würth,Electric random orbital sander 150 mm,werkstatt,59,piece,20.09,1185.31,EUR,1185.31,synthetic-spend-CH.csv,False,indirect
TXN-001342,CH,2026-06,2026-06-25,WLF-1021,sup-orbit,Würth,Electric random orbital sander 150 mm,werkstatt,54,piece,20.09,1084.86,EUR,1084.86,synthetic-spend-CH.csv,False,indirect
TXN-001343,CH,2026-07,2026-07-12,WLF-1021,sup-orbit,Würth,Electric random orbital sander 150 mm,werkstatt,219,piece,20.09,4399.71,EUR,4399.71,synthetic-spend-CH.csv,False,indirect
TXN-001344,CH,2026-08,2026-08-25,WLF-1021,sup-orbit,Würth,Electric random orbital sander 150 mm,werkstatt,210,piece,20.09,4218.9,EUR,4218.9,synthetic-spend-CH.csv,False,indirect
TXN-001345,PL,2026-01,2026-01-02,WLF-1001,sup-helio,Kovax,Graduated mixing cup,lack,183,piece,27.59,5048.97,PLN,21811.55,synthetic-spend-PL.csv,True,direct
TXN-001346,PL,2026-02,2026-02-22,WLF-1001,sup-helio,Kovax,Graduated mixing cup,lack,280,piece,27.59,7725.2,PLN,33372.86,synthetic-spend-PL.csv,True,direct
TXN-001347,PL,2026-03,2026-03-16,WLF-1001,sup-helio,Kovax,Graduated mixing cup,lack,283,piece,27.59,7807.97,PLN,33730.43,synthetic-spend-PL.csv,True,direct
TXN-001348,PL,2026-04,2026-04-07,WLF-1001,sup-helio,Kovax,Graduated mixing cup,lack,256,piece,27.59,7063.04,PLN,30512.33,synthetic-spend-PL.csv,True,direct
TXN-001349,PL,2026-05,2026-05-05,WLF-1001,sup-helio,Kovax,Graduated mixing cup,lack,62,piece,27.59,1710.58,PLN,7389.71,synthetic-spend-PL.csv,True,direct
TXN-001350,PL,2026-06,2026-06-18,WLF-1001,sup-helio,Kovax,Graduated mixing cup,lack,140,piece,27.59,3862.6,PLN,16686.43,synthetic-spend-PL.csv,True,direct
TXN-001351,PL,2026-07,2026-07-26,WLF-1001,sup-helio,Kovax,Graduated mixing cup,lack,113,piece,27.59,3117.67,PLN,13468.33,synthetic-spend-PL.csv,True,direct
TXN-001352,PL,2026-08,2026-08-13,WLF-1001,sup-helio,Kovax,Graduated mixing cup,lack,163,piece,27.59,4497.17,PLN,19427.77,synthetic-spend-PL.csv,True,direct
TXN-001353,PL,2026-01,2026-01-06,WLF-1002,sup-vanta,Starcke,"Sanding discs 150 mm, coarse",schleif,215,piece,106.71,22942.65,PLN,99112.25,synthetic-spend-PL.csv,True,indirect
TXN-001354,PL,2026-02,2026-02-05,WLF-1002,sup-vanta,Starcke,"Sanding discs 150 mm, coarse",schleif,222,piece,106.71,23689.62,PLN,102339.16,synthetic-spend-PL.csv,True,indirect
TXN-001355,PL,2026-03,2026-03-25,WLF-1002,sup-vanta,Starcke,"Sanding discs 150 mm, coarse",schleif,136,piece,106.71,14512.56,PLN,62694.26,synthetic-spend-PL.csv,True,indirect
TXN-001356,PL,2026-04,2026-04-26,WLF-1002,sup-vanta,Starcke,"Sanding discs 150 mm, coarse",schleif,209,piece,106.71,22302.39,PLN,96346.32,synthetic-spend-PL.csv,True,indirect
TXN-001357,PL,2026-05,2026-05-24,WLF-1002,sup-vanta,Starcke,"Sanding discs 150 mm, coarse",schleif,251,piece,106.71,26784.21,PLN,115707.79,synthetic-spend-PL.csv,True,indirect
TXN-001358,PL,2026-06,2026-06-07,WLF-1002,sup-vanta,Starcke,"Sanding discs 150 mm, coarse",schleif,260,piece,106.71,27744.6,PLN,119856.67,synthetic-spend-PL.csv,True,indirect
TXN-001359,PL,2026-07,2026-07-28,WLF-1002,sup-vanta,Starcke,"Sanding discs 150 mm, coarse",schleif,216,piece,106.71,23049.36,PLN,99573.24,synthetic-spend-PL.csv,True,indirect
TXN-001360,PL,2026-08,2026-08-23,WLF-1002,sup-vanta,Starcke,"Sanding discs 150 mm, coarse",schleif,313,piece,106.71,33400.23,PLN,144288.99,synthetic-spend-PL.csv,True,indirect
TXN-001361,PL,2026-01,2026-01-28,WLF-1003,sup-aster,3M,Standard masking tape,kleb,246,piece,31.16,7665.36,PLN,33114.36,synthetic-spend-PL.csv,True,direct
TXN-001362,PL,2026-02,2026-02-14,WLF-1003,sup-aster,3M,Standard masking tape,kleb,306,piece,31.16,9534.96,PLN,41191.03,synthetic-spend-PL.csv,True,direct
TXN-001363,PL,2026-03,2026-03-23,WLF-1003,sup-aster,3M,Standard masking tape,kleb,304,piece,31.16,9472.64,PLN,40921.8,synthetic-spend-PL.csv,True,direct
TXN-001364,PL,2026-04,2026-04-12,WLF-1003,sup-aster,3M,Standard masking tape,kleb,306,piece,31.16,9534.96,PLN,41191.03,synthetic-spend-PL.csv,True,direct
TXN-001365,PL,2026-05,2026-05-18,WLF-1003,sup-aster,3M,Standard masking tape,kleb,29,piece,31.16,903.64,PLN,3903.72,synthetic-spend-PL.csv,True,direct
TXN-001366,PL,2026-06,2026-06-24,WLF-1003,sup-aster,3M,Standard masking tape,kleb,89,piece,31.16,2773.24,PLN,11980.4,synthetic-spend-PL.csv,True,direct
TXN-001367,PL,2026-07,2026-07-02,WLF-1003,sup-aster,3M,Standard masking tape,kleb,297,piece,31.16,9254.52,PLN,39979.53,synthetic-spend-PL.csv,True,direct
TXN-001368,PL,2026-08,2026-08-08,WLF-1003,sup-aster,3M,Standard masking tape,kleb,81,piece,31.16,2523.96,PLN,10903.51,synthetic-spend-PL.csv,True,direct
TXN-001369,PL,2026-01,2026-01-07,WLF-1004,sup-velora,Glasurit (BASF),Cutting compound (coarse/medium),polier,43,piece,33.32,1432.76,PLN,6189.52,synthetic-spend-PL.csv,True,direct
TXN-001370,PL,2026-02,2026-02-15,WLF-1004,sup-velora,Glasurit (BASF),Cutting compound (coarse/medium),polier,208,piece,33.32,6930.56,PLN,29940.02,synthetic-spend-PL.csv,True,direct
TXN-001371,PL,2026-03,2026-03-08,WLF-1004,sup-velora,Glasurit (BASF),Cutting compound (coarse/medium),polier,314,piece,33.32,10462.48,PLN,45197.91,synthetic-spend-PL.csv,True,direct
TXN-001372,PL,2026-04,2026-04-14,WLF-1004,sup-velora,Glasurit (BASF),Cutting compound (coarse/medium),polier,304,piece,33.32,10129.28,PLN,43758.49,synthetic-spend-PL.csv,True,direct
TXN-001373,PL,2026-05,2026-05-18,WLF-1004,sup-velora,Glasurit (BASF),Cutting compound (coarse/medium),polier,109,piece,33.32,3631.88,PLN,15689.72,synthetic-spend-PL.csv,True,direct
TXN-001374,PL,2026-06,2026-06-17,WLF-1004,sup-velora,Glasurit (BASF),Cutting compound (coarse/medium),polier,259,piece,33.32,8629.88,PLN,37281.08,synthetic-spend-PL.csv,True,direct
TXN-001375,PL,2026-07,2026-07-19,WLF-1004,sup-velora,Glasurit (BASF),Cutting compound (coarse/medium),polier,217,piece,33.32,7230.44,PLN,31235.5,synthetic-spend-PL.csv,True,direct
TXN-001376,PL,2026-08,2026-08-17,WLF-1004,sup-velora,Glasurit (BASF),Cutting compound (coarse/medium),polier,146,piece,33.32,4864.72,PLN,21015.59,synthetic-spend-PL.csv,True,direct
TXN-001377,PL,2026-01,2026-01-24,WLF-1005,sup-lumen,Finixa,Solvent-based silicone remover,kabine,143,piece,25.66,3669.38,PLN,15851.72,synthetic-spend-PL.csv,True,indirect
TXN-001378,PL,2026-02,2026-02-06,WLF-1005,sup-lumen,Finixa,Solvent-based silicone remover,kabine,183,piece,25.66,4695.78,PLN,20285.77,synthetic-spend-PL.csv,True,indirect
TXN-001379,PL,2026-03,2026-03-19,WLF-1005,sup-lumen,Finixa,Solvent-based silicone remover,kabine,129,piece,25.66,3310.14,PLN,14299.8,synthetic-spend-PL.csv,True,indirect
TXN-001380,PL,2026-04,2026-04-04,WLF-1005,sup-lumen,Finixa,Solvent-based silicone remover,kabine,253,piece,25.66,6491.98,PLN,28045.35,synthetic-spend-PL.csv,True,indirect
TXN-001381,PL,2026-05,2026-05-23,WLF-1005,sup-lumen,Finixa,Solvent-based silicone remover,kabine,111,piece,25.66,2848.26,PLN,12304.48,synthetic-spend-PL.csv,True,indirect
TXN-001382,PL,2026-06,2026-06-19,WLF-1005,sup-lumen,Finixa,Solvent-based silicone remover,kabine,171,piece,25.66,4387.86,PLN,18955.56,synthetic-spend-PL.csv,True,indirect
TXN-001383,PL,2026-07,2026-07-26,WLF-1005,sup-lumen,Finixa,Solvent-based silicone remover,kabine,45,piece,25.66,1154.7,PLN,4988.3,synthetic-spend-PL.csv,True,indirect
TXN-001384,PL,2026-08,2026-08-14,WLF-1005,sup-lumen,Finixa,Solvent-based silicone remover,kabine,128,piece,25.66,3284.48,PLN,14188.95,synthetic-spend-PL.csv,True,indirect
TXN-001385,PL,2026-01,2026-01-18,WLF-1006,sup-novex,Mirka,Half mask / spray-painting respirator,psa,249,piece,35.85,8926.65,PLN,38563.13,synthetic-spend-PL.csv,True,direct
TXN-001386,PL,2026-02,2026-02-24,WLF-1006,sup-novex,Mirka,Half mask / spray-painting respirator,psa,31,piece,35.85,1111.35,PLN,4801.03,synthetic-spend-PL.csv,True,direct
TXN-001387,PL,2026-03,2026-03-09,WLF-1006,sup-novex,Mirka,Half mask / spray-painting respirator,psa,97,piece,35.85,3477.45,PLN,15022.58,synthetic-spend-PL.csv,True,direct
TXN-001388,PL,2026-04,2026-04-05,WLF-1006,sup-novex,Mirka,Half mask / spray-painting respirator,psa,285,piece,35.85,10217.25,PLN,44138.52,synthetic-spend-PL.csv,True,direct
TXN-001389,PL,2026-05,2026-05-13,WLF-1006,sup-novex,Mirka,Half mask / spray-painting respirator,psa,111,piece,35.85,3979.35,PLN,17190.79,synthetic-spend-PL.csv,True,direct
TXN-001390,PL,2026-06,2026-06-26,WLF-1006,sup-novex,Mirka,Half mask / spray-painting respirator,psa,152,piece,35.85,5449.2,PLN,23540.54,synthetic-spend-PL.csv,True,direct
TXN-001391,PL,2026-07,2026-07-21,WLF-1006,sup-novex,Mirka,Half mask / spray-painting respirator,psa,319,piece,35.85,11436.15,PLN,49404.17,synthetic-spend-PL.csv,True,direct
TXN-001392,PL,2026-08,2026-08-18,WLF-1006,sup-novex,Mirka,Half mask / spray-painting respirator,psa,290,piece,35.85,10396.5,PLN,44912.88,synthetic-spend-PL.csv,True,direct
TXN-001393,PL,2026-01,2026-01-11,WLF-1007,sup-arcus,SATA,"Random orbital sander 150 mm, 5 mm orbit",werkstatt,27,piece,35.64,962.28,PLN,4157.05,synthetic-spend-PL.csv,True,direct
TXN-001394,PL,2026-02,2026-02-19,WLF-1007,sup-arcus,SATA,"Random orbital sander 150 mm, 5 mm orbit",werkstatt,330,piece,35.64,11761.2,PLN,50808.38,synthetic-spend-PL.csv,True,direct
TXN-001395,PL,2026-03,2026-03-01,WLF-1007,sup-arcus,SATA,"Random orbital sander 150 mm, 5 mm orbit",werkstatt,250,piece,35.64,8910.0,PLN,38491.2,synthetic-spend-PL.csv,True,direct
TXN-001396,PL,2026-04,2026-04-05,WLF-1007,sup-arcus,SATA,"Random orbital sander 150 mm, 5 mm orbit",werkstatt,33,piece,35.64,1176.12,PLN,5080.84,synthetic-spend-PL.csv,True,direct
TXN-001397,PL,2026-05,2026-05-12,WLF-1007,sup-arcus,SATA,"Random orbital sander 150 mm, 5 mm orbit",werkstatt,41,piece,35.64,1461.24,PLN,6312.56,synthetic-spend-PL.csv,True,direct
TXN-001398,PL,2026-06,2026-06-10,WLF-1007,sup-arcus,SATA,"Random orbital sander 150 mm, 5 mm orbit",werkstatt,159,piece,35.64,5666.76,PLN,24480.4,synthetic-spend-PL.csv,True,direct
TXN-001399,PL,2026-07,2026-07-05,WLF-1007,sup-arcus,SATA,"Random orbital sander 150 mm, 5 mm orbit",werkstatt,134,piece,35.64,4775.76,PLN,20631.28,synthetic-spend-PL.csv,True,direct
TXN-001400,PL,2026-08,2026-08-18,WLF-1007,sup-arcus,SATA,"Random orbital sander 150 mm, 5 mm orbit",werkstatt,139,piece,35.64,4953.96,PLN,21401.11,synthetic-spend-PL.csv,True,direct
TXN-001401,PL,2026-01,2026-01-03,WLF-1008,sup-cobalt,tesa,Paint cup for compressed-air spray gun,lack,143,piece,78.74,11259.82,PLN,48642.42,synthetic-spend-PL.csv,True,indirect
TXN-001402,PL,2026-02,2026-02-10,WLF-1008,sup-cobalt,tesa,Paint cup for compressed-air spray gun,lack,202,piece,78.74,15905.48,PLN,68711.67,synthetic-spend-PL.csv,True,indirect
TXN-001403,PL,2026-03,2026-03-27,WLF-1008,sup-cobalt,tesa,Paint cup for compressed-air spray gun,lack,162,piece,78.74,12755.88,PLN,55105.4,synthetic-spend-PL.csv,True,indirect
TXN-001404,PL,2026-04,2026-04-03,WLF-1008,sup-cobalt,tesa,Paint cup for compressed-air spray gun,lack,50,piece,78.74,3937.0,PLN,17007.84,synthetic-spend-PL.csv,True,indirect
TXN-001405,PL,2026-05,2026-05-27,WLF-1008,sup-cobalt,tesa,Paint cup for compressed-air spray gun,lack,324,piece,78.74,25511.76,PLN,110210.8,synthetic-spend-PL.csv,True,indirect
TXN-001406,PL,2026-06,2026-06-07,WLF-1008,sup-cobalt,tesa,Paint cup for compressed-air spray gun,lack,67,piece,78.74,5275.58,PLN,22790.51,synthetic-spend-PL.csv,True,indirect
TXN-001407,PL,2026-07,2026-07-09,WLF-1008,sup-cobalt,tesa,Paint cup for compressed-air spray gun,lack,199,piece,78.74,15669.26,PLN,67691.2,synthetic-spend-PL.csv,True,indirect
TXN-001408,PL,2026-08,2026-08-04,WLF-1008,sup-cobalt,tesa,Paint cup for compressed-air spray gun,lack,177,piece,78.74,13936.98,PLN,60207.75,synthetic-spend-PL.csv,True,indirect
TXN-001409,PL,2026-01,2026-01-21,WLF-1009,sup-solis,PPG / Nexa,"Sanding discs 150 mm, intermediate",schleif,321,piece,71.15,22839.15,PLN,98665.13,synthetic-spend-PL.csv,True,direct
TXN-001410,PL,2026-02,2026-02-04,WLF-1009,sup-solis,PPG / Nexa,"Sanding discs 150 mm, intermediate",schleif,53,piece,71.15,3770.95,PLN,16290.5,synthetic-spend-PL.csv,True,direct
TXN-001411,PL,2026-03,2026-03-20,WLF-1009,sup-solis,PPG / Nexa,"Sanding discs 150 mm, intermediate",schleif,91,piece,71.15,6474.65,PLN,27970.49,synthetic-spend-PL.csv,True,direct
TXN-001412,PL,2026-04,2026-04-02,WLF-1009,sup-solis,PPG / Nexa,"Sanding discs 150 mm, intermediate",schleif,274,piece,71.15,19495.1,PLN,84218.83,synthetic-spend-PL.csv,True,direct
TXN-001413,PL,2026-05,2026-05-25,WLF-1009,sup-solis,PPG / Nexa,"Sanding discs 150 mm, intermediate",schleif,210,piece,71.15,14941.5,PLN,64547.28,synthetic-spend-PL.csv,True,direct
TXN-001414,PL,2026-06,2026-06-19,WLF-1009,sup-solis,PPG / Nexa,"Sanding discs 150 mm, intermediate",schleif,266,piece,71.15,18925.9,PLN,81759.89,synthetic-spend-PL.csv,True,direct
TXN-001415,PL,2026-07,2026-07-11,WLF-1009,sup-solis,PPG / Nexa,"Sanding discs 150 mm, intermediate",schleif,238,piece,71.15,16933.7,PLN,73153.58,synthetic-spend-PL.csv,True,direct
TXN-001416,PL,2026-08,2026-08-11,WLF-1009,sup-solis,PPG / Nexa,"Sanding discs 150 mm, intermediate",schleif,86,piece,71.15,6118.9,PLN,26433.65,synthetic-spend-PL.csv,True,direct
TXN-001417,PL,2026-01,2026-01-22,WLF-1010,sup-orbit,Würth,Fine-line tape,kleb,34,piece,16.11,547.74,PLN,2366.24,synthetic-spend-PL.csv,True,direct
TXN-001418,PL,2026-02,2026-02-24,WLF-1010,sup-orbit,Würth,Fine-line tape,kleb,54,piece,16.11,869.94,PLN,3758.14,synthetic-spend-PL.csv,True,direct
TXN-001419,PL,2026-03,2026-03-08,WLF-1010,sup-orbit,Würth,Fine-line tape,kleb,190,piece,16.11,3060.9,PLN,13223.09,synthetic-spend-PL.csv,True,direct
TXN-001420,PL,2026-04,2026-04-26,WLF-1010,sup-orbit,Würth,Fine-line tape,kleb,223,piece,16.11,3592.53,PLN,15519.73,synthetic-spend-PL.csv,True,direct
TXN-001421,PL,2026-05,2026-05-14,WLF-1010,sup-orbit,Würth,Fine-line tape,kleb,176,piece,16.11,2835.36,PLN,12248.76,synthetic-spend-PL.csv,True,direct
TXN-001422,PL,2026-06,2026-06-13,WLF-1010,sup-orbit,Würth,Fine-line tape,kleb,40,piece,16.11,644.4,PLN,2783.81,synthetic-spend-PL.csv,True,direct
TXN-001423,PL,2026-07,2026-07-17,WLF-1010,sup-orbit,Würth,Fine-line tape,kleb,83,piece,16.11,1337.13,PLN,5776.4,synthetic-spend-PL.csv,True,direct
TXN-001424,PL,2026-08,2026-08-12,WLF-1010,sup-orbit,Würth,Fine-line tape,kleb,247,piece,16.11,3979.17,PLN,17190.01,synthetic-spend-PL.csv,True,direct
TXN-001425,PL,2026-01,2026-01-25,WLF-1011,sup-helio,Kovax,Polish (fine / anti-hologram),polier,104,piece,11.79,1226.16,PLN,5297.01,synthetic-spend-PL.csv,True,indirect
TXN-001426,PL,2026-02,2026-02-20,WLF-1011,sup-helio,Kovax,Polish (fine / anti-hologram),polier,164,piece,11.79,1933.56,PLN,8352.98,synthetic-spend-PL.csv,True,indirect
TXN-001427,PL,2026-03,2026-03-07,WLF-1011,sup-helio,Kovax,Polish (fine / anti-hologram),polier,112,piece,11.79,1320.48,PLN,5704.47,synthetic-spend-PL.csv,True,indirect
TXN-001428,PL,2026-04,2026-04-13,WLF-1011,sup-helio,Kovax,Polish (fine / anti-hologram),polier,301,piece,11.79,3548.79,PLN,15330.77,synthetic-spend-PL.csv,True,indirect
TXN-001429,PL,2026-05,2026-05-24,WLF-1011,sup-helio,Kovax,Polish (fine / anti-hologram),polier,179,piece,11.79,2110.41,PLN,9116.97,synthetic-spend-PL.csv,True,indirect
TXN-001430,PL,2026-06,2026-06-19,WLF-1011,sup-helio,Kovax,Polish (fine / anti-hologram),polier,164,piece,11.79,1933.56,PLN,8352.98,synthetic-spend-PL.csv,True,indirect
TXN-001431,PL,2026-07,2026-07-11,WLF-1011,sup-helio,Kovax,Polish (fine / anti-hologram),polier,102,piece,11.79,1202.58,PLN,5195.15,synthetic-spend-PL.csv,True,indirect
TXN-001432,PL,2026-08,2026-08-27,WLF-1011,sup-helio,Kovax,Polish (fine / anti-hologram),polier,258,piece,11.79,3041.82,PLN,13140.66,synthetic-spend-PL.csv,True,indirect
TXN-001433,PL,2026-01,2026-01-16,WLF-1012,sup-vanta,Starcke,Water-based silicone remover,kabine,127,piece,37.59,4773.93,PLN,20623.38,synthetic-spend-PL.csv,True,direct
TXN-001434,PL,2026-02,2026-02-16,WLF-1012,sup-vanta,Starcke,Water-based silicone remover,kabine,115,piece,37.59,4322.85,PLN,18674.71,synthetic-spend-PL.csv,True,direct
TXN-001435,PL,2026-03,2026-03-26,WLF-1012,sup-vanta,Starcke,Water-based silicone remover,kabine,313,piece,37.59,11765.67,PLN,50827.69,synthetic-spend-PL.csv,True,direct
TXN-001436,PL,2026-04,2026-04-28,WLF-1012,sup-vanta,Starcke,Water-based silicone remover,kabine,289,piece,37.59,10863.51,PLN,46930.36,synthetic-spend-PL.csv,True,direct
TXN-001437,PL,2026-05,2026-05-16,WLF-1012,sup-vanta,Starcke,Water-based silicone remover,kabine,72,piece,37.59,2706.48,PLN,11691.99,synthetic-spend-PL.csv,True,direct
TXN-001438,PL,2026-06,2026-06-03,WLF-1012,sup-vanta,Starcke,Water-based silicone remover,kabine,39,piece,37.59,1466.01,PLN,6333.16,synthetic-spend-PL.csv,True,direct
TXN-001439,PL,2026-07,2026-07-04,WLF-1012,sup-vanta,Starcke,Water-based silicone remover,kabine,67,piece,37.59,2518.53,PLN,10880.05,synthetic-spend-PL.csv,True,direct
TXN-001440,PL,2026-08,2026-08-22,WLF-1012,sup-vanta,Starcke,Water-based silicone remover,kabine,98,piece,37.59,3683.82,PLN,15914.1,synthetic-spend-PL.csv,True,direct
TXN-001441,PL,2026-01,2026-01-12,WLF-1013,sup-aster,3M,A2 filter cartridges,psa,135,piece,4.98,672.3,PLN,2904.34,synthetic-spend-PL.csv,True,direct
TXN-001442,PL,2026-02,2026-02-02,WLF-1013,sup-aster,3M,A2 filter cartridges,psa,316,piece,4.98,1573.68,PLN,6798.3,synthetic-spend-PL.csv,True,direct
TXN-001443,PL,2026-03,2026-03-03,WLF-1013,sup-aster,3M,A2 filter cartridges,psa,142,piece,4.98,707.16,PLN,3054.93,synthetic-spend-PL.csv,True,direct
TXN-001444,PL,2026-04,2026-04-04,WLF-1013,sup-aster,3M,A2 filter cartridges,psa,124,piece,4.98,617.52,PLN,2667.69,synthetic-spend-PL.csv,True,direct
TXN-001445,PL,2026-05,2026-05-13,WLF-1013,sup-aster,3M,A2 filter cartridges,psa,149,piece,4.98,742.02,PLN,3205.53,synthetic-spend-PL.csv,True,direct
TXN-001446,PL,2026-06,2026-06-19,WLF-1013,sup-aster,3M,A2 filter cartridges,psa,140,piece,4.98,697.2,PLN,3011.9,synthetic-spend-PL.csv,True,direct
TXN-001447,PL,2026-07,2026-07-15,WLF-1013,sup-aster,3M,A2 filter cartridges,psa,69,piece,4.98,343.62,PLN,1484.44,synthetic-spend-PL.csv,True,direct
TXN-001448,PL,2026-08,2026-08-10,WLF-1013,sup-aster,3M,A2 filter cartridges,psa,161,piece,4.98,801.78,PLN,3463.69,synthetic-spend-PL.csv,True,direct
TXN-001449,PL,2026-01,2026-01-28,WLF-1014,sup-velora,Glasurit (BASF),Random orbital sander 77 mm,werkstatt,317,piece,25.04,7937.68,PLN,34290.78,synthetic-spend-PL.csv,True,indirect
TXN-001450,PL,2026-02,2026-02-18,WLF-1014,sup-velora,Glasurit (BASF),Random orbital sander 77 mm,werkstatt,106,piece,25.04,2654.24,PLN,11466.32,synthetic-spend-PL.csv,True,indirect
TXN-001451,PL,2026-03,2026-03-08,WLF-1014,sup-velora,Glasurit (BASF),Random orbital sander 77 mm,werkstatt,250,piece,25.04,6260.0,PLN,27043.2,synthetic-spend-PL.csv,True,indirect
TXN-001452,PL,2026-04,2026-04-23,WLF-1014,sup-velora,Glasurit (BASF),Random orbital sander 77 mm,werkstatt,111,piece,25.04,2779.44,PLN,12007.18,synthetic-spend-PL.csv,True,indirect
TXN-001453,PL,2026-05,2026-05-15,WLF-1014,sup-velora,Glasurit (BASF),Random orbital sander 77 mm,werkstatt,201,piece,25.04,5033.04,PLN,21742.73,synthetic-spend-PL.csv,True,indirect
TXN-001454,PL,2026-06,2026-06-05,WLF-1014,sup-velora,Glasurit (BASF),Random orbital sander 77 mm,werkstatt,197,piece,25.04,4932.88,PLN,21310.04,synthetic-spend-PL.csv,True,indirect
TXN-001455,PL,2026-07,2026-07-11,WLF-1014,sup-velora,Glasurit (BASF),Random orbital sander 77 mm,werkstatt,59,piece,25.04,1477.36,PLN,6382.2,synthetic-spend-PL.csv,True,indirect
TXN-001456,PL,2026-08,2026-08-09,WLF-1014,sup-velora,Glasurit (BASF),Random orbital sander 77 mm,werkstatt,29,piece,25.04,726.16,PLN,3137.01,synthetic-spend-PL.csv,True,indirect
TXN-001457,PL,2026-01,2026-01-19,WLF-1015,sup-lumen,Finixa,Paint strainers 125 µ / 200 µ,lack,323,piece,55.65,17974.95,PLN,77651.78,synthetic-spend-PL.csv,True,direct
TXN-001458,PL,2026-02,2026-02-12,WLF-1015,sup-lumen,Finixa,Paint strainers 125 µ / 200 µ,lack,26,piece,55.65,1446.9,PLN,6250.61,synthetic-spend-PL.csv,True,direct
TXN-001459,PL,2026-03,2026-03-12,WLF-1015,sup-lumen,Finixa,Paint strainers 125 µ / 200 µ,lack,228,piece,55.65,12688.2,PLN,54813.02,synthetic-spend-PL.csv,True,direct
TXN-001460,PL,2026-04,2026-04-08,WLF-1015,sup-lumen,Finixa,Paint strainers 125 µ / 200 µ,lack,176,piece,55.65,9794.4,PLN,42311.81,synthetic-spend-PL.csv,True,direct
TXN-001461,PL,2026-05,2026-05-24,WLF-1015,sup-lumen,Finixa,Paint strainers 125 µ / 200 µ,lack,326,piece,55.65,18141.9,PLN,78373.01,synthetic-spend-PL.csv,True,direct
TXN-001462,PL,2026-06,2026-06-24,WLF-1015,sup-lumen,Finixa,Paint strainers 125 µ / 200 µ,lack,26,piece,55.65,1446.9,PLN,6250.61,synthetic-spend-PL.csv,True,direct
TXN-001463,PL,2026-07,2026-07-19,WLF-1015,sup-lumen,Finixa,Paint strainers 125 µ / 200 µ,lack,196,piece,55.65,10907.4,PLN,47119.97,synthetic-spend-PL.csv,True,direct
TXN-001464,PL,2026-08,2026-08-04,WLF-1015,sup-lumen,Finixa,Paint strainers 125 µ / 200 µ,lack,36,piece,55.65,2003.4,PLN,8654.69,synthetic-spend-PL.csv,True,direct
TXN-001465,PL,2026-01,2026-01-14,WLF-1016,sup-novex,Mirka,"Sanding discs 150 mm, fine",schleif,68,piece,42.81,2911.08,PLN,12575.87,synthetic-spend-PL.csv,True,direct
TXN-001466,PL,2026-02,2026-02-19,WLF-1016,sup-novex,Mirka,"Sanding discs 150 mm, fine",schleif,275,piece,42.81,11772.75,PLN,50858.28,synthetic-spend-PL.csv,True,direct
TXN-001467,PL,2026-03,2026-03-23,WLF-1016,sup-novex,Mirka,"Sanding discs 150 mm, fine",schleif,314,piece,42.81,13442.34,PLN,58070.91,synthetic-spend-PL.csv,True,direct
TXN-001468,PL,2026-04,2026-04-09,WLF-1016,sup-novex,Mirka,"Sanding discs 150 mm, fine",schleif,151,piece,42.81,6464.31,PLN,27925.82,synthetic-spend-PL.csv,True,direct
TXN-001469,PL,2026-05,2026-05-25,WLF-1016,sup-novex,Mirka,"Sanding discs 150 mm, fine",schleif,146,piece,42.81,6250.26,PLN,27001.12,synthetic-spend-PL.csv,True,direct
TXN-001470,PL,2026-06,2026-06-15,WLF-1016,sup-novex,Mirka,"Sanding discs 150 mm, fine",schleif,193,piece,42.81,8262.33,PLN,35693.27,synthetic-spend-PL.csv,True,direct
TXN-001471,PL,2026-07,2026-07-11,WLF-1016,sup-novex,Mirka,"Sanding discs 150 mm, fine",schleif,279,piece,42.81,11943.99,PLN,51598.04,synthetic-spend-PL.csv,True,direct
TXN-001472,PL,2026-08,2026-08-23,WLF-1016,sup-novex,Mirka,"Sanding discs 150 mm, fine",schleif,86,piece,42.81,3681.66,PLN,15904.77,synthetic-spend-PL.csv,True,direct
TXN-001473,PL,2026-01,2026-01-16,WLF-1017,sup-arcus,SATA,Contour tape,kleb,38,piece,19.39,736.82,PLN,3183.06,synthetic-spend-PL.csv,False,indirect
TXN-001474,PL,2026-02,2026-02-22,WLF-1017,sup-arcus,SATA,Contour tape,kleb,63,piece,19.39,1221.57,PLN,5277.18,synthetic-spend-PL.csv,False,indirect
TXN-001475,PL,2026-03,2026-03-03,WLF-1017,sup-arcus,SATA,Contour tape,kleb,249,piece,19.39,4828.11,PLN,20857.44,synthetic-spend-PL.csv,False,indirect
TXN-001476,PL,2026-04,2026-04-18,WLF-1017,sup-arcus,SATA,Contour tape,kleb,80,piece,19.39,1551.2,PLN,6701.18,synthetic-spend-PL.csv,False,indirect
TXN-001477,PL,2026-05,2026-05-12,WLF-1017,sup-arcus,SATA,Contour tape,kleb,162,piece,19.39,3141.18,PLN,13569.9,synthetic-spend-PL.csv,False,indirect
TXN-001478,PL,2026-06,2026-06-23,WLF-1017,sup-arcus,SATA,Contour tape,kleb,86,piece,19.39,1667.54,PLN,7203.77,synthetic-spend-PL.csv,False,indirect
TXN-001479,PL,2026-07,2026-07-17,WLF-1017,sup-arcus,SATA,Contour tape,kleb,117,piece,19.39,2268.63,PLN,9800.48,synthetic-spend-PL.csv,False,indirect
TXN-001480,PL,2026-08,2026-08-12,WLF-1017,sup-arcus,SATA,Contour tape,kleb,52,piece,19.39,1008.28,PLN,4355.77,synthetic-spend-PL.csv,False,indirect
TXN-001481,PL,2026-01,2026-01-14,WLF-1018,sup-cobalt,tesa,One-step cutting and polishing compound,polier,280,piece,19.89,5569.2,PLN,24058.94,synthetic-spend-PL.csv,False,direct
TXN-001482,PL,2026-02,2026-02-28,WLF-1018,sup-cobalt,tesa,One-step cutting and polishing compound,polier,133,piece,19.89,2645.37,PLN,11428.0,synthetic-spend-PL.csv,False,direct
TXN-001483,PL,2026-03,2026-03-01,WLF-1018,sup-cobalt,tesa,One-step cutting and polishing compound,polier,251,piece,19.89,4992.39,PLN,21567.12,synthetic-spend-PL.csv,False,direct
TXN-001484,PL,2026-04,2026-04-01,WLF-1018,sup-cobalt,tesa,One-step cutting and polishing compound,polier,329,piece,19.89,6543.81,PLN,28269.26,synthetic-spend-PL.csv,False,direct
TXN-001485,PL,2026-05,2026-05-20,WLF-1018,sup-cobalt,tesa,One-step cutting and polishing compound,polier,211,piece,19.89,4196.79,PLN,18130.13,synthetic-spend-PL.csv,False,direct
TXN-001486,PL,2026-06,2026-06-06,WLF-1018,sup-cobalt,tesa,One-step cutting and polishing compound,polier,144,piece,19.89,2864.16,PLN,12373.17,synthetic-spend-PL.csv,False,direct
TXN-001487,PL,2026-07,2026-07-09,WLF-1018,sup-cobalt,tesa,One-step cutting and polishing compound,polier,194,piece,19.89,3858.66,PLN,16669.41,synthetic-spend-PL.csv,False,direct
TXN-001488,PL,2026-08,2026-08-05,WLF-1018,sup-cobalt,tesa,One-step cutting and polishing compound,polier,302,piece,19.89,6006.78,PLN,25949.29,synthetic-spend-PL.csv,False,direct
TXN-001489,PL,2026-01,2026-01-05,WLF-1019,sup-solis,PPG / Nexa,Pre-saturated cleaning wipes,kabine,285,piece,105.1,29953.5,PLN,129399.12,synthetic-spend-PL.csv,False,direct
TXN-001490,PL,2026-02,2026-02-11,WLF-1019,sup-solis,PPG / Nexa,Pre-saturated cleaning wipes,kabine,77,piece,105.1,8092.7,PLN,34960.46,synthetic-spend-PL.csv,False,direct
TXN-001491,PL,2026-03,2026-03-20,WLF-1019,sup-solis,PPG / Nexa,Pre-saturated cleaning wipes,kabine,221,piece,105.1,23227.1,PLN,100341.07,synthetic-spend-PL.csv,False,direct
TXN-001492,PL,2026-04,2026-04-04,WLF-1019,sup-solis,PPG / Nexa,Pre-saturated cleaning wipes,kabine,285,piece,105.1,29953.5,PLN,129399.12,synthetic-spend-PL.csv,False,direct
TXN-001493,PL,2026-05,2026-05-09,WLF-1019,sup-solis,PPG / Nexa,Pre-saturated cleaning wipes,kabine,266,piece,105.1,27956.6,PLN,120772.51,synthetic-spend-PL.csv,False,direct
TXN-001494,PL,2026-06,2026-06-07,WLF-1019,sup-solis,PPG / Nexa,Pre-saturated cleaning wipes,kabine,258,piece,105.1,27115.8,PLN,117140.26,synthetic-spend-PL.csv,False,direct
TXN-001495,PL,2026-07,2026-07-26,WLF-1019,sup-solis,PPG / Nexa,Pre-saturated cleaning wipes,kabine,171,piece,105.1,17972.1,PLN,77639.47,synthetic-spend-PL.csv,False,direct
TXN-001496,PL,2026-08,2026-08-12,WLF-1019,sup-solis,PPG / Nexa,Pre-saturated cleaning wipes,kabine,100,piece,105.1,10510.0,PLN,45403.2,synthetic-spend-PL.csv,False,direct
TXN-001497,PL,2026-01,2026-01-05,WLF-1020,sup-orbit,Würth,P3 particulate filters,psa,193,piece,18.18,3508.74,PLN,15157.76,synthetic-spend-PL.csv,False,indirect
TXN-001498,PL,2026-02,2026-02-16,WLF-1020,sup-orbit,Würth,P3 particulate filters,psa,100,piece,18.18,1818.0,PLN,7853.76,synthetic-spend-PL.csv,False,indirect
TXN-001499,PL,2026-03,2026-03-12,WLF-1020,sup-orbit,Würth,P3 particulate filters,psa,55,piece,18.18,999.9,PLN,4319.57,synthetic-spend-PL.csv,False,indirect
TXN-001500,PL,2026-04,2026-04-10,WLF-1020,sup-orbit,Würth,P3 particulate filters,psa,212,piece,18.18,3854.16,PLN,16649.97,synthetic-spend-PL.csv,False,indirect
TXN-001501,PL,2026-05,2026-05-06,WLF-1020,sup-orbit,Würth,P3 particulate filters,psa,234,piece,18.18,4254.12,PLN,18377.8,synthetic-spend-PL.csv,False,indirect
TXN-001502,PL,2026-06,2026-06-15,WLF-1020,sup-orbit,Würth,P3 particulate filters,psa,129,piece,18.18,2345.22,PLN,10131.35,synthetic-spend-PL.csv,False,indirect
TXN-001503,PL,2026-07,2026-07-21,WLF-1020,sup-orbit,Würth,P3 particulate filters,psa,161,piece,18.18,2926.98,PLN,12644.55,synthetic-spend-PL.csv,False,indirect
TXN-001504,PL,2026-08,2026-08-18,WLF-1020,sup-orbit,Würth,P3 particulate filters,psa,294,piece,18.18,5344.92,PLN,23090.05,synthetic-spend-PL.csv,False,indirect
TXN-001505,PL,2026-01,2026-01-02,WLF-1021,sup-helio,Kovax,Electric random orbital sander 150 mm,werkstatt,283,piece,14.15,4004.45,PLN,17299.22,synthetic-spend-PL.csv,False,direct
TXN-001506,PL,2026-02,2026-02-02,WLF-1021,sup-helio,Kovax,Electric random orbital sander 150 mm,werkstatt,283,piece,14.15,4004.45,PLN,17299.22,synthetic-spend-PL.csv,False,direct
TXN-001507,PL,2026-03,2026-03-06,WLF-1021,sup-helio,Kovax,Electric random orbital sander 150 mm,werkstatt,186,piece,14.15,2631.9,PLN,11369.81,synthetic-spend-PL.csv,False,direct
TXN-001508,PL,2026-04,2026-04-08,WLF-1021,sup-helio,Kovax,Electric random orbital sander 150 mm,werkstatt,63,piece,14.15,891.45,PLN,3851.06,synthetic-spend-PL.csv,False,direct
TXN-001509,PL,2026-05,2026-05-05,WLF-1021,sup-helio,Kovax,Electric random orbital sander 150 mm,werkstatt,314,piece,14.15,4443.1,PLN,19194.19,synthetic-spend-PL.csv,False,direct
TXN-001510,PL,2026-06,2026-06-07,WLF-1021,sup-helio,Kovax,Electric random orbital sander 150 mm,werkstatt,162,piece,14.15,2292.3,PLN,9902.74,synthetic-spend-PL.csv,False,direct
TXN-001511,PL,2026-07,2026-07-21,WLF-1021,sup-helio,Kovax,Electric random orbital sander 150 mm,werkstatt,204,piece,14.15,2886.6,PLN,12470.11,synthetic-spend-PL.csv,False,direct
TXN-001512,PL,2026-08,2026-08-05,WLF-1021,sup-helio,Kovax,Electric random orbital sander 150 mm,werkstatt,85,piece,14.15,1202.75,PLN,5195.88,synthetic-spend-PL.csv,False,direct
TXN-001513,CZ,2026-01,2026-01-08,WLF-1001,sup-vanta,Starcke,Graduated mixing cup,lack,251,piece,23.51,5901.01,CZK,146345.05,synthetic-spend-CZ.csv,True,indirect
TXN-001514,CZ,2026-02,2026-02-11,WLF-1001,sup-vanta,Starcke,Graduated mixing cup,lack,95,piece,23.51,2233.45,CZK,55389.56,synthetic-spend-CZ.csv,True,indirect
TXN-001515,CZ,2026-03,2026-03-02,WLF-1001,sup-vanta,Starcke,Graduated mixing cup,lack,132,piece,23.51,3103.32,CZK,76962.34,synthetic-spend-CZ.csv,True,indirect
TXN-001516,CZ,2026-04,2026-04-17,WLF-1001,sup-vanta,Starcke,Graduated mixing cup,lack,301,piece,23.51,7076.51,CZK,175497.45,synthetic-spend-CZ.csv,True,indirect
TXN-001517,CZ,2026-05,2026-05-18,WLF-1001,sup-vanta,Starcke,Graduated mixing cup,lack,185,piece,23.51,4349.35,CZK,107863.88,synthetic-spend-CZ.csv,True,indirect
TXN-001518,CZ,2026-06,2026-06-02,WLF-1001,sup-vanta,Starcke,Graduated mixing cup,lack,96,piece,23.51,2256.96,CZK,55972.61,synthetic-spend-CZ.csv,True,indirect
TXN-001519,CZ,2026-07,2026-07-01,WLF-1001,sup-vanta,Starcke,Graduated mixing cup,lack,324,piece,23.51,7617.24,CZK,188907.55,synthetic-spend-CZ.csv,True,indirect
TXN-001520,CZ,2026-08,2026-08-20,WLF-1001,sup-vanta,Starcke,Graduated mixing cup,lack,33,piece,23.51,775.83,CZK,19240.58,synthetic-spend-CZ.csv,True,indirect
TXN-001521,CZ,2026-01,2026-01-05,WLF-1002,sup-aster,3M,"Sanding discs 150 mm, coarse",schleif,133,piece,62.47,8308.51,CZK,206051.05,synthetic-spend-CZ.csv,True,direct
TXN-001522,CZ,2026-02,2026-02-04,WLF-1002,sup-aster,3M,"Sanding discs 150 mm, coarse",schleif,85,piece,62.47,5309.95,CZK,131686.76,synthetic-spend-CZ.csv,True,direct
TXN-001523,CZ,2026-03,2026-03-02,WLF-1002,sup-aster,3M,"Sanding discs 150 mm, coarse",schleif,281,piece,62.47,17554.07,CZK,435340.94,synthetic-spend-CZ.csv,True,direct
TXN-001524,CZ,2026-04,2026-04-09,WLF-1002,sup-aster,3M,"Sanding discs 150 mm, coarse",schleif,261,piece,62.47,16304.67,CZK,404355.82,synthetic-spend-CZ.csv,True,direct
TXN-001525,CZ,2026-05,2026-05-03,WLF-1002,sup-aster,3M,"Sanding discs 150 mm, coarse",schleif,68,piece,62.47,4247.96,CZK,105349.41,synthetic-spend-CZ.csv,True,direct
TXN-001526,CZ,2026-06,2026-06-24,WLF-1002,sup-aster,3M,"Sanding discs 150 mm, coarse",schleif,140,piece,62.47,8745.8,CZK,216895.84,synthetic-spend-CZ.csv,True,direct
TXN-001527,CZ,2026-07,2026-07-23,WLF-1002,sup-aster,3M,"Sanding discs 150 mm, coarse",schleif,323,piece,62.47,20177.81,CZK,500409.69,synthetic-spend-CZ.csv,True,direct
TXN-001528,CZ,2026-08,2026-08-07,WLF-1002,sup-aster,3M,"Sanding discs 150 mm, coarse",schleif,30,piece,62.47,1874.1,CZK,46477.68,synthetic-spend-CZ.csv,True,direct
TXN-001529,CZ,2026-01,2026-01-14,WLF-1003,sup-velora,Glasurit (BASF),Standard masking tape,kleb,65,piece,13.09,850.85,CZK,21101.08,synthetic-spend-CZ.csv,True,direct
TXN-001530,CZ,2026-02,2026-02-27,WLF-1003,sup-velora,Glasurit (BASF),Standard masking tape,kleb,113,piece,13.09,1479.17,CZK,36683.42,synthetic-spend-CZ.csv,True,direct
TXN-001531,CZ,2026-03,2026-03-05,WLF-1003,sup-velora,Glasurit (BASF),Standard masking tape,kleb,256,piece,13.09,3351.04,CZK,83105.79,synthetic-spend-CZ.csv,True,direct
TXN-001532,CZ,2026-04,2026-04-01,WLF-1003,sup-velora,Glasurit (BASF),Standard masking tape,kleb,96,piece,13.09,1256.64,CZK,31164.67,synthetic-spend-CZ.csv,True,direct
TXN-001533,CZ,2026-05,2026-05-27,WLF-1003,sup-velora,Glasurit (BASF),Standard masking tape,kleb,91,piece,13.09,1191.19,CZK,29541.51,synthetic-spend-CZ.csv,True,direct
TXN-001534,CZ,2026-06,2026-06-15,WLF-1003,sup-velora,Glasurit (BASF),Standard masking tape,kleb,115,piece,13.09,1505.35,CZK,37332.68,synthetic-spend-CZ.csv,True,direct
TXN-001535,CZ,2026-07,2026-07-21,WLF-1003,sup-velora,Glasurit (BASF),Standard masking tape,kleb,259,piece,13.09,3390.31,CZK,84079.69,synthetic-spend-CZ.csv,True,direct
TXN-001536,CZ,2026-08,2026-08-20,WLF-1003,sup-velora,Glasurit (BASF),Standard masking tape,kleb,218,piece,13.09,2853.62,CZK,70769.78,synthetic-spend-CZ.csv,True,direct
TXN-001537,CZ,2026-01,2026-01-11,WLF-1004,sup-lumen,Finixa,Cutting compound (coarse/medium),polier,85,piece,28.82,2449.7,CZK,60752.56,synthetic-spend-CZ.csv,True,indirect
TXN-001538,CZ,2026-02,2026-02-28,WLF-1004,sup-lumen,Finixa,Cutting compound (coarse/medium),polier,108,piece,28.82,3112.56,CZK,77191.49,synthetic-spend-CZ.csv,True,indirect
TXN-001539,CZ,2026-03,2026-03-01,WLF-1004,sup-lumen,Finixa,Cutting compound (coarse/medium),polier,307,piece,28.82,8847.74,CZK,219423.95,synthetic-spend-CZ.csv,True,indirect
TXN-001540,CZ,2026-04,2026-04-14,WLF-1004,sup-lumen,Finixa,Cutting compound (coarse/medium),polier,253,piece,28.82,7291.46,CZK,180828.21,synthetic-spend-CZ.csv,True,indirect
TXN-001541,CZ,2026-05,2026-05-04,WLF-1004,sup-lumen,Finixa,Cutting compound (coarse/medium),polier,284,piece,28.82,8184.88,CZK,202985.02,synthetic-spend-CZ.csv,True,indirect
TXN-001542,CZ,2026-06,2026-06-05,WLF-1004,sup-lumen,Finixa,Cutting compound (coarse/medium),polier,280,piece,28.82,8069.6,CZK,200126.08,synthetic-spend-CZ.csv,True,indirect
TXN-001543,CZ,2026-07,2026-07-16,WLF-1004,sup-lumen,Finixa,Cutting compound (coarse/medium),polier,80,piece,28.82,2305.6,CZK,57178.88,synthetic-spend-CZ.csv,True,indirect
TXN-001544,CZ,2026-08,2026-08-02,WLF-1004,sup-lumen,Finixa,Cutting compound (coarse/medium),polier,148,piece,28.82,4265.36,CZK,105780.93,synthetic-spend-CZ.csv,True,indirect
TXN-001545,CZ,2026-01,2026-01-15,WLF-1005,sup-novex,Mirka,Solvent-based silicone remover,kabine,73,piece,63.55,4639.15,CZK,115050.92,synthetic-spend-CZ.csv,True,direct
TXN-001546,CZ,2026-02,2026-02-06,WLF-1005,sup-novex,Mirka,Solvent-based silicone remover,kabine,203,piece,63.55,12900.65,CZK,319936.12,synthetic-spend-CZ.csv,True,direct
TXN-001547,CZ,2026-03,2026-03-25,WLF-1005,sup-novex,Mirka,Solvent-based silicone remover,kabine,155,piece,63.55,9850.25,CZK,244286.2,synthetic-spend-CZ.csv,True,direct
TXN-001548,CZ,2026-04,2026-04-10,WLF-1005,sup-novex,Mirka,Solvent-based silicone remover,kabine,324,piece,63.55,20590.2,CZK,510636.96,synthetic-spend-CZ.csv,True,direct
TXN-001549,CZ,2026-05,2026-05-12,WLF-1005,sup-novex,Mirka,Solvent-based silicone remover,kabine,106,piece,63.55,6736.3,CZK,167060.24,synthetic-spend-CZ.csv,True,direct
TXN-001550,CZ,2026-06,2026-06-28,WLF-1005,sup-novex,Mirka,Solvent-based silicone remover,kabine,91,piece,63.55,5783.05,CZK,143419.64,synthetic-spend-CZ.csv,True,direct
TXN-001551,CZ,2026-07,2026-07-03,WLF-1005,sup-novex,Mirka,Solvent-based silicone remover,kabine,87,piece,63.55,5528.85,CZK,137115.48,synthetic-spend-CZ.csv,True,direct
TXN-001552,CZ,2026-08,2026-08-21,WLF-1005,sup-novex,Mirka,Solvent-based silicone remover,kabine,229,piece,63.55,14552.95,CZK,360913.16,synthetic-spend-CZ.csv,True,direct
TXN-001553,CZ,2026-01,2026-01-11,WLF-1006,sup-arcus,SATA,Half mask / spray-painting respirator,psa,121,piece,22.14,2678.94,CZK,66437.71,synthetic-spend-CZ.csv,True,direct
TXN-001554,CZ,2026-02,2026-02-01,WLF-1006,sup-arcus,SATA,Half mask / spray-painting respirator,psa,78,piece,22.14,1726.92,CZK,42827.62,synthetic-spend-CZ.csv,True,direct
TXN-001555,CZ,2026-03,2026-03-02,WLF-1006,sup-arcus,SATA,Half mask / spray-painting respirator,psa,74,piece,22.14,1638.36,CZK,40631.33,synthetic-spend-CZ.csv,True,direct
TXN-001556,CZ,2026-04,2026-04-11,WLF-1006,sup-arcus,SATA,Half mask / spray-painting respirator,psa,308,piece,22.14,6819.12,CZK,169114.18,synthetic-spend-CZ.csv,True,direct
TXN-001557,CZ,2026-05,2026-05-11,WLF-1006,sup-arcus,SATA,Half mask / spray-painting respirator,psa,27,piece,22.14,597.78,CZK,14824.94,synthetic-spend-CZ.csv,True,direct
TXN-001558,CZ,2026-06,2026-06-11,WLF-1006,sup-arcus,SATA,Half mask / spray-painting respirator,psa,313,piece,22.14,6929.82,CZK,171859.54,synthetic-spend-CZ.csv,True,direct
TXN-001559,CZ,2026-07,2026-07-23,WLF-1006,sup-arcus,SATA,Half mask / spray-painting respirator,psa,84,piece,22.14,1859.76,CZK,46122.05,synthetic-spend-CZ.csv,True,direct
TXN-001560,CZ,2026-08,2026-08-06,WLF-1006,sup-arcus,SATA,Half mask / spray-painting respirator,psa,39,piece,22.14,863.46,CZK,21413.81,synthetic-spend-CZ.csv,True,direct
TXN-001561,CZ,2026-01,2026-01-18,WLF-1007,sup-cobalt,tesa,"Random orbital sander 150 mm, 5 mm orbit",werkstatt,134,piece,49.98,6697.32,CZK,166093.54,synthetic-spend-CZ.csv,True,indirect
TXN-001562,CZ,2026-02,2026-02-07,WLF-1007,sup-cobalt,tesa,"Random orbital sander 150 mm, 5 mm orbit",werkstatt,41,piece,49.98,2049.18,CZK,50819.66,synthetic-spend-CZ.csv,True,indirect
TXN-001563,CZ,2026-03,2026-03-05,WLF-1007,sup-cobalt,tesa,"Random orbital sander 150 mm, 5 mm orbit",werkstatt,122,piece,49.98,6097.56,CZK,151219.49,synthetic-spend-CZ.csv,True,indirect
TXN-001564,CZ,2026-04,2026-04-16,WLF-1007,sup-cobalt,tesa,"Random orbital sander 150 mm, 5 mm orbit",werkstatt,205,piece,49.98,10245.9,CZK,254098.32,synthetic-spend-CZ.csv,True,indirect
TXN-001565,CZ,2026-05,2026-05-17,WLF-1007,sup-cobalt,tesa,"Random orbital sander 150 mm, 5 mm orbit",werkstatt,74,piece,49.98,3698.52,CZK,91723.3,synthetic-spend-CZ.csv,True,indirect
TXN-001566,CZ,2026-06,2026-06-11,WLF-1007,sup-cobalt,tesa,"Random orbital sander 150 mm, 5 mm orbit",werkstatt,96,piece,49.98,4798.08,CZK,118992.38,synthetic-spend-CZ.csv,True,indirect
TXN-001567,CZ,2026-07,2026-07-25,WLF-1007,sup-cobalt,tesa,"Random orbital sander 150 mm, 5 mm orbit",werkstatt,189,piece,49.98,9446.22,CZK,234266.26,synthetic-spend-CZ.csv,True,indirect
TXN-001568,CZ,2026-08,2026-08-14,WLF-1007,sup-cobalt,tesa,"Random orbital sander 150 mm, 5 mm orbit",werkstatt,221,piece,49.98,11045.58,CZK,273930.38,synthetic-spend-CZ.csv,True,indirect
TXN-001569,CZ,2026-01,2026-01-12,WLF-1008,sup-solis,PPG / Nexa,Paint cup for compressed-air spray gun,lack,63,piece,74.19,4673.97,CZK,115914.46,synthetic-spend-CZ.csv,True,direct
TXN-001570,CZ,2026-02,2026-02-01,WLF-1008,sup-solis,PPG / Nexa,Paint cup for compressed-air spray gun,lack,179,piece,74.19,13280.01,CZK,329344.25,synthetic-spend-CZ.csv,True,direct
TXN-001571,CZ,2026-03,2026-03-22,WLF-1008,sup-solis,PPG / Nexa,Paint cup for compressed-air spray gun,lack,118,piece,74.19,8754.42,CZK,217109.62,synthetic-spend-CZ.csv,True,direct
TXN-001572,CZ,2026-04,2026-04-02,WLF-1008,sup-solis,PPG / Nexa,Paint cup for compressed-air spray gun,lack,224,piece,74.19,16618.56,CZK,412140.29,synthetic-spend-CZ.csv,True,direct
TXN-001573,CZ,2026-05,2026-05-10,WLF-1008,sup-solis,PPG / Nexa,Paint cup for compressed-air spray gun,lack,84,piece,74.19,6231.96,CZK,154552.61,synthetic-spend-CZ.csv,True,direct
TXN-001574,CZ,2026-06,2026-06-14,WLF-1008,sup-solis,PPG / Nexa,Paint cup for compressed-air spray gun,lack,192,piece,74.19,14244.48,CZK,353263.1,synthetic-spend-CZ.csv,True,direct
TXN-001575,CZ,2026-07,2026-07-13,WLF-1008,sup-solis,PPG / Nexa,Paint cup for compressed-air spray gun,lack,221,piece,74.19,16395.99,CZK,406620.55,synthetic-spend-CZ.csv,True,direct
TXN-001576,CZ,2026-08,2026-08-14,WLF-1008,sup-solis,PPG / Nexa,Paint cup for compressed-air spray gun,lack,328,piece,74.19,24334.32,CZK,603491.14,synthetic-spend-CZ.csv,True,direct
TXN-001577,CZ,2026-01,2026-01-03,WLF-1009,sup-orbit,Würth,"Sanding discs 150 mm, intermediate",schleif,273,piece,48.53,13248.69,CZK,328567.51,synthetic-spend-CZ.csv,True,direct
TXN-001578,CZ,2026-02,2026-02-25,WLF-1009,sup-orbit,Würth,"Sanding discs 150 mm, intermediate",schleif,288,piece,48.53,13976.64,CZK,346620.67,synthetic-spend-CZ.csv,True,direct
TXN-001579,CZ,2026-03,2026-03-12,WLF-1009,sup-orbit,Würth,"Sanding discs 150 mm, intermediate",schleif,167,piece,48.53,8104.51,CZK,200991.85,synthetic-spend-CZ.csv,True,direct
TXN-001580,CZ,2026-04,2026-04-25,WLF-1009,sup-orbit,Würth,"Sanding discs 150 mm, intermediate",schleif,232,piece,48.53,11258.96,CZK,279222.21,synthetic-spend-CZ.csv,True,direct
TXN-001581,CZ,2026-05,2026-05-18,WLF-1009,sup-orbit,Würth,"Sanding discs 150 mm, intermediate",schleif,258,piece,48.53,12520.74,CZK,310514.35,synthetic-spend-CZ.csv,True,direct
TXN-001582,CZ,2026-06,2026-06-10,WLF-1009,sup-orbit,Würth,"Sanding discs 150 mm, intermediate",schleif,214,piece,48.53,10385.42,CZK,257558.42,synthetic-spend-CZ.csv,True,direct
TXN-001583,CZ,2026-07,2026-07-25,WLF-1009,sup-orbit,Würth,"Sanding discs 150 mm, intermediate",schleif,113,piece,48.53,5483.89,CZK,136000.47,synthetic-spend-CZ.csv,True,direct
TXN-001584,CZ,2026-08,2026-08-02,WLF-1009,sup-orbit,Würth,"Sanding discs 150 mm, intermediate",schleif,138,piece,48.53,6697.14,CZK,166089.07,synthetic-spend-CZ.csv,True,direct
TXN-001585,CZ,2026-01,2026-01-20,WLF-1010,sup-helio,Kovax,Fine-line tape,kleb,173,piece,14.93,2582.89,CZK,64055.67,synthetic-spend-CZ.csv,True,indirect
TXN-001586,CZ,2026-02,2026-02-26,WLF-1010,sup-helio,Kovax,Fine-line tape,kleb,123,piece,14.93,1836.39,CZK,45542.47,synthetic-spend-CZ.csv,True,indirect
TXN-001587,CZ,2026-03,2026-03-09,WLF-1010,sup-helio,Kovax,Fine-line tape,kleb,56,piece,14.93,836.08,CZK,20734.78,synthetic-spend-CZ.csv,True,indirect
TXN-001588,CZ,2026-04,2026-04-25,WLF-1010,sup-helio,Kovax,Fine-line tape,kleb,43,piece,14.93,641.99,CZK,15921.35,synthetic-spend-CZ.csv,True,indirect
TXN-001589,CZ,2026-05,2026-05-25,WLF-1010,sup-helio,Kovax,Fine-line tape,kleb,317,piece,14.93,4732.81,CZK,117373.69,synthetic-spend-CZ.csv,True,indirect
TXN-001590,CZ,2026-06,2026-06-13,WLF-1010,sup-helio,Kovax,Fine-line tape,kleb,208,piece,14.93,3105.44,CZK,77014.91,synthetic-spend-CZ.csv,True,indirect
TXN-001591,CZ,2026-07,2026-07-10,WLF-1010,sup-helio,Kovax,Fine-line tape,kleb,49,piece,14.93,731.57,CZK,18142.94,synthetic-spend-CZ.csv,True,indirect
TXN-001592,CZ,2026-08,2026-08-13,WLF-1010,sup-helio,Kovax,Fine-line tape,kleb,270,piece,14.93,4031.1,CZK,99971.28,synthetic-spend-CZ.csv,True,indirect
TXN-001593,CZ,2026-01,2026-01-20,WLF-1011,sup-vanta,Starcke,Polish (fine / anti-hologram),polier,221,piece,9.16,2024.36,CZK,50204.13,synthetic-spend-CZ.csv,True,direct
TXN-001594,CZ,2026-02,2026-02-24,WLF-1011,sup-vanta,Starcke,Polish (fine / anti-hologram),polier,216,piece,9.16,1978.56,CZK,49068.29,synthetic-spend-CZ.csv,True,direct
TXN-001595,CZ,2026-03,2026-03-18,WLF-1011,sup-vanta,Starcke,Polish (fine / anti-hologram),polier,215,piece,9.16,1969.4,CZK,48841.12,synthetic-spend-CZ.csv,True,direct
TXN-001596,CZ,2026-04,2026-04-23,WLF-1011,sup-vanta,Starcke,Polish (fine / anti-hologram),polier,26,piece,9.16,238.16,CZK,5906.37,synthetic-spend-CZ.csv,True,direct
TXN-001597,CZ,2026-05,2026-05-23,WLF-1011,sup-vanta,Starcke,Polish (fine / anti-hologram),polier,40,piece,9.16,366.4,CZK,9086.72,synthetic-spend-CZ.csv,True,direct
TXN-001598,CZ,2026-06,2026-06-15,WLF-1011,sup-vanta,Starcke,Polish (fine / anti-hologram),polier,258,piece,9.16,2363.28,CZK,58609.34,synthetic-spend-CZ.csv,True,direct
TXN-001599,CZ,2026-07,2026-07-20,WLF-1011,sup-vanta,Starcke,Polish (fine / anti-hologram),polier,231,piece,9.16,2115.96,CZK,52475.81,synthetic-spend-CZ.csv,True,direct
TXN-001600,CZ,2026-08,2026-08-19,WLF-1011,sup-vanta,Starcke,Polish (fine / anti-hologram),polier,165,piece,9.16,1511.4,CZK,37482.72,synthetic-spend-CZ.csv,True,direct
TXN-001601,CZ,2026-01,2026-01-20,WLF-1012,sup-aster,3M,Water-based silicone remover,kabine,302,piece,38.55,11642.1,CZK,288724.08,synthetic-spend-CZ.csv,True,direct
TXN-001602,CZ,2026-02,2026-02-07,WLF-1012,sup-aster,3M,Water-based silicone remover,kabine,93,piece,38.55,3585.15,CZK,88911.72,synthetic-spend-CZ.csv,True,direct
TXN-001603,CZ,2026-03,2026-03-09,WLF-1012,sup-aster,3M,Water-based silicone remover,kabine,262,piece,38.55,10100.1,CZK,250482.48,synthetic-spend-CZ.csv,True,direct
TXN-001604,CZ,2026-04,2026-04-17,WLF-1012,sup-aster,3M,Water-based silicone remover,kabine,127,piece,38.55,4895.85,CZK,121417.08,synthetic-spend-CZ.csv,True,direct
TXN-001605,CZ,2026-05,2026-05-07,WLF-1012,sup-aster,3M,Water-based silicone remover,kabine,56,piece,38.55,2158.8,CZK,53538.24,synthetic-spend-CZ.csv,True,direct
TXN-001606,CZ,2026-06,2026-06-13,WLF-1012,sup-aster,3M,Water-based silicone remover,kabine,205,piece,38.55,7902.75,CZK,195988.2,synthetic-spend-CZ.csv,True,direct
TXN-001607,CZ,2026-07,2026-07-17,WLF-1012,sup-aster,3M,Water-based silicone remover,kabine,253,piece,38.55,9753.15,CZK,241878.12,synthetic-spend-CZ.csv,True,direct
TXN-001608,CZ,2026-08,2026-08-21,WLF-1012,sup-aster,3M,Water-based silicone remover,kabine,277,piece,38.55,10678.35,CZK,264823.08,synthetic-spend-CZ.csv,True,direct
TXN-001609,CZ,2026-01,2026-01-23,WLF-1013,sup-velora,Glasurit (BASF),A2 filter cartridges,psa,182,piece,6.74,1226.68,CZK,30421.66,synthetic-spend-CZ.csv,True,indirect
TXN-001610,CZ,2026-02,2026-02-11,WLF-1013,sup-velora,Glasurit (BASF),A2 filter cartridges,psa,147,piece,6.74,990.78,CZK,24571.34,synthetic-spend-CZ.csv,True,indirect
TXN-001611,CZ,2026-03,2026-03-22,WLF-1013,sup-velora,Glasurit (BASF),A2 filter cartridges,psa,32,piece,6.74,215.68,CZK,5348.86,synthetic-spend-CZ.csv,True,indirect
TXN-001612,CZ,2026-04,2026-04-16,WLF-1013,sup-velora,Glasurit (BASF),A2 filter cartridges,psa,282,piece,6.74,1900.68,CZK,47136.86,synthetic-spend-CZ.csv,True,indirect
TXN-001613,CZ,2026-05,2026-05-17,WLF-1013,sup-velora,Glasurit (BASF),A2 filter cartridges,psa,63,piece,6.74,424.62,CZK,10530.58,synthetic-spend-CZ.csv,True,indirect
TXN-001614,CZ,2026-06,2026-06-27,WLF-1013,sup-velora,Glasurit (BASF),A2 filter cartridges,psa,74,piece,6.74,498.76,CZK,12369.25,synthetic-spend-CZ.csv,True,indirect
TXN-001615,CZ,2026-07,2026-07-14,WLF-1013,sup-velora,Glasurit (BASF),A2 filter cartridges,psa,27,piece,6.74,181.98,CZK,4513.1,synthetic-spend-CZ.csv,True,indirect
TXN-001616,CZ,2026-08,2026-08-10,WLF-1013,sup-velora,Glasurit (BASF),A2 filter cartridges,psa,326,piece,6.74,2197.24,CZK,54491.55,synthetic-spend-CZ.csv,True,indirect
TXN-001617,CZ,2026-01,2026-01-15,WLF-1014,sup-lumen,Finixa,Random orbital sander 77 mm,werkstatt,96,piece,51.03,4898.88,CZK,121492.22,synthetic-spend-CZ.csv,True,direct
TXN-001618,CZ,2026-02,2026-02-19,WLF-1014,sup-lumen,Finixa,Random orbital sander 77 mm,werkstatt,48,piece,51.03,2449.44,CZK,60746.11,synthetic-spend-CZ.csv,True,direct
TXN-001619,CZ,2026-03,2026-03-17,WLF-1014,sup-lumen,Finixa,Random orbital sander 77 mm,werkstatt,187,piece,51.03,9542.61,CZK,236656.73,synthetic-spend-CZ.csv,True,direct
TXN-001620,CZ,2026-04,2026-04-28,WLF-1014,sup-lumen,Finixa,Random orbital sander 77 mm,werkstatt,195,piece,51.03,9950.85,CZK,246781.08,synthetic-spend-CZ.csv,True,direct
TXN-001621,CZ,2026-05,2026-05-05,WLF-1014,sup-lumen,Finixa,Random orbital sander 77 mm,werkstatt,33,piece,51.03,1683.99,CZK,41762.95,synthetic-spend-CZ.csv,True,direct
TXN-001622,CZ,2026-06,2026-06-25,WLF-1014,sup-lumen,Finixa,Random orbital sander 77 mm,werkstatt,307,piece,51.03,15666.21,CZK,388522.01,synthetic-spend-CZ.csv,True,direct
TXN-001623,CZ,2026-07,2026-07-07,WLF-1014,sup-lumen,Finixa,Random orbital sander 77 mm,werkstatt,67,piece,51.03,3419.01,CZK,84791.45,synthetic-spend-CZ.csv,True,direct
TXN-001624,CZ,2026-08,2026-08-11,WLF-1014,sup-lumen,Finixa,Random orbital sander 77 mm,werkstatt,212,piece,51.03,10818.36,CZK,268295.33,synthetic-spend-CZ.csv,True,direct
TXN-001625,CZ,2026-01,2026-01-15,WLF-1015,sup-novex,Mirka,Paint strainers 125 µ / 200 µ,lack,47,piece,77.02,3619.94,CZK,89774.51,synthetic-spend-CZ.csv,True,direct
TXN-001626,CZ,2026-02,2026-02-02,WLF-1015,sup-novex,Mirka,Paint strainers 125 µ / 200 µ,lack,243,piece,77.02,18715.86,CZK,464153.33,synthetic-spend-CZ.csv,True,direct
TXN-001627,CZ,2026-03,2026-03-12,WLF-1015,sup-novex,Mirka,Paint strainers 125 µ / 200 µ,lack,53,piece,77.02,4082.06,CZK,101235.09,synthetic-spend-CZ.csv,True,direct
TXN-001628,CZ,2026-04,2026-04-05,WLF-1015,sup-novex,Mirka,Paint strainers 125 µ / 200 µ,lack,117,piece,77.02,9011.34,CZK,223481.23,synthetic-spend-CZ.csv,True,direct
TXN-001629,CZ,2026-05,2026-05-11,WLF-1015,sup-novex,Mirka,Paint strainers 125 µ / 200 µ,lack,260,piece,77.02,20025.2,CZK,496624.96,synthetic-spend-CZ.csv,True,direct
TXN-001630,CZ,2026-06,2026-06-20,WLF-1015,sup-novex,Mirka,Paint strainers 125 µ / 200 µ,lack,97,piece,77.02,7470.94,CZK,185279.31,synthetic-spend-CZ.csv,True,direct
TXN-001631,CZ,2026-07,2026-07-06,WLF-1015,sup-novex,Mirka,Paint strainers 125 µ / 200 µ,lack,210,piece,77.02,16174.2,CZK,401120.16,synthetic-spend-CZ.csv,True,direct
TXN-001632,CZ,2026-08,2026-08-06,WLF-1015,sup-novex,Mirka,Paint strainers 125 µ / 200 µ,lack,328,piece,77.02,25262.56,CZK,626511.49,synthetic-spend-CZ.csv,True,direct
TXN-001633,CZ,2026-01,2026-01-08,WLF-1016,sup-arcus,SATA,"Sanding discs 150 mm, fine",schleif,132,piece,41.35,5458.2,CZK,135363.36,synthetic-spend-CZ.csv,True,indirect
TXN-001634,CZ,2026-02,2026-02-04,WLF-1016,sup-arcus,SATA,"Sanding discs 150 mm, fine",schleif,252,piece,41.35,10420.2,CZK,258420.96,synthetic-spend-CZ.csv,True,indirect
TXN-001635,CZ,2026-03,2026-03-15,WLF-1016,sup-arcus,SATA,"Sanding discs 150 mm, fine",schleif,304,piece,41.35,12570.4,CZK,311745.92,synthetic-spend-CZ.csv,True,indirect
TXN-001636,CZ,2026-04,2026-04-20,WLF-1016,sup-arcus,SATA,"Sanding discs 150 mm, fine",schleif,216,piece,41.35,8931.6,CZK,221503.68,synthetic-spend-CZ.csv,True,indirect
TXN-001637,CZ,2026-05,2026-05-21,WLF-1016,sup-arcus,SATA,"Sanding discs 150 mm, fine",schleif,246,piece,41.35,10172.1,CZK,252268.08,synthetic-spend-CZ.csv,True,indirect
TXN-001638,CZ,2026-06,2026-06-28,WLF-1016,sup-arcus,SATA,"Sanding discs 150 mm, fine",schleif,104,piece,41.35,4300.4,CZK,106649.92,synthetic-spend-CZ.csv,True,indirect
TXN-001639,CZ,2026-07,2026-07-17,WLF-1016,sup-arcus,SATA,"Sanding discs 150 mm, fine",schleif,68,piece,41.35,2811.8,CZK,69732.64,synthetic-spend-CZ.csv,True,indirect
TXN-001640,CZ,2026-08,2026-08-28,WLF-1016,sup-arcus,SATA,"Sanding discs 150 mm, fine",schleif,86,piece,41.35,3556.1,CZK,88191.28,synthetic-spend-CZ.csv,True,indirect
TXN-001641,CZ,2026-01,2026-01-22,WLF-1017,sup-cobalt,tesa,Contour tape,kleb,222,piece,10.99,2439.78,CZK,60506.54,synthetic-spend-CZ.csv,False,direct
TXN-001642,CZ,2026-02,2026-02-27,WLF-1017,sup-cobalt,tesa,Contour tape,kleb,55,piece,10.99,604.45,CZK,14990.36,synthetic-spend-CZ.csv,False,direct
TXN-001643,CZ,2026-03,2026-03-27,WLF-1017,sup-cobalt,tesa,Contour tape,kleb,234,piece,10.99,2571.66,CZK,63777.17,synthetic-spend-CZ.csv,False,direct
TXN-001644,CZ,2026-04,2026-04-12,WLF-1017,sup-cobalt,tesa,Contour tape,kleb,259,piece,10.99,2846.41,CZK,70590.97,synthetic-spend-CZ.csv,False,direct
TXN-001645,CZ,2026-05,2026-05-21,WLF-1017,sup-cobalt,tesa,Contour tape,kleb,137,piece,10.99,1505.63,CZK,37339.62,synthetic-spend-CZ.csv,False,direct
TXN-001646,CZ,2026-06,2026-06-03,WLF-1017,sup-cobalt,tesa,Contour tape,kleb,140,piece,10.99,1538.6,CZK,38157.28,synthetic-spend-CZ.csv,False,direct
TXN-001647,CZ,2026-07,2026-07-09,WLF-1017,sup-cobalt,tesa,Contour tape,kleb,151,piece,10.99,1659.49,CZK,41155.35,synthetic-spend-CZ.csv,False,direct
TXN-001648,CZ,2026-08,2026-08-23,WLF-1017,sup-cobalt,tesa,Contour tape,kleb,213,piece,10.99,2340.87,CZK,58053.58,synthetic-spend-CZ.csv,False,direct
TXN-001649,CZ,2026-01,2026-01-23,WLF-1018,sup-solis,PPG / Nexa,One-step cutting and polishing compound,polier,105,piece,41.49,4356.45,CZK,108039.96,synthetic-spend-CZ.csv,False,direct
TXN-001650,CZ,2026-02,2026-02-26,WLF-1018,sup-solis,PPG / Nexa,One-step cutting and polishing compound,polier,186,piece,41.49,7717.14,CZK,191385.07,synthetic-spend-CZ.csv,False,direct
TXN-001651,CZ,2026-03,2026-03-06,WLF-1018,sup-solis,PPG / Nexa,One-step cutting and polishing compound,polier,60,piece,41.49,2489.4,CZK,61737.12,synthetic-spend-CZ.csv,False,direct
TXN-001652,CZ,2026-04,2026-04-21,WLF-1018,sup-solis,PPG / Nexa,One-step cutting and polishing compound,polier,125,piece,41.49,5186.25,CZK,128619.0,synthetic-spend-CZ.csv,False,direct
TXN-001653,CZ,2026-05,2026-05-26,WLF-1018,sup-solis,PPG / Nexa,One-step cutting and polishing compound,polier,108,piece,41.49,4480.92,CZK,111126.82,synthetic-spend-CZ.csv,False,direct
TXN-001654,CZ,2026-06,2026-06-01,WLF-1018,sup-solis,PPG / Nexa,One-step cutting and polishing compound,polier,240,piece,41.49,9957.6,CZK,246948.48,synthetic-spend-CZ.csv,False,direct
TXN-001655,CZ,2026-07,2026-07-15,WLF-1018,sup-solis,PPG / Nexa,One-step cutting and polishing compound,polier,130,piece,41.49,5393.7,CZK,133763.76,synthetic-spend-CZ.csv,False,direct
TXN-001656,CZ,2026-08,2026-08-02,WLF-1018,sup-solis,PPG / Nexa,One-step cutting and polishing compound,polier,150,piece,41.49,6223.5,CZK,154342.8,synthetic-spend-CZ.csv,False,direct
TXN-001657,CZ,2026-01,2026-01-23,WLF-1019,sup-orbit,Würth,Pre-saturated cleaning wipes,kabine,303,piece,73.58,22294.74,CZK,552909.55,synthetic-spend-CZ.csv,False,indirect
TXN-001658,CZ,2026-02,2026-02-14,WLF-1019,sup-orbit,Würth,Pre-saturated cleaning wipes,kabine,120,piece,73.58,8829.6,CZK,218974.08,synthetic-spend-CZ.csv,False,indirect
TXN-001659,CZ,2026-03,2026-03-10,WLF-1019,sup-orbit,Würth,Pre-saturated cleaning wipes,kabine,155,piece,73.58,11404.9,CZK,282841.52,synthetic-spend-CZ.csv,False,indirect
TXN-001660,CZ,2026-04,2026-04-25,WLF-1019,sup-orbit,Würth,Pre-saturated cleaning wipes,kabine,191,piece,73.58,14053.78,CZK,348533.74,synthetic-spend-CZ.csv,False,indirect
TXN-001661,CZ,2026-05,2026-05-21,WLF-1019,sup-orbit,Würth,Pre-saturated cleaning wipes,kabine,77,piece,73.58,5665.66,CZK,140508.37,synthetic-spend-CZ.csv,False,indirect
TXN-001662,CZ,2026-06,2026-06-28,WLF-1019,sup-orbit,Würth,Pre-saturated cleaning wipes,kabine,170,piece,73.58,12508.6,CZK,310213.28,synthetic-spend-CZ.csv,False,indirect
TXN-001663,CZ,2026-07,2026-07-21,WLF-1019,sup-orbit,Würth,Pre-saturated cleaning wipes,kabine,296,piece,73.58,21779.68,CZK,540136.06,synthetic-spend-CZ.csv,False,indirect
TXN-001664,CZ,2026-08,2026-08-22,WLF-1019,sup-orbit,Würth,Pre-saturated cleaning wipes,kabine,187,piece,73.58,13759.46,CZK,341234.61,synthetic-spend-CZ.csv,False,indirect
TXN-001665,CZ,2026-01,2026-01-06,WLF-1020,sup-helio,Kovax,P3 particulate filters,psa,29,piece,28.6,829.4,CZK,20569.12,synthetic-spend-CZ.csv,False,direct
TXN-001666,CZ,2026-02,2026-02-12,WLF-1020,sup-helio,Kovax,P3 particulate filters,psa,46,piece,28.6,1315.6,CZK,32626.88,synthetic-spend-CZ.csv,False,direct
TXN-001667,CZ,2026-03,2026-03-10,WLF-1020,sup-helio,Kovax,P3 particulate filters,psa,72,piece,28.6,2059.2,CZK,51068.16,synthetic-spend-CZ.csv,False,direct
TXN-001668,CZ,2026-04,2026-04-11,WLF-1020,sup-helio,Kovax,P3 particulate filters,psa,75,piece,28.6,2145.0,CZK,53196.0,synthetic-spend-CZ.csv,False,direct
TXN-001669,CZ,2026-05,2026-05-27,WLF-1020,sup-helio,Kovax,P3 particulate filters,psa,205,piece,28.6,5863.0,CZK,145402.4,synthetic-spend-CZ.csv,False,direct
TXN-001670,CZ,2026-06,2026-06-14,WLF-1020,sup-helio,Kovax,P3 particulate filters,psa,175,piece,28.6,5005.0,CZK,124124.0,synthetic-spend-CZ.csv,False,direct
TXN-001671,CZ,2026-07,2026-07-07,WLF-1020,sup-helio,Kovax,P3 particulate filters,psa,305,piece,28.6,8723.0,CZK,216330.4,synthetic-spend-CZ.csv,False,direct
TXN-001672,CZ,2026-08,2026-08-16,WLF-1020,sup-helio,Kovax,P3 particulate filters,psa,42,piece,28.6,1201.2,CZK,29789.76,synthetic-spend-CZ.csv,False,direct
TXN-001673,CZ,2026-01,2026-01-01,WLF-1021,sup-vanta,Starcke,Electric random orbital sander 150 mm,werkstatt,210,piece,14.41,3026.1,CZK,75047.28,synthetic-spend-CZ.csv,False,direct
TXN-001674,CZ,2026-02,2026-02-05,WLF-1021,sup-vanta,Starcke,Electric random orbital sander 150 mm,werkstatt,294,piece,14.41,4236.54,CZK,105066.19,synthetic-spend-CZ.csv,False,direct
TXN-001675,CZ,2026-03,2026-03-10,WLF-1021,sup-vanta,Starcke,Electric random orbital sander 150 mm,werkstatt,306,piece,14.41,4409.46,CZK,109354.61,synthetic-spend-CZ.csv,False,direct
TXN-001676,CZ,2026-04,2026-04-05,WLF-1021,sup-vanta,Starcke,Electric random orbital sander 150 mm,werkstatt,188,piece,14.41,2709.08,CZK,67185.18,synthetic-spend-CZ.csv,False,direct
TXN-001677,CZ,2026-05,2026-05-14,WLF-1021,sup-vanta,Starcke,Electric random orbital sander 150 mm,werkstatt,45,piece,14.41,648.45,CZK,16081.56,synthetic-spend-CZ.csv,False,direct
TXN-001678,CZ,2026-06,2026-06-03,WLF-1021,sup-vanta,Starcke,Electric random orbital sander 150 mm,werkstatt,116,piece,14.41,1671.56,CZK,41454.69,synthetic-spend-CZ.csv,False,direct
TXN-001679,CZ,2026-07,2026-07-12,WLF-1021,sup-vanta,Starcke,Electric random orbital sander 150 mm,werkstatt,68,piece,14.41,979.88,CZK,24301.02,synthetic-spend-CZ.csv,False,direct
TXN-001680,CZ,2026-08,2026-08-27,WLF-1021,sup-vanta,Starcke,Electric random orbital sander 150 mm,werkstatt,86,piece,14.41,1239.26,CZK,30733.65,synthetic-spend-CZ.csv,False,direct
TXN-001681,SK,2026-01,2026-01-13,WLF-1001,sup-aster,3M,Graduated mixing cup,lack,280,piece,38.79,10861.2,EUR,10861.2,synthetic-spend-SK.csv,True,direct
TXN-001682,SK,2026-02,2026-02-05,WLF-1001,sup-aster,3M,Graduated mixing cup,lack,304,piece,38.79,11792.16,EUR,11792.16,synthetic-spend-SK.csv,True,direct
TXN-001683,SK,2026-03,2026-03-12,WLF-1001,sup-aster,3M,Graduated mixing cup,lack,89,piece,38.79,3452.31,EUR,3452.31,synthetic-spend-SK.csv,True,direct
TXN-001684,SK,2026-04,2026-04-16,WLF-1001,sup-aster,3M,Graduated mixing cup,lack,219,piece,38.79,8495.01,EUR,8495.01,synthetic-spend-SK.csv,True,direct
TXN-001685,SK,2026-05,2026-05-12,WLF-1001,sup-aster,3M,Graduated mixing cup,lack,24,piece,38.79,930.96,EUR,930.96,synthetic-spend-SK.csv,True,direct
TXN-001686,SK,2026-06,2026-06-08,WLF-1001,sup-aster,3M,Graduated mixing cup,lack,247,piece,38.79,9581.13,EUR,9581.13,synthetic-spend-SK.csv,True,direct
TXN-001687,SK,2026-07,2026-07-15,WLF-1001,sup-aster,3M,Graduated mixing cup,lack,266,piece,38.79,10318.14,EUR,10318.14,synthetic-spend-SK.csv,True,direct
TXN-001688,SK,2026-08,2026-08-10,WLF-1001,sup-aster,3M,Graduated mixing cup,lack,49,piece,38.79,1900.71,EUR,1900.71,synthetic-spend-SK.csv,True,direct
TXN-001689,SK,2026-01,2026-01-09,WLF-1002,sup-velora,Glasurit (BASF),"Sanding discs 150 mm, coarse",schleif,132,piece,114.81,15154.92,EUR,15154.92,synthetic-spend-SK.csv,True,direct
TXN-001690,SK,2026-02,2026-02-06,WLF-1002,sup-velora,Glasurit (BASF),"Sanding discs 150 mm, coarse",schleif,84,piece,114.81,9644.04,EUR,9644.04,synthetic-spend-SK.csv,True,direct
TXN-001691,SK,2026-03,2026-03-18,WLF-1002,sup-velora,Glasurit (BASF),"Sanding discs 150 mm, coarse",schleif,275,piece,114.81,31572.75,EUR,31572.75,synthetic-spend-SK.csv,True,direct
TXN-001692,SK,2026-04,2026-04-19,WLF-1002,sup-velora,Glasurit (BASF),"Sanding discs 150 mm, coarse",schleif,318,piece,114.81,36509.58,EUR,36509.58,synthetic-spend-SK.csv,True,direct
TXN-001693,SK,2026-05,2026-05-04,WLF-1002,sup-velora,Glasurit (BASF),"Sanding discs 150 mm, coarse",schleif,94,piece,114.81,10792.14,EUR,10792.14,synthetic-spend-SK.csv,True,direct
TXN-001694,SK,2026-06,2026-06-27,WLF-1002,sup-velora,Glasurit (BASF),"Sanding discs 150 mm, coarse",schleif,279,piece,114.81,32031.99,EUR,32031.99,synthetic-spend-SK.csv,True,direct
TXN-001695,SK,2026-07,2026-07-20,WLF-1002,sup-velora,Glasurit (BASF),"Sanding discs 150 mm, coarse",schleif,81,piece,114.81,9299.61,EUR,9299.61,synthetic-spend-SK.csv,True,direct
TXN-001696,SK,2026-08,2026-08-07,WLF-1002,sup-velora,Glasurit (BASF),"Sanding discs 150 mm, coarse",schleif,55,piece,114.81,6314.55,EUR,6314.55,synthetic-spend-SK.csv,True,direct
TXN-001697,SK,2026-01,2026-01-07,WLF-1003,sup-lumen,Finixa,Standard masking tape,kleb,215,piece,27.57,5927.55,EUR,5927.55,synthetic-spend-SK.csv,True,indirect
TXN-001698,SK,2026-02,2026-02-12,WLF-1003,sup-lumen,Finixa,Standard masking tape,kleb,177,piece,27.57,4879.89,EUR,4879.89,synthetic-spend-SK.csv,True,indirect
TXN-001699,SK,2026-03,2026-03-11,WLF-1003,sup-lumen,Finixa,Standard masking tape,kleb,80,piece,27.57,2205.6,EUR,2205.6,synthetic-spend-SK.csv,True,indirect
TXN-001700,SK,2026-04,2026-04-20,WLF-1003,sup-lumen,Finixa,Standard masking tape,kleb,79,piece,27.57,2178.03,EUR,2178.03,synthetic-spend-SK.csv,True,indirect
TXN-001701,SK,2026-05,2026-05-09,WLF-1003,sup-lumen,Finixa,Standard masking tape,kleb,186,piece,27.57,5128.02,EUR,5128.02,synthetic-spend-SK.csv,True,indirect
TXN-001702,SK,2026-06,2026-06-14,WLF-1003,sup-lumen,Finixa,Standard masking tape,kleb,291,piece,27.57,8022.87,EUR,8022.87,synthetic-spend-SK.csv,True,indirect
TXN-001703,SK,2026-07,2026-07-02,WLF-1003,sup-lumen,Finixa,Standard masking tape,kleb,159,piece,27.57,4383.63,EUR,4383.63,synthetic-spend-SK.csv,True,indirect
TXN-001704,SK,2026-08,2026-08-17,WLF-1003,sup-lumen,Finixa,Standard masking tape,kleb,162,piece,27.57,4466.34,EUR,4466.34,synthetic-spend-SK.csv,True,indirect
TXN-001705,SK,2026-01,2026-01-22,WLF-1004,sup-novex,Mirka,Cutting compound (coarse/medium),polier,72,piece,32.25,2322.0,EUR,2322.0,synthetic-spend-SK.csv,True,direct
TXN-001706,SK,2026-02,2026-02-12,WLF-1004,sup-novex,Mirka,Cutting compound (coarse/medium),polier,184,piece,32.25,5934.0,EUR,5934.0,synthetic-spend-SK.csv,True,direct
TXN-001707,SK,2026-03,2026-03-01,WLF-1004,sup-novex,Mirka,Cutting compound (coarse/medium),polier,294,piece,32.25,9481.5,EUR,9481.5,synthetic-spend-SK.csv,True,direct
TXN-001708,SK,2026-04,2026-04-04,WLF-1004,sup-novex,Mirka,Cutting compound (coarse/medium),polier,261,piece,32.25,8417.25,EUR,8417.25,synthetic-spend-SK.csv,True,direct
TXN-001709,SK,2026-05,2026-05-12,WLF-1004,sup-novex,Mirka,Cutting compound (coarse/medium),polier,272,piece,32.25,8772.0,EUR,8772.0,synthetic-spend-SK.csv,True,direct
TXN-001710,SK,2026-06,2026-06-04,WLF-1004,sup-novex,Mirka,Cutting compound (coarse/medium),polier,163,piece,32.25,5256.75,EUR,5256.75,synthetic-spend-SK.csv,True,direct
TXN-001711,SK,2026-07,2026-07-25,WLF-1004,sup-novex,Mirka,Cutting compound (coarse/medium),polier,183,piece,32.25,5901.75,EUR,5901.75,synthetic-spend-SK.csv,True,direct
TXN-001712,SK,2026-08,2026-08-10,WLF-1004,sup-novex,Mirka,Cutting compound (coarse/medium),polier,87,piece,32.25,2805.75,EUR,2805.75,synthetic-spend-SK.csv,True,direct
TXN-001713,SK,2026-01,2026-01-12,WLF-1005,sup-arcus,SATA,Solvent-based silicone remover,kabine,258,piece,40.66,10490.28,EUR,10490.28,synthetic-spend-SK.csv,True,direct
TXN-001714,SK,2026-02,2026-02-11,WLF-1005,sup-arcus,SATA,Solvent-based silicone remover,kabine,104,piece,40.66,4228.64,EUR,4228.64,synthetic-spend-SK.csv,True,direct
TXN-001715,SK,2026-03,2026-03-15,WLF-1005,sup-arcus,SATA,Solvent-based silicone remover,kabine,215,piece,40.66,8741.9,EUR,8741.9,synthetic-spend-SK.csv,True,direct
TXN-001716,SK,2026-04,2026-04-25,WLF-1005,sup-arcus,SATA,Solvent-based silicone remover,kabine,199,piece,40.66,8091.34,EUR,8091.34,synthetic-spend-SK.csv,True,direct
TXN-001717,SK,2026-05,2026-05-03,WLF-1005,sup-arcus,SATA,Solvent-based silicone remover,kabine,271,piece,40.66,11018.86,EUR,11018.86,synthetic-spend-SK.csv,True,direct
TXN-001718,SK,2026-06,2026-06-27,WLF-1005,sup-arcus,SATA,Solvent-based silicone remover,kabine,151,piece,40.66,6139.66,EUR,6139.66,synthetic-spend-SK.csv,True,direct
TXN-001719,SK,2026-07,2026-07-03,WLF-1005,sup-arcus,SATA,Solvent-based silicone remover,kabine,312,piece,40.66,12685.92,EUR,12685.92,synthetic-spend-SK.csv,True,direct
TXN-001720,SK,2026-08,2026-08-12,WLF-1005,sup-arcus,SATA,Solvent-based silicone remover,kabine,176,piece,40.66,7156.16,EUR,7156.16,synthetic-spend-SK.csv,True,direct
TXN-001721,SK,2026-01,2026-01-18,WLF-1006,sup-cobalt,tesa,Half mask / spray-painting respirator,psa,83,piece,25.05,2079.15,EUR,2079.15,synthetic-spend-SK.csv,True,indirect
TXN-001722,SK,2026-02,2026-02-26,WLF-1006,sup-cobalt,tesa,Half mask / spray-painting respirator,psa,318,piece,25.05,7965.9,EUR,7965.9,synthetic-spend-SK.csv,True,indirect
TXN-001723,SK,2026-03,2026-03-18,WLF-1006,sup-cobalt,tesa,Half mask / spray-painting respirator,psa,117,piece,25.05,2930.85,EUR,2930.85,synthetic-spend-SK.csv,True,indirect
TXN-001724,SK,2026-04,2026-04-07,WLF-1006,sup-cobalt,tesa,Half mask / spray-painting respirator,psa,208,piece,25.05,5210.4,EUR,5210.4,synthetic-spend-SK.csv,True,indirect
TXN-001725,SK,2026-05,2026-05-27,WLF-1006,sup-cobalt,tesa,Half mask / spray-painting respirator,psa,43,piece,25.05,1077.15,EUR,1077.15,synthetic-spend-SK.csv,True,indirect
TXN-001726,SK,2026-06,2026-06-14,WLF-1006,sup-cobalt,tesa,Half mask / spray-painting respirator,psa,47,piece,25.05,1177.35,EUR,1177.35,synthetic-spend-SK.csv,True,indirect
TXN-001727,SK,2026-07,2026-07-08,WLF-1006,sup-cobalt,tesa,Half mask / spray-painting respirator,psa,156,piece,25.05,3907.8,EUR,3907.8,synthetic-spend-SK.csv,True,indirect
TXN-001728,SK,2026-08,2026-08-28,WLF-1006,sup-cobalt,tesa,Half mask / spray-painting respirator,psa,280,piece,25.05,7014.0,EUR,7014.0,synthetic-spend-SK.csv,True,indirect
TXN-001729,SK,2026-01,2026-01-07,WLF-1007,sup-solis,PPG / Nexa,"Random orbital sander 150 mm, 5 mm orbit",werkstatt,108,piece,31.94,3449.52,EUR,3449.52,synthetic-spend-SK.csv,True,direct
TXN-001730,SK,2026-02,2026-02-10,WLF-1007,sup-solis,PPG / Nexa,"Random orbital sander 150 mm, 5 mm orbit",werkstatt,26,piece,31.94,830.44,EUR,830.44,synthetic-spend-SK.csv,True,direct
TXN-001731,SK,2026-03,2026-03-26,WLF-1007,sup-solis,PPG / Nexa,"Random orbital sander 150 mm, 5 mm orbit",werkstatt,309,piece,31.94,9869.46,EUR,9869.46,synthetic-spend-SK.csv,True,direct
TXN-001732,SK,2026-04,2026-04-20,WLF-1007,sup-solis,PPG / Nexa,"Random orbital sander 150 mm, 5 mm orbit",werkstatt,294,piece,31.94,9390.36,EUR,9390.36,synthetic-spend-SK.csv,True,direct
TXN-001733,SK,2026-05,2026-05-09,WLF-1007,sup-solis,PPG / Nexa,"Random orbital sander 150 mm, 5 mm orbit",werkstatt,24,piece,31.94,766.56,EUR,766.56,synthetic-spend-SK.csv,True,direct
TXN-001734,SK,2026-06,2026-06-22,WLF-1007,sup-solis,PPG / Nexa,"Random orbital sander 150 mm, 5 mm orbit",werkstatt,303,piece,31.94,9677.82,EUR,9677.82,synthetic-spend-SK.csv,True,direct
TXN-001735,SK,2026-07,2026-07-12,WLF-1007,sup-solis,PPG / Nexa,"Random orbital sander 150 mm, 5 mm orbit",werkstatt,151,piece,31.94,4822.94,EUR,4822.94,synthetic-spend-SK.csv,True,direct
TXN-001736,SK,2026-08,2026-08-14,WLF-1007,sup-solis,PPG / Nexa,"Random orbital sander 150 mm, 5 mm orbit",werkstatt,113,piece,31.94,3609.22,EUR,3609.22,synthetic-spend-SK.csv,True,direct
TXN-001737,SK,2026-01,2026-01-13,WLF-1008,sup-orbit,Würth,Paint cup for compressed-air spray gun,lack,311,piece,84.12,26161.32,EUR,26161.32,synthetic-spend-SK.csv,True,direct
TXN-001738,SK,2026-02,2026-02-23,WLF-1008,sup-orbit,Würth,Paint cup for compressed-air spray gun,lack,178,piece,84.12,14973.36,EUR,14973.36,synthetic-spend-SK.csv,True,direct
TXN-001739,SK,2026-03,2026-03-02,WLF-1008,sup-orbit,Würth,Paint cup for compressed-air spray gun,lack,122,piece,84.12,10262.64,EUR,10262.64,synthetic-spend-SK.csv,True,direct
TXN-001740,SK,2026-04,2026-04-28,WLF-1008,sup-orbit,Würth,Paint cup for compressed-air spray gun,lack,102,piece,84.12,8580.24,EUR,8580.24,synthetic-spend-SK.csv,True,direct
TXN-001741,SK,2026-05,2026-05-23,WLF-1008,sup-orbit,Würth,Paint cup for compressed-air spray gun,lack,198,piece,84.12,16655.76,EUR,16655.76,synthetic-spend-SK.csv,True,direct
TXN-001742,SK,2026-06,2026-06-18,WLF-1008,sup-orbit,Würth,Paint cup for compressed-air spray gun,lack,240,piece,84.12,20188.8,EUR,20188.8,synthetic-spend-SK.csv,True,direct
TXN-001743,SK,2026-07,2026-07-17,WLF-1008,sup-orbit,Würth,Paint cup for compressed-air spray gun,lack,256,piece,84.12,21534.72,EUR,21534.72,synthetic-spend-SK.csv,True,direct
TXN-001744,SK,2026-08,2026-08-06,WLF-1008,sup-orbit,Würth,Paint cup for compressed-air spray gun,lack,125,piece,84.12,10515.0,EUR,10515.0,synthetic-spend-SK.csv,True,direct
TXN-001745,SK,2026-01,2026-01-21,WLF-1009,sup-helio,Kovax,"Sanding discs 150 mm, intermediate",schleif,100,piece,42.67,4267.0,EUR,4267.0,synthetic-spend-SK.csv,True,indirect
TXN-001746,SK,2026-02,2026-02-27,WLF-1009,sup-helio,Kovax,"Sanding discs 150 mm, intermediate",schleif,204,piece,42.67,8704.68,EUR,8704.68,synthetic-spend-SK.csv,True,indirect
TXN-001747,SK,2026-03,2026-03-03,WLF-1009,sup-helio,Kovax,"Sanding discs 150 mm, intermediate",schleif,220,piece,42.67,9387.4,EUR,9387.4,synthetic-spend-SK.csv,True,indirect
TXN-001748,SK,2026-04,2026-04-22,WLF-1009,sup-helio,Kovax,"Sanding discs 150 mm, intermediate",schleif,190,piece,42.67,8107.3,EUR,8107.3,synthetic-spend-SK.csv,True,indirect
TXN-001749,SK,2026-05,2026-05-05,WLF-1009,sup-helio,Kovax,"Sanding discs 150 mm, intermediate",schleif,327,piece,42.67,13953.09,EUR,13953.09,synthetic-spend-SK.csv,True,indirect
TXN-001750,SK,2026-06,2026-06-01,WLF-1009,sup-helio,Kovax,"Sanding discs 150 mm, intermediate",schleif,105,piece,42.67,4480.35,EUR,4480.35,synthetic-spend-SK.csv,True,indirect
TXN-001751,SK,2026-07,2026-07-02,WLF-1009,sup-helio,Kovax,"Sanding discs 150 mm, intermediate",schleif,175,piece,42.67,7467.25,EUR,7467.25,synthetic-spend-SK.csv,True,indirect
TXN-001752,SK,2026-08,2026-08-22,WLF-1009,sup-helio,Kovax,"Sanding discs 150 mm, intermediate",schleif,148,piece,42.67,6315.16,EUR,6315.16,synthetic-spend-SK.csv,True,indirect
TXN-001753,SK,2026-01,2026-01-23,WLF-1010,sup-vanta,Starcke,Fine-line tape,kleb,200,piece,11.18,2236.0,EUR,2236.0,synthetic-spend-SK.csv,True,direct
TXN-001754,SK,2026-02,2026-02-26,WLF-1010,sup-vanta,Starcke,Fine-line tape,kleb,45,piece,11.18,503.1,EUR,503.1,synthetic-spend-SK.csv,True,direct
TXN-001755,SK,2026-03,2026-03-09,WLF-1010,sup-vanta,Starcke,Fine-line tape,kleb,207,piece,11.18,2314.26,EUR,2314.26,synthetic-spend-SK.csv,True,direct
TXN-001756,SK,2026-04,2026-04-18,WLF-1010,sup-vanta,Starcke,Fine-line tape,kleb,215,piece,11.18,2403.7,EUR,2403.7,synthetic-spend-SK.csv,True,direct
TXN-001757,SK,2026-05,2026-05-23,WLF-1010,sup-vanta,Starcke,Fine-line tape,kleb,51,piece,11.18,570.18,EUR,570.18,synthetic-spend-SK.csv,True,direct
TXN-001758,SK,2026-06,2026-06-19,WLF-1010,sup-vanta,Starcke,Fine-line tape,kleb,228,piece,11.18,2549.04,EUR,2549.04,synthetic-spend-SK.csv,True,direct
TXN-001759,SK,2026-07,2026-07-10,WLF-1010,sup-vanta,Starcke,Fine-line tape,kleb,29,piece,11.18,324.22,EUR,324.22,synthetic-spend-SK.csv,True,direct
TXN-001760,SK,2026-08,2026-08-06,WLF-1010,sup-vanta,Starcke,Fine-line tape,kleb,101,piece,11.18,1129.18,EUR,1129.18,synthetic-spend-SK.csv,True,direct
TXN-001761,SK,2026-01,2026-01-24,WLF-1011,sup-aster,3M,Polish (fine / anti-hologram),polier,183,piece,7.96,1456.68,EUR,1456.68,synthetic-spend-SK.csv,True,direct
TXN-001762,SK,2026-02,2026-02-22,WLF-1011,sup-aster,3M,Polish (fine / anti-hologram),polier,168,piece,7.96,1337.28,EUR,1337.28,synthetic-spend-SK.csv,True,direct
TXN-001763,SK,2026-03,2026-03-20,WLF-1011,sup-aster,3M,Polish (fine / anti-hologram),polier,106,piece,7.96,843.76,EUR,843.76,synthetic-spend-SK.csv,True,direct
TXN-001764,SK,2026-04,2026-04-25,WLF-1011,sup-aster,3M,Polish (fine / anti-hologram),polier,140,piece,7.96,1114.4,EUR,1114.4,synthetic-spend-SK.csv,True,direct
TXN-001765,SK,2026-05,2026-05-16,WLF-1011,sup-aster,3M,Polish (fine / anti-hologram),polier,142,piece,7.96,1130.32,EUR,1130.32,synthetic-spend-SK.csv,True,direct
TXN-001766,SK,2026-06,2026-06-16,WLF-1011,sup-aster,3M,Polish (fine / anti-hologram),polier,35,piece,7.96,278.6,EUR,278.6,synthetic-spend-SK.csv,True,direct
TXN-001767,SK,2026-07,2026-07-04,WLF-1011,sup-aster,3M,Polish (fine / anti-hologram),polier,164,piece,7.96,1305.44,EUR,1305.44,synthetic-spend-SK.csv,True,direct
TXN-001768,SK,2026-08,2026-08-22,WLF-1011,sup-aster,3M,Polish (fine / anti-hologram),polier,309,piece,7.96,2459.64,EUR,2459.64,synthetic-spend-SK.csv,True,direct
TXN-001769,SK,2026-01,2026-01-02,WLF-1012,sup-velora,Glasurit (BASF),Water-based silicone remover,kabine,111,piece,43.85,4867.35,EUR,4867.35,synthetic-spend-SK.csv,True,indirect
TXN-001770,SK,2026-02,2026-02-27,WLF-1012,sup-velora,Glasurit (BASF),Water-based silicone remover,kabine,191,piece,43.85,8375.35,EUR,8375.35,synthetic-spend-SK.csv,True,indirect
TXN-001771,SK,2026-03,2026-03-07,WLF-1012,sup-velora,Glasurit (BASF),Water-based silicone remover,kabine,204,piece,43.85,8945.4,EUR,8945.4,synthetic-spend-SK.csv,True,indirect
TXN-001772,SK,2026-04,2026-04-18,WLF-1012,sup-velora,Glasurit (BASF),Water-based silicone remover,kabine,268,piece,43.85,11751.8,EUR,11751.8,synthetic-spend-SK.csv,True,indirect
TXN-001773,SK,2026-05,2026-05-11,WLF-1012,sup-velora,Glasurit (BASF),Water-based silicone remover,kabine,147,piece,43.85,6445.95,EUR,6445.95,synthetic-spend-SK.csv,True,indirect
TXN-001774,SK,2026-06,2026-06-22,WLF-1012,sup-velora,Glasurit (BASF),Water-based silicone remover,kabine,191,piece,43.85,8375.35,EUR,8375.35,synthetic-spend-SK.csv,True,indirect
TXN-001775,SK,2026-07,2026-07-27,WLF-1012,sup-velora,Glasurit (BASF),Water-based silicone remover,kabine,191,piece,43.85,8375.35,EUR,8375.35,synthetic-spend-SK.csv,True,indirect
TXN-001776,SK,2026-08,2026-08-13,WLF-1012,sup-velora,Glasurit (BASF),Water-based silicone remover,kabine,169,piece,43.85,7410.65,EUR,7410.65,synthetic-spend-SK.csv,True,indirect
TXN-001777,SK,2026-01,2026-01-18,WLF-1013,sup-lumen,Finixa,A2 filter cartridges,psa,116,piece,5.28,612.48,EUR,612.48,synthetic-spend-SK.csv,True,direct
TXN-001778,SK,2026-02,2026-02-20,WLF-1013,sup-lumen,Finixa,A2 filter cartridges,psa,315,piece,5.28,1663.2,EUR,1663.2,synthetic-spend-SK.csv,True,direct
TXN-001779,SK,2026-03,2026-03-04,WLF-1013,sup-lumen,Finixa,A2 filter cartridges,psa,202,piece,5.28,1066.56,EUR,1066.56,synthetic-spend-SK.csv,True,direct
TXN-001780,SK,2026-04,2026-04-12,WLF-1013,sup-lumen,Finixa,A2 filter cartridges,psa,214,piece,5.28,1129.92,EUR,1129.92,synthetic-spend-SK.csv,True,direct
TXN-001781,SK,2026-05,2026-05-20,WLF-1013,sup-lumen,Finixa,A2 filter cartridges,psa,266,piece,5.28,1404.48,EUR,1404.48,synthetic-spend-SK.csv,True,direct
TXN-001782,SK,2026-06,2026-06-03,WLF-1013,sup-lumen,Finixa,A2 filter cartridges,psa,285,piece,5.28,1504.8,EUR,1504.8,synthetic-spend-SK.csv,True,direct
TXN-001783,SK,2026-07,2026-07-13,WLF-1013,sup-lumen,Finixa,A2 filter cartridges,psa,115,piece,5.28,607.2,EUR,607.2,synthetic-spend-SK.csv,True,direct
TXN-001784,SK,2026-08,2026-08-25,WLF-1013,sup-lumen,Finixa,A2 filter cartridges,psa,307,piece,5.28,1620.96,EUR,1620.96,synthetic-spend-SK.csv,True,direct
TXN-001785,SK,2026-01,2026-01-08,WLF-1014,sup-novex,Mirka,Random orbital sander 77 mm,werkstatt,207,piece,34.85,7213.95,EUR,7213.95,synthetic-spend-SK.csv,True,direct
TXN-001786,SK,2026-02,2026-02-06,WLF-1014,sup-novex,Mirka,Random orbital sander 77 mm,werkstatt,82,piece,34.85,2857.7,EUR,2857.7,synthetic-spend-SK.csv,True,direct
TXN-001787,SK,2026-03,2026-03-18,WLF-1014,sup-novex,Mirka,Random orbital sander 77 mm,werkstatt,276,piece,34.85,9618.6,EUR,9618.6,synthetic-spend-SK.csv,True,direct
TXN-001788,SK,2026-04,2026-04-05,WLF-1014,sup-novex,Mirka,Random orbital sander 77 mm,werkstatt,194,piece,34.85,6760.9,EUR,6760.9,synthetic-spend-SK.csv,True,direct
TXN-001789,SK,2026-05,2026-05-23,WLF-1014,sup-novex,Mirka,Random orbital sander 77 mm,werkstatt,33,piece,34.85,1150.05,EUR,1150.05,synthetic-spend-SK.csv,True,direct
TXN-001790,SK,2026-06,2026-06-26,WLF-1014,sup-novex,Mirka,Random orbital sander 77 mm,werkstatt,230,piece,34.85,8015.5,EUR,8015.5,synthetic-spend-SK.csv,True,direct
TXN-001791,SK,2026-07,2026-07-19,WLF-1014,sup-novex,Mirka,Random orbital sander 77 mm,werkstatt,62,piece,34.85,2160.7,EUR,2160.7,synthetic-spend-SK.csv,True,direct
TXN-001792,SK,2026-08,2026-08-04,WLF-1014,sup-novex,Mirka,Random orbital sander 77 mm,werkstatt,41,piece,34.85,1428.85,EUR,1428.85,synthetic-spend-SK.csv,True,direct
TXN-001793,SK,2026-01,2026-01-09,WLF-1015,sup-arcus,SATA,Paint strainers 125 µ / 200 µ,lack,270,piece,62.08,16761.6,EUR,16761.6,synthetic-spend-SK.csv,True,indirect
TXN-001794,SK,2026-02,2026-02-25,WLF-1015,sup-arcus,SATA,Paint strainers 125 µ / 200 µ,lack,318,piece,62.08,19741.44,EUR,19741.44,synthetic-spend-SK.csv,True,indirect
TXN-001795,SK,2026-03,2026-03-06,WLF-1015,sup-arcus,SATA,Paint strainers 125 µ / 200 µ,lack,35,piece,62.08,2172.8,EUR,2172.8,synthetic-spend-SK.csv,True,indirect
TXN-001796,SK,2026-04,2026-04-11,WLF-1015,sup-arcus,SATA,Paint strainers 125 µ / 200 µ,lack,328,piece,62.08,20362.24,EUR,20362.24,synthetic-spend-SK.csv,True,indirect
TXN-001797,SK,2026-05,2026-05-28,WLF-1015,sup-arcus,SATA,Paint strainers 125 µ / 200 µ,lack,164,piece,62.08,10181.12,EUR,10181.12,synthetic-spend-SK.csv,True,indirect
TXN-001798,SK,2026-06,2026-06-14,WLF-1015,sup-arcus,SATA,Paint strainers 125 µ / 200 µ,lack,313,piece,62.08,19431.04,EUR,19431.04,synthetic-spend-SK.csv,True,indirect
TXN-001799,SK,2026-07,2026-07-15,WLF-1015,sup-arcus,SATA,Paint strainers 125 µ / 200 µ,lack,274,piece,62.08,17009.92,EUR,17009.92,synthetic-spend-SK.csv,True,indirect
TXN-001800,SK,2026-08,2026-08-03,WLF-1015,sup-arcus,SATA,Paint strainers 125 µ / 200 µ,lack,318,piece,62.08,19741.44,EUR,19741.44,synthetic-spend-SK.csv,True,indirect
TXN-001801,SK,2026-01,2026-01-11,WLF-1016,sup-cobalt,tesa,"Sanding discs 150 mm, fine",schleif,170,piece,43.87,7457.9,EUR,7457.9,synthetic-spend-SK.csv,True,direct
TXN-001802,SK,2026-02,2026-02-04,WLF-1016,sup-cobalt,tesa,"Sanding discs 150 mm, fine",schleif,239,piece,43.87,10484.93,EUR,10484.93,synthetic-spend-SK.csv,True,direct
TXN-001803,SK,2026-03,2026-03-05,WLF-1016,sup-cobalt,tesa,"Sanding discs 150 mm, fine",schleif,141,piece,43.87,6185.67,EUR,6185.67,synthetic-spend-SK.csv,True,direct
TXN-001804,SK,2026-04,2026-04-13,WLF-1016,sup-cobalt,tesa,"Sanding discs 150 mm, fine",schleif,320,piece,43.87,14038.4,EUR,14038.4,synthetic-spend-SK.csv,True,direct
TXN-001805,SK,2026-05,2026-05-14,WLF-1016,sup-cobalt,tesa,"Sanding discs 150 mm, fine",schleif,120,piece,43.87,5264.4,EUR,5264.4,synthetic-spend-SK.csv,True,direct
TXN-001806,SK,2026-06,2026-06-20,WLF-1016,sup-cobalt,tesa,"Sanding discs 150 mm, fine",schleif,120,piece,43.87,5264.4,EUR,5264.4,synthetic-spend-SK.csv,True,direct
TXN-001807,SK,2026-07,2026-07-10,WLF-1016,sup-cobalt,tesa,"Sanding discs 150 mm, fine",schleif,300,piece,43.87,13161.0,EUR,13161.0,synthetic-spend-SK.csv,True,direct
TXN-001808,SK,2026-08,2026-08-10,WLF-1016,sup-cobalt,tesa,"Sanding discs 150 mm, fine",schleif,26,piece,43.87,1140.62,EUR,1140.62,synthetic-spend-SK.csv,True,direct
TXN-001809,SK,2026-01,2026-01-16,WLF-1017,sup-solis,PPG / Nexa,Contour tape,kleb,158,piece,19.93,3148.94,EUR,3148.94,synthetic-spend-SK.csv,False,direct
TXN-001810,SK,2026-02,2026-02-21,WLF-1017,sup-solis,PPG / Nexa,Contour tape,kleb,219,piece,19.93,4364.67,EUR,4364.67,synthetic-spend-SK.csv,False,direct
TXN-001811,SK,2026-03,2026-03-18,WLF-1017,sup-solis,PPG / Nexa,Contour tape,kleb,247,piece,19.93,4922.71,EUR,4922.71,synthetic-spend-SK.csv,False,direct
TXN-001812,SK,2026-04,2026-04-02,WLF-1017,sup-solis,PPG / Nexa,Contour tape,kleb,148,piece,19.93,2949.64,EUR,2949.64,synthetic-spend-SK.csv,False,direct
TXN-001813,SK,2026-05,2026-05-11,WLF-1017,sup-solis,PPG / Nexa,Contour tape,kleb,121,piece,19.93,2411.53,EUR,2411.53,synthetic-spend-SK.csv,False,direct
TXN-001814,SK,2026-06,2026-06-09,WLF-1017,sup-solis,PPG / Nexa,Contour tape,kleb,195,piece,19.93,3886.35,EUR,3886.35,synthetic-spend-SK.csv,False,direct
TXN-001815,SK,2026-07,2026-07-22,WLF-1017,sup-solis,PPG / Nexa,Contour tape,kleb,291,piece,19.93,5799.63,EUR,5799.63,synthetic-spend-SK.csv,False,direct
TXN-001816,SK,2026-08,2026-08-10,WLF-1017,sup-solis,PPG / Nexa,Contour tape,kleb,245,piece,19.93,4882.85,EUR,4882.85,synthetic-spend-SK.csv,False,direct
TXN-001817,SK,2026-01,2026-01-24,WLF-1018,sup-orbit,Würth,One-step cutting and polishing compound,polier,138,piece,46.49,6415.62,EUR,6415.62,synthetic-spend-SK.csv,False,indirect
TXN-001818,SK,2026-02,2026-02-21,WLF-1018,sup-orbit,Würth,One-step cutting and polishing compound,polier,176,piece,46.49,8182.24,EUR,8182.24,synthetic-spend-SK.csv,False,indirect
TXN-001819,SK,2026-03,2026-03-08,WLF-1018,sup-orbit,Würth,One-step cutting and polishing compound,polier,223,piece,46.49,10367.27,EUR,10367.27,synthetic-spend-SK.csv,False,indirect
TXN-001820,SK,2026-04,2026-04-07,WLF-1018,sup-orbit,Würth,One-step cutting and polishing compound,polier,33,piece,46.49,1534.17,EUR,1534.17,synthetic-spend-SK.csv,False,indirect
TXN-001821,SK,2026-05,2026-05-02,WLF-1018,sup-orbit,Würth,One-step cutting and polishing compound,polier,59,piece,46.49,2742.91,EUR,2742.91,synthetic-spend-SK.csv,False,indirect
TXN-001822,SK,2026-06,2026-06-26,WLF-1018,sup-orbit,Würth,One-step cutting and polishing compound,polier,28,piece,46.49,1301.72,EUR,1301.72,synthetic-spend-SK.csv,False,indirect
TXN-001823,SK,2026-07,2026-07-11,WLF-1018,sup-orbit,Würth,One-step cutting and polishing compound,polier,207,piece,46.49,9623.43,EUR,9623.43,synthetic-spend-SK.csv,False,indirect
TXN-001824,SK,2026-08,2026-08-02,WLF-1018,sup-orbit,Würth,One-step cutting and polishing compound,polier,255,piece,46.49,11854.95,EUR,11854.95,synthetic-spend-SK.csv,False,indirect
TXN-001825,SK,2026-01,2026-01-11,WLF-1019,sup-helio,Kovax,Pre-saturated cleaning wipes,kabine,61,piece,105.15,6414.15,EUR,6414.15,synthetic-spend-SK.csv,False,direct
TXN-001826,SK,2026-02,2026-02-06,WLF-1019,sup-helio,Kovax,Pre-saturated cleaning wipes,kabine,190,piece,105.15,19978.5,EUR,19978.5,synthetic-spend-SK.csv,False,direct
TXN-001827,SK,2026-03,2026-03-06,WLF-1019,sup-helio,Kovax,Pre-saturated cleaning wipes,kabine,184,piece,105.15,19347.6,EUR,19347.6,synthetic-spend-SK.csv,False,direct
TXN-001828,SK,2026-04,2026-04-05,WLF-1019,sup-helio,Kovax,Pre-saturated cleaning wipes,kabine,141,piece,105.15,14826.15,EUR,14826.15,synthetic-spend-SK.csv,False,direct
TXN-001829,SK,2026-05,2026-05-07,WLF-1019,sup-helio,Kovax,Pre-saturated cleaning wipes,kabine,111,piece,105.15,11671.65,EUR,11671.65,synthetic-spend-SK.csv,False,direct
TXN-001830,SK,2026-06,2026-06-11,WLF-1019,sup-helio,Kovax,Pre-saturated cleaning wipes,kabine,248,piece,105.15,26077.2,EUR,26077.2,synthetic-spend-SK.csv,False,direct
TXN-001831,SK,2026-07,2026-07-10,WLF-1019,sup-helio,Kovax,Pre-saturated cleaning wipes,kabine,98,piece,105.15,10304.7,EUR,10304.7,synthetic-spend-SK.csv,False,direct
TXN-001832,SK,2026-08,2026-08-18,WLF-1019,sup-helio,Kovax,Pre-saturated cleaning wipes,kabine,35,piece,105.15,3680.25,EUR,3680.25,synthetic-spend-SK.csv,False,direct
TXN-001833,SK,2026-01,2026-01-21,WLF-1020,sup-vanta,Starcke,P3 particulate filters,psa,112,piece,31.51,3529.12,EUR,3529.12,synthetic-spend-SK.csv,False,direct
TXN-001834,SK,2026-02,2026-02-11,WLF-1020,sup-vanta,Starcke,P3 particulate filters,psa,78,piece,31.51,2457.78,EUR,2457.78,synthetic-spend-SK.csv,False,direct
TXN-001835,SK,2026-03,2026-03-01,WLF-1020,sup-vanta,Starcke,P3 particulate filters,psa,238,piece,31.51,7499.38,EUR,7499.38,synthetic-spend-SK.csv,False,direct
TXN-001836,SK,2026-04,2026-04-08,WLF-1020,sup-vanta,Starcke,P3 particulate filters,psa,94,piece,31.51,2961.94,EUR,2961.94,synthetic-spend-SK.csv,False,direct
TXN-001837,SK,2026-05,2026-05-12,WLF-1020,sup-vanta,Starcke,P3 particulate filters,psa,289,piece,31.51,9106.39,EUR,9106.39,synthetic-spend-SK.csv,False,direct
TXN-001838,SK,2026-06,2026-06-03,WLF-1020,sup-vanta,Starcke,P3 particulate filters,psa,181,piece,31.51,5703.31,EUR,5703.31,synthetic-spend-SK.csv,False,direct
TXN-001839,SK,2026-07,2026-07-18,WLF-1020,sup-vanta,Starcke,P3 particulate filters,psa,137,piece,31.51,4316.87,EUR,4316.87,synthetic-spend-SK.csv,False,direct
TXN-001840,SK,2026-08,2026-08-10,WLF-1020,sup-vanta,Starcke,P3 particulate filters,psa,114,piece,31.51,3592.14,EUR,3592.14,synthetic-spend-SK.csv,False,direct
TXN-001841,SK,2026-01,2026-01-10,WLF-1021,sup-aster,3M,Electric random orbital sander 150 mm,werkstatt,238,piece,8.01,1906.38,EUR,1906.38,synthetic-spend-SK.csv,False,indirect
TXN-001842,SK,2026-02,2026-02-07,WLF-1021,sup-aster,3M,Electric random orbital sander 150 mm,werkstatt,322,piece,8.01,2579.22,EUR,2579.22,synthetic-spend-SK.csv,False,indirect
TXN-001843,SK,2026-03,2026-03-03,WLF-1021,sup-aster,3M,Electric random orbital sander 150 mm,werkstatt,173,piece,8.01,1385.73,EUR,1385.73,synthetic-spend-SK.csv,False,indirect
TXN-001844,SK,2026-04,2026-04-05,WLF-1021,sup-aster,3M,Electric random orbital sander 150 mm,werkstatt,170,piece,8.01,1361.7,EUR,1361.7,synthetic-spend-SK.csv,False,indirect
TXN-001845,SK,2026-05,2026-05-08,WLF-1021,sup-aster,3M,Electric random orbital sander 150 mm,werkstatt,132,piece,8.01,1057.32,EUR,1057.32,synthetic-spend-SK.csv,False,indirect
TXN-001846,SK,2026-06,2026-06-16,WLF-1021,sup-aster,3M,Electric random orbital sander 150 mm,werkstatt,40,piece,8.01,320.4,EUR,320.4,synthetic-spend-SK.csv,False,indirect
TXN-001847,SK,2026-07,2026-07-18,WLF-1021,sup-aster,3M,Electric random orbital sander 150 mm,werkstatt,162,piece,8.01,1297.62,EUR,1297.62,synthetic-spend-SK.csv,False,indirect
TXN-001848,SK,2026-08,2026-08-26,WLF-1021,sup-aster,3M,Electric random orbital sander 150 mm,werkstatt,80,piece,8.01,640.8,EUR,640.8,synthetic-spend-SK.csv,False,indirect
TXN-001849,HU,2026-01,2026-01-20,WLF-1001,sup-velora,Glasurit (BASF),Graduated mixing cup,lack,214,piece,32.77,7012.78,HUF,2763035.32,synthetic-spend-HU.csv,True,direct
TXN-001850,HU,2026-02,2026-02-27,WLF-1001,sup-velora,Glasurit (BASF),Graduated mixing cup,lack,48,piece,32.77,1572.96,HUF,619746.24,synthetic-spend-HU.csv,True,direct
TXN-001851,HU,2026-03,2026-03-19,WLF-1001,sup-velora,Glasurit (BASF),Graduated mixing cup,lack,244,piece,32.77,7995.88,HUF,3150376.72,synthetic-spend-HU.csv,True,direct
TXN-001852,HU,2026-04,2026-04-23,WLF-1001,sup-velora,Glasurit (BASF),Graduated mixing cup,lack,209,piece,32.77,6848.93,HUF,2698478.42,synthetic-spend-HU.csv,True,direct
TXN-001853,HU,2026-05,2026-05-24,WLF-1001,sup-velora,Glasurit (BASF),Graduated mixing cup,lack,222,piece,32.77,7274.94,HUF,2866326.36,synthetic-spend-HU.csv,True,direct
TXN-001854,HU,2026-06,2026-06-01,WLF-1001,sup-velora,Glasurit (BASF),Graduated mixing cup,lack,310,piece,32.77,10158.7,HUF,4002527.8,synthetic-spend-HU.csv,True,direct
TXN-001855,HU,2026-07,2026-07-12,WLF-1001,sup-velora,Glasurit (BASF),Graduated mixing cup,lack,152,piece,32.77,4981.04,HUF,1962529.76,synthetic-spend-HU.csv,True,direct
TXN-001856,HU,2026-08,2026-08-09,WLF-1001,sup-velora,Glasurit (BASF),Graduated mixing cup,lack,69,piece,32.77,2261.13,HUF,890885.22,synthetic-spend-HU.csv,True,direct
TXN-001857,HU,2026-01,2026-01-16,WLF-1002,sup-lumen,Finixa,"Sanding discs 150 mm, coarse",schleif,239,piece,73.23,17501.97,HUF,6895776.18,synthetic-spend-HU.csv,True,indirect
TXN-001858,HU,2026-02,2026-02-14,WLF-1002,sup-lumen,Finixa,"Sanding discs 150 mm, coarse",schleif,150,piece,73.23,10984.5,HUF,4327893.0,synthetic-spend-HU.csv,True,indirect
TXN-001859,HU,2026-03,2026-03-02,WLF-1002,sup-lumen,Finixa,"Sanding discs 150 mm, coarse",schleif,162,piece,73.23,11863.26,HUF,4674124.44,synthetic-spend-HU.csv,True,indirect
TXN-001860,HU,2026-04,2026-04-02,WLF-1002,sup-lumen,Finixa,"Sanding discs 150 mm, coarse",schleif,242,piece,73.23,17721.66,HUF,6982334.04,synthetic-spend-HU.csv,True,indirect
TXN-001861,HU,2026-05,2026-05-24,WLF-1002,sup-lumen,Finixa,"Sanding discs 150 mm, coarse",schleif,257,piece,73.23,18820.11,HUF,7415123.34,synthetic-spend-HU.csv,True,indirect
TXN-001862,HU,2026-06,2026-06-20,WLF-1002,sup-lumen,Finixa,"Sanding discs 150 mm, coarse",schleif,299,piece,73.23,21895.77,HUF,8626933.38,synthetic-spend-HU.csv,True,indirect
TXN-001863,HU,2026-07,2026-07-28,WLF-1002,sup-lumen,Finixa,"Sanding discs 150 mm, coarse",schleif,169,piece,73.23,12375.87,HUF,4876092.78,synthetic-spend-HU.csv,True,indirect
TXN-001864,HU,2026-08,2026-08-09,WLF-1002,sup-lumen,Finixa,"Sanding discs 150 mm, coarse",schleif,183,piece,73.23,13401.09,HUF,5280029.46,synthetic-spend-HU.csv,True,indirect
TXN-001865,HU,2026-01,2026-01-22,WLF-1003,sup-novex,Mirka,Standard masking tape,kleb,314,piece,14.42,4527.88,HUF,1783984.72,synthetic-spend-HU.csv,True,direct
TXN-001866,HU,2026-02,2026-02-10,WLF-1003,sup-novex,Mirka,Standard masking tape,kleb,79,piece,14.42,1139.18,HUF,448836.92,synthetic-spend-HU.csv,True,direct
TXN-001867,HU,2026-03,2026-03-26,WLF-1003,sup-novex,Mirka,Standard masking tape,kleb,280,piece,14.42,4037.6,HUF,1590814.4,synthetic-spend-HU.csv,True,direct
TXN-001868,HU,2026-04,2026-04-25,WLF-1003,sup-novex,Mirka,Standard masking tape,kleb,44,piece,14.42,634.48,HUF,249985.12,synthetic-spend-HU.csv,True,direct
TXN-001869,HU,2026-05,2026-05-28,WLF-1003,sup-novex,Mirka,Standard masking tape,kleb,77,piece,14.42,1110.34,HUF,437473.96,synthetic-spend-HU.csv,True,direct
TXN-001870,HU,2026-06,2026-06-04,WLF-1003,sup-novex,Mirka,Standard masking tape,kleb,177,piece,14.42,2552.34,HUF,1005621.96,synthetic-spend-HU.csv,True,direct
TXN-001871,HU,2026-07,2026-07-15,WLF-1003,sup-novex,Mirka,Standard masking tape,kleb,140,piece,14.42,2018.8,HUF,795407.2,synthetic-spend-HU.csv,True,direct
TXN-001872,HU,2026-08,2026-08-10,WLF-1003,sup-novex,Mirka,Standard masking tape,kleb,245,piece,14.42,3532.9,HUF,1391962.6,synthetic-spend-HU.csv,True,direct
TXN-001873,HU,2026-01,2026-01-11,WLF-1004,sup-arcus,SATA,Cutting compound (coarse/medium),polier,94,piece,34.99,3289.06,HUF,1295889.64,synthetic-spend-HU.csv,True,direct
TXN-001874,HU,2026-02,2026-02-05,WLF-1004,sup-arcus,SATA,Cutting compound (coarse/medium),polier,112,piece,34.99,3918.88,HUF,1544038.72,synthetic-spend-HU.csv,True,direct
TXN-001875,HU,2026-03,2026-03-21,WLF-1004,sup-arcus,SATA,Cutting compound (coarse/medium),polier,174,piece,34.99,6088.26,HUF,2398774.44,synthetic-spend-HU.csv,True,direct
TXN-001876,HU,2026-04,2026-04-24,WLF-1004,sup-arcus,SATA,Cutting compound (coarse/medium),polier,90,piece,34.99,3149.1,HUF,1240745.4,synthetic-spend-HU.csv,True,direct
TXN-001877,HU,2026-05,2026-05-18,WLF-1004,sup-arcus,SATA,Cutting compound (coarse/medium),polier,204,piece,34.99,7137.96,HUF,2812356.24,synthetic-spend-HU.csv,True,direct
TXN-001878,HU,2026-06,2026-06-15,WLF-1004,sup-arcus,SATA,Cutting compound (coarse/medium),polier,55,piece,34.99,1924.45,HUF,758233.3,synthetic-spend-HU.csv,True,direct
TXN-001879,HU,2026-07,2026-07-18,WLF-1004,sup-arcus,SATA,Cutting compound (coarse/medium),polier,25,piece,34.99,874.75,HUF,344651.5,synthetic-spend-HU.csv,True,direct
TXN-001880,HU,2026-08,2026-08-08,WLF-1004,sup-arcus,SATA,Cutting compound (coarse/medium),polier,220,piece,34.99,7697.8,HUF,3032933.2,synthetic-spend-HU.csv,True,direct
TXN-001881,HU,2026-01,2026-01-22,WLF-1005,sup-cobalt,tesa,Solvent-based silicone remover,kabine,127,piece,45.66,5798.82,HUF,2284735.08,synthetic-spend-HU.csv,True,indirect
TXN-001882,HU,2026-02,2026-02-25,WLF-1005,sup-cobalt,tesa,Solvent-based silicone remover,kabine,121,piece,45.66,5524.86,HUF,2176794.84,synthetic-spend-HU.csv,True,indirect
TXN-001883,HU,2026-03,2026-03-12,WLF-1005,sup-cobalt,tesa,Solvent-based silicone remover,kabine,298,piece,45.66,13606.68,HUF,5361031.92,synthetic-spend-HU.csv,True,indirect
TXN-001884,HU,2026-04,2026-04-05,WLF-1005,sup-cobalt,tesa,Solvent-based silicone remover,kabine,204,piece,45.66,9314.64,HUF,3669968.16,synthetic-spend-HU.csv,True,indirect
TXN-001885,HU,2026-05,2026-05-13,WLF-1005,sup-cobalt,tesa,Solvent-based silicone remover,kabine,328,piece,45.66,14976.48,HUF,5900733.12,synthetic-spend-HU.csv,True,indirect
TXN-001886,HU,2026-06,2026-06-23,WLF-1005,sup-cobalt,tesa,Solvent-based silicone remover,kabine,58,piece,45.66,2648.28,HUF,1043422.32,synthetic-spend-HU.csv,True,indirect
TXN-001887,HU,2026-07,2026-07-05,WLF-1005,sup-cobalt,tesa,Solvent-based silicone remover,kabine,236,piece,45.66,10775.76,HUF,4245649.44,synthetic-spend-HU.csv,True,indirect
TXN-001888,HU,2026-08,2026-08-25,WLF-1005,sup-cobalt,tesa,Solvent-based silicone remover,kabine,211,piece,45.66,9634.26,HUF,3795898.44,synthetic-spend-HU.csv,True,indirect
TXN-001889,HU,2026-01,2026-01-15,WLF-1006,sup-solis,PPG / Nexa,Half mask / spray-painting respirator,psa,82,piece,44.3,3632.6,HUF,1431244.4,synthetic-spend-HU.csv,True,direct
TXN-001890,HU,2026-02,2026-02-01,WLF-1006,sup-solis,PPG / Nexa,Half mask / spray-painting respirator,psa,190,piece,44.3,8417.0,HUF,3316298.0,synthetic-spend-HU.csv,True,direct
TXN-001891,HU,2026-03,2026-03-17,WLF-1006,sup-solis,PPG / Nexa,Half mask / spray-painting respirator,psa,242,piece,44.3,10720.6,HUF,4223916.4,synthetic-spend-HU.csv,True,direct
TXN-001892,HU,2026-04,2026-04-18,WLF-1006,sup-solis,PPG / Nexa,Half mask / spray-painting respirator,psa,129,piece,44.3,5714.7,HUF,2251591.8,synthetic-spend-HU.csv,True,direct
TXN-001893,HU,2026-05,2026-05-07,WLF-1006,sup-solis,PPG / Nexa,Half mask / spray-painting respirator,psa,68,piece,44.3,3012.4,HUF,1186885.6,synthetic-spend-HU.csv,True,direct
TXN-001894,HU,2026-06,2026-06-12,WLF-1006,sup-solis,PPG / Nexa,Half mask / spray-painting respirator,psa,289,piece,44.3,12802.7,HUF,5044263.8,synthetic-spend-HU.csv,True,direct
TXN-001895,HU,2026-07,2026-07-28,WLF-1006,sup-solis,PPG / Nexa,Half mask / spray-painting respirator,psa,149,piece,44.3,6600.7,HUF,2600675.8,synthetic-spend-HU.csv,True,direct
TXN-001896,HU,2026-08,2026-08-10,WLF-1006,sup-solis,PPG / Nexa,Half mask / spray-painting respirator,psa,258,piece,44.3,11429.4,HUF,4503183.6,synthetic-spend-HU.csv,True,direct
TXN-001897,HU,2026-01,2026-01-26,WLF-1007,sup-orbit,Würth,"Random orbital sander 150 mm, 5 mm orbit",werkstatt,130,piece,50.52,6567.6,HUF,2587634.4,synthetic-spend-HU.csv,True,direct
TXN-001898,HU,2026-02,2026-02-19,WLF-1007,sup-orbit,Würth,"Random orbital sander 150 mm, 5 mm orbit",werkstatt,114,piece,50.52,5759.28,HUF,2269156.32,synthetic-spend-HU.csv,True,direct
TXN-001899,HU,2026-03,2026-03-09,WLF-1007,sup-orbit,Würth,"Random orbital sander 150 mm, 5 mm orbit",werkstatt,301,piece,50.52,15206.52,HUF,5991368.88,synthetic-spend-HU.csv,True,direct
TXN-001900,HU,2026-04,2026-04-09,WLF-1007,sup-orbit,Würth,"Random orbital sander 150 mm, 5 mm orbit",werkstatt,289,piece,50.52,14600.28,HUF,5752510.32,synthetic-spend-HU.csv,True,direct
TXN-001901,HU,2026-05,2026-05-11,WLF-1007,sup-orbit,Würth,"Random orbital sander 150 mm, 5 mm orbit",werkstatt,69,piece,50.52,3485.88,HUF,1373436.72,synthetic-spend-HU.csv,True,direct
TXN-001902,HU,2026-06,2026-06-20,WLF-1007,sup-orbit,Würth,"Random orbital sander 150 mm, 5 mm orbit",werkstatt,260,piece,50.52,13135.2,HUF,5175268.8,synthetic-spend-HU.csv,True,direct
TXN-001903,HU,2026-07,2026-07-23,WLF-1007,sup-orbit,Würth,"Random orbital sander 150 mm, 5 mm orbit",werkstatt,202,piece,50.52,10205.04,HUF,4020785.76,synthetic-spend-HU.csv,True,direct
TXN-001904,HU,2026-08,2026-08-06,WLF-1007,sup-orbit,Würth,"Random orbital sander 150 mm, 5 mm orbit",werkstatt,208,piece,50.52,10508.16,HUF,4140215.04,synthetic-spend-HU.csv,True,direct
TXN-001905,HU,2026-01,2026-01-27,WLF-1008,sup-helio,Kovax,Paint cup for compressed-air spray gun,lack,141,piece,51.53,7265.73,HUF,2862697.62,synthetic-spend-HU.csv,True,indirect
TXN-001906,HU,2026-02,2026-02-10,WLF-1008,sup-helio,Kovax,Paint cup for compressed-air spray gun,lack,75,piece,51.53,3864.75,HUF,1522711.5,synthetic-spend-HU.csv,True,indirect
TXN-001907,HU,2026-03,2026-03-14,WLF-1008,sup-helio,Kovax,Paint cup for compressed-air spray gun,lack,123,piece,51.53,6338.19,HUF,2497246.86,synthetic-spend-HU.csv,True,indirect
TXN-001908,HU,2026-04,2026-04-25,WLF-1008,sup-helio,Kovax,Paint cup for compressed-air spray gun,lack,159,piece,51.53,8193.27,HUF,3228148.38,synthetic-spend-HU.csv,True,indirect
TXN-001909,HU,2026-05,2026-05-24,WLF-1008,sup-helio,Kovax,Paint cup for compressed-air spray gun,lack,309,piece,51.53,15922.77,HUF,6273571.38,synthetic-spend-HU.csv,True,indirect
TXN-001910,HU,2026-06,2026-06-02,WLF-1008,sup-helio,Kovax,Paint cup for compressed-air spray gun,lack,200,piece,51.53,10306.0,HUF,4060564.0,synthetic-spend-HU.csv,True,indirect
TXN-001911,HU,2026-07,2026-07-03,WLF-1008,sup-helio,Kovax,Paint cup for compressed-air spray gun,lack,120,piece,51.53,6183.6,HUF,2436338.4,synthetic-spend-HU.csv,True,indirect
TXN-001912,HU,2026-08,2026-08-09,WLF-1008,sup-helio,Kovax,Paint cup for compressed-air spray gun,lack,198,piece,51.53,10202.94,HUF,4019958.36,synthetic-spend-HU.csv,True,indirect
TXN-001913,HU,2026-01,2026-01-04,WLF-1009,sup-vanta,Starcke,"Sanding discs 150 mm, intermediate",schleif,187,piece,74.49,13929.63,HUF,5488274.22,synthetic-spend-HU.csv,True,direct
TXN-001914,HU,2026-02,2026-02-19,WLF-1009,sup-vanta,Starcke,"Sanding discs 150 mm, intermediate",schleif,202,piece,74.49,15046.98,HUF,5928510.12,synthetic-spend-HU.csv,True,direct
TXN-001915,HU,2026-03,2026-03-22,WLF-1009,sup-vanta,Starcke,"Sanding discs 150 mm, intermediate",schleif,146,piece,74.49,10875.54,HUF,4284962.76,synthetic-spend-HU.csv,True,direct
TXN-001916,HU,2026-04,2026-04-20,WLF-1009,sup-vanta,Starcke,"Sanding discs 150 mm, intermediate",schleif,265,piece,74.49,19739.85,HUF,7777500.9,synthetic-spend-HU.csv,True,direct
TXN-001917,HU,2026-05,2026-05-24,WLF-1009,sup-vanta,Starcke,"Sanding discs 150 mm, intermediate",schleif,243,piece,74.49,18101.07,HUF,7131821.58,synthetic-spend-HU.csv,True,direct
TXN-001918,HU,2026-06,2026-06-20,WLF-1009,sup-vanta,Starcke,"Sanding discs 150 mm, intermediate",schleif,182,piece,74.49,13557.18,HUF,5341528.92,synthetic-spend-HU.csv,True,direct
TXN-001919,HU,2026-07,2026-07-02,WLF-1009,sup-vanta,Starcke,"Sanding discs 150 mm, intermediate",schleif,130,piece,74.49,9683.7,HUF,3815377.8,synthetic-spend-HU.csv,True,direct
TXN-001920,HU,2026-08,2026-08-27,WLF-1009,sup-vanta,Starcke,"Sanding discs 150 mm, intermediate",schleif,158,piece,74.49,11769.42,HUF,4637151.48,synthetic-spend-HU.csv,True,direct
TXN-001921,HU,2026-01,2026-01-07,WLF-1010,sup-aster,3M,Fine-line tape,kleb,144,piece,26.76,3853.44,HUF,1518255.36,synthetic-spend-HU.csv,True,direct
TXN-001922,HU,2026-02,2026-02-08,WLF-1010,sup-aster,3M,Fine-line tape,kleb,130,piece,26.76,3478.8,HUF,1370647.2,synthetic-spend-HU.csv,True,direct
TXN-001923,HU,2026-03,2026-03-12,WLF-1010,sup-aster,3M,Fine-line tape,kleb,46,piece,26.76,1230.96,HUF,484998.24,synthetic-spend-HU.csv,True,direct
TXN-001924,HU,2026-04,2026-04-13,WLF-1010,sup-aster,3M,Fine-line tape,kleb,57,piece,26.76,1525.32,HUF,600976.08,synthetic-spend-HU.csv,True,direct
TXN-001925,HU,2026-05,2026-05-26,WLF-1010,sup-aster,3M,Fine-line tape,kleb,77,piece,26.76,2060.52,HUF,811844.88,synthetic-spend-HU.csv,True,direct
TXN-001926,HU,2026-06,2026-06-03,WLF-1010,sup-aster,3M,Fine-line tape,kleb,254,piece,26.76,6797.04,HUF,2678033.76,synthetic-spend-HU.csv,True,direct
TXN-001927,HU,2026-07,2026-07-18,WLF-1010,sup-aster,3M,Fine-line tape,kleb,100,piece,26.76,2676.0,HUF,1054344.0,synthetic-spend-HU.csv,True,direct
TXN-001928,HU,2026-08,2026-08-16,WLF-1010,sup-aster,3M,Fine-line tape,kleb,259,piece,26.76,6930.84,HUF,2730750.96,synthetic-spend-HU.csv,True,direct
TXN-001929,HU,2026-01,2026-01-22,WLF-1011,sup-velora,Glasurit (BASF),Polish (fine / anti-hologram),polier,95,piece,14.04,1333.8,HUF,525517.2,synthetic-spend-HU.csv,True,indirect
TXN-001930,HU,2026-02,2026-02-18,WLF-1011,sup-velora,Glasurit (BASF),Polish (fine / anti-hologram),polier,142,piece,14.04,1993.68,HUF,785509.92,synthetic-spend-HU.csv,True,indirect
TXN-001931,HU,2026-03,2026-03-12,WLF-1011,sup-velora,Glasurit (BASF),Polish (fine / anti-hologram),polier,239,piece,14.04,3355.56,HUF,1322090.64,synthetic-spend-HU.csv,True,indirect
TXN-001932,HU,2026-04,2026-04-26,WLF-1011,sup-velora,Glasurit (BASF),Polish (fine / anti-hologram),polier,117,piece,14.04,1642.68,HUF,647215.92,synthetic-spend-HU.csv,True,indirect
TXN-001933,HU,2026-05,2026-05-11,WLF-1011,sup-velora,Glasurit (BASF),Polish (fine / anti-hologram),polier,295,piece,14.04,4141.8,HUF,1631869.2,synthetic-spend-HU.csv,True,indirect
TXN-001934,HU,2026-06,2026-06-01,WLF-1011,sup-velora,Glasurit (BASF),Polish (fine / anti-hologram),polier,89,piece,14.04,1249.56,HUF,492326.64,synthetic-spend-HU.csv,True,indirect
TXN-001935,HU,2026-07,2026-07-19,WLF-1011,sup-velora,Glasurit (BASF),Polish (fine / anti-hologram),polier,155,piece,14.04,2176.2,HUF,857422.8,synthetic-spend-HU.csv,True,indirect
TXN-001936,HU,2026-08,2026-08-10,WLF-1011,sup-velora,Glasurit (BASF),Polish (fine / anti-hologram),polier,225,piece,14.04,3159.0,HUF,1244646.0,synthetic-spend-HU.csv,True,indirect
TXN-001937,HU,2026-01,2026-01-21,WLF-1012,sup-lumen,Finixa,Water-based silicone remover,kabine,191,piece,40.53,7741.23,HUF,3050044.62,synthetic-spend-HU.csv,True,direct
TXN-001938,HU,2026-02,2026-02-26,WLF-1012,sup-lumen,Finixa,Water-based silicone remover,kabine,108,piece,40.53,4377.24,HUF,1724632.56,synthetic-spend-HU.csv,True,direct
TXN-001939,HU,2026-03,2026-03-18,WLF-1012,sup-lumen,Finixa,Water-based silicone remover,kabine,98,piece,40.53,3971.94,HUF,1564944.36,synthetic-spend-HU.csv,True,direct
TXN-001940,HU,2026-04,2026-04-21,WLF-1012,sup-lumen,Finixa,Water-based silicone remover,kabine,74,piece,40.53,2999.22,HUF,1181692.68,synthetic-spend-HU.csv,True,direct
TXN-001941,HU,2026-05,2026-05-11,WLF-1012,sup-lumen,Finixa,Water-based silicone remover,kabine,258,piece,40.53,10456.74,HUF,4119955.56,synthetic-spend-HU.csv,True,direct
TXN-001942,HU,2026-06,2026-06-16,WLF-1012,sup-lumen,Finixa,Water-based silicone remover,kabine,89,piece,40.53,3607.17,HUF,1421224.98,synthetic-spend-HU.csv,True,direct
TXN-001943,HU,2026-07,2026-07-18,WLF-1012,sup-lumen,Finixa,Water-based silicone remover,kabine,107,piece,40.53,4336.71,HUF,1708663.74,synthetic-spend-HU.csv,True,direct
TXN-001944,HU,2026-08,2026-08-14,WLF-1012,sup-lumen,Finixa,Water-based silicone remover,kabine,62,piece,40.53,2512.86,HUF,990066.84,synthetic-spend-HU.csv,True,direct
TXN-001945,HU,2026-01,2026-01-20,WLF-1013,sup-novex,Mirka,A2 filter cartridges,psa,208,piece,6.23,1295.84,HUF,510560.96,synthetic-spend-HU.csv,True,direct
TXN-001946,HU,2026-02,2026-02-18,WLF-1013,sup-novex,Mirka,A2 filter cartridges,psa,94,piece,6.23,585.62,HUF,230734.28,synthetic-spend-HU.csv,True,direct
TXN-001947,HU,2026-03,2026-03-17,WLF-1013,sup-novex,Mirka,A2 filter cartridges,psa,159,piece,6.23,990.57,HUF,390284.58,synthetic-spend-HU.csv,True,direct
TXN-001948,HU,2026-04,2026-04-24,WLF-1013,sup-novex,Mirka,A2 filter cartridges,psa,314,piece,6.23,1956.22,HUF,770750.68,synthetic-spend-HU.csv,True,direct
TXN-001949,HU,2026-05,2026-05-16,WLF-1013,sup-novex,Mirka,A2 filter cartridges,psa,270,piece,6.23,1682.1,HUF,662747.4,synthetic-spend-HU.csv,True,direct
TXN-001950,HU,2026-06,2026-06-07,WLF-1013,sup-novex,Mirka,A2 filter cartridges,psa,29,piece,6.23,180.67,HUF,71183.98,synthetic-spend-HU.csv,True,direct
TXN-001951,HU,2026-07,2026-07-01,WLF-1013,sup-novex,Mirka,A2 filter cartridges,psa,108,piece,6.23,672.84,HUF,265098.96,synthetic-spend-HU.csv,True,direct
TXN-001952,HU,2026-08,2026-08-14,WLF-1013,sup-novex,Mirka,A2 filter cartridges,psa,201,piece,6.23,1252.23,HUF,493378.62,synthetic-spend-HU.csv,True,direct
TXN-001953,HU,2026-01,2026-01-23,WLF-1014,sup-arcus,SATA,Random orbital sander 77 mm,werkstatt,136,piece,23.09,3140.24,HUF,1237254.56,synthetic-spend-HU.csv,True,indirect
TXN-001954,HU,2026-02,2026-02-07,WLF-1014,sup-arcus,SATA,Random orbital sander 77 mm,werkstatt,175,piece,23.09,4040.75,HUF,1592055.5,synthetic-spend-HU.csv,True,indirect
TXN-001955,HU,2026-03,2026-03-14,WLF-1014,sup-arcus,SATA,Random orbital sander 77 mm,werkstatt,217,piece,23.09,5010.53,HUF,1974148.82,synthetic-spend-HU.csv,True,indirect
TXN-001956,HU,2026-04,2026-04-10,WLF-1014,sup-arcus,SATA,Random orbital sander 77 mm,werkstatt,55,piece,23.09,1269.95,HUF,500360.3,synthetic-spend-HU.csv,True,indirect
TXN-001957,HU,2026-05,2026-05-23,WLF-1014,sup-arcus,SATA,Random orbital sander 77 mm,werkstatt,143,piece,23.09,3301.87,HUF,1300936.78,synthetic-spend-HU.csv,True,indirect
TXN-001958,HU,2026-06,2026-06-23,WLF-1014,sup-arcus,SATA,Random orbital sander 77 mm,werkstatt,145,piece,23.09,3348.05,HUF,1319131.7,synthetic-spend-HU.csv,True,indirect
TXN-001959,HU,2026-07,2026-07-21,WLF-1014,sup-arcus,SATA,Random orbital sander 77 mm,werkstatt,277,piece,23.09,6395.93,HUF,2519996.42,synthetic-spend-HU.csv,True,indirect
TXN-001960,HU,2026-08,2026-08-02,WLF-1014,sup-arcus,SATA,Random orbital sander 77 mm,werkstatt,79,piece,23.09,1824.11,HUF,718699.34,synthetic-spend-HU.csv,True,indirect
TXN-001961,HU,2026-01,2026-01-16,WLF-1015,sup-cobalt,tesa,Paint strainers 125 µ / 200 µ,lack,63,piece,63.62,4008.06,HUF,1579175.64,synthetic-spend-HU.csv,True,direct
TXN-001962,HU,2026-02,2026-02-26,WLF-1015,sup-cobalt,tesa,Paint strainers 125 µ / 200 µ,lack,321,piece,63.62,20422.02,HUF,8046275.88,synthetic-spend-HU.csv,True,direct
TXN-001963,HU,2026-03,2026-03-11,WLF-1015,sup-cobalt,tesa,Paint strainers 125 µ / 200 µ,lack,307,piece,63.62,19531.34,HUF,7695347.96,synthetic-spend-HU.csv,True,direct
TXN-001964,HU,2026-04,2026-04-02,WLF-1015,sup-cobalt,tesa,Paint strainers 125 µ / 200 µ,lack,235,piece,63.62,14950.7,HUF,5890575.8,synthetic-spend-HU.csv,True,direct
TXN-001965,HU,2026-05,2026-05-02,WLF-1015,sup-cobalt,tesa,Paint strainers 125 µ / 200 µ,lack,193,piece,63.62,12278.66,HUF,4837792.04,synthetic-spend-HU.csv,True,direct
TXN-001966,HU,2026-06,2026-06-20,WLF-1015,sup-cobalt,tesa,Paint strainers 125 µ / 200 µ,lack,57,piece,63.62,3626.34,HUF,1428777.96,synthetic-spend-HU.csv,True,direct
TXN-001967,HU,2026-07,2026-07-01,WLF-1015,sup-cobalt,tesa,Paint strainers 125 µ / 200 µ,lack,204,piece,63.62,12978.48,HUF,5113521.12,synthetic-spend-HU.csv,True,direct
TXN-001968,HU,2026-08,2026-08-21,WLF-1015,sup-cobalt,tesa,Paint strainers 125 µ / 200 µ,lack,299,piece,63.62,19022.38,HUF,7494817.72,synthetic-spend-HU.csv,True,direct
TXN-001969,HU,2026-01,2026-01-18,WLF-1016,sup-solis,PPG / Nexa,"Sanding discs 150 mm, fine",schleif,278,piece,62.72,17436.16,HUF,6869847.04,synthetic-spend-HU.csv,True,direct
TXN-001970,HU,2026-02,2026-02-15,WLF-1016,sup-solis,PPG / Nexa,"Sanding discs 150 mm, fine",schleif,64,piece,62.72,4014.08,HUF,1581547.52,synthetic-spend-HU.csv,True,direct
TXN-001971,HU,2026-03,2026-03-22,WLF-1016,sup-solis,PPG / Nexa,"Sanding discs 150 mm, fine",schleif,45,piece,62.72,2822.4,HUF,1112025.6,synthetic-spend-HU.csv,True,direct
TXN-001972,HU,2026-04,2026-04-02,WLF-1016,sup-solis,PPG / Nexa,"Sanding discs 150 mm, fine",schleif,256,piece,62.72,16056.32,HUF,6326190.08,synthetic-spend-HU.csv,True,direct
TXN-001973,HU,2026-05,2026-05-24,WLF-1016,sup-solis,PPG / Nexa,"Sanding discs 150 mm, fine",schleif,85,piece,62.72,5331.2,HUF,2100492.8,synthetic-spend-HU.csv,True,direct
TXN-001974,HU,2026-06,2026-06-26,WLF-1016,sup-solis,PPG / Nexa,"Sanding discs 150 mm, fine",schleif,279,piece,62.72,17498.88,HUF,6894558.72,synthetic-spend-HU.csv,True,direct
TXN-001975,HU,2026-07,2026-07-13,WLF-1016,sup-solis,PPG / Nexa,"Sanding discs 150 mm, fine",schleif,265,piece,62.72,16620.8,HUF,6548595.2,synthetic-spend-HU.csv,True,direct
TXN-001976,HU,2026-08,2026-08-15,WLF-1016,sup-solis,PPG / Nexa,"Sanding discs 150 mm, fine",schleif,189,piece,62.72,11854.08,HUF,4670507.52,synthetic-spend-HU.csv,True,direct
TXN-001977,HU,2026-01,2026-01-05,WLF-1017,sup-orbit,Würth,Contour tape,kleb,56,piece,15.32,857.92,HUF,338020.48,synthetic-spend-HU.csv,False,indirect
TXN-001978,HU,2026-02,2026-02-15,WLF-1017,sup-orbit,Würth,Contour tape,kleb,44,piece,15.32,674.08,HUF,265587.52,synthetic-spend-HU.csv,False,indirect
TXN-001979,HU,2026-03,2026-03-15,WLF-1017,sup-orbit,Würth,Contour tape,kleb,123,piece,15.32,1884.36,HUF,742437.84,synthetic-spend-HU.csv,False,indirect
TXN-001980,HU,2026-04,2026-04-03,WLF-1017,sup-orbit,Würth,Contour tape,kleb,244,piece,15.32,3738.08,HUF,1472803.52,synthetic-spend-HU.csv,False,indirect
TXN-001981,HU,2026-05,2026-05-23,WLF-1017,sup-orbit,Würth,Contour tape,kleb,250,piece,15.32,3830.0,HUF,1509020.0,synthetic-spend-HU.csv,False,indirect
TXN-001982,HU,2026-06,2026-06-14,WLF-1017,sup-orbit,Würth,Contour tape,kleb,192,piece,15.32,2941.44,HUF,1158927.36,synthetic-spend-HU.csv,False,indirect
TXN-001983,HU,2026-07,2026-07-16,WLF-1017,sup-orbit,Würth,Contour tape,kleb,65,piece,15.32,995.8,HUF,392345.2,synthetic-spend-HU.csv,False,indirect
TXN-001984,HU,2026-08,2026-08-27,WLF-1017,sup-orbit,Würth,Contour tape,kleb,131,piece,15.32,2006.92,HUF,790726.48,synthetic-spend-HU.csv,False,indirect
TXN-001985,HU,2026-01,2026-01-11,WLF-1018,sup-helio,Kovax,One-step cutting and polishing compound,polier,235,piece,19.23,4519.05,HUF,1780505.7,synthetic-spend-HU.csv,False,direct
TXN-001986,HU,2026-02,2026-02-07,WLF-1018,sup-helio,Kovax,One-step cutting and polishing compound,polier,247,piece,19.23,4749.81,HUF,1871425.14,synthetic-spend-HU.csv,False,direct
TXN-001987,HU,2026-03,2026-03-19,WLF-1018,sup-helio,Kovax,One-step cutting and polishing compound,polier,288,piece,19.23,5538.24,HUF,2182066.56,synthetic-spend-HU.csv,False,direct
TXN-001988,HU,2026-04,2026-04-06,WLF-1018,sup-helio,Kovax,One-step cutting and polishing compound,polier,291,piece,19.23,5595.93,HUF,2204796.42,synthetic-spend-HU.csv,False,direct
TXN-001989,HU,2026-05,2026-05-03,WLF-1018,sup-helio,Kovax,One-step cutting and polishing compound,polier,132,piece,19.23,2538.36,HUF,1000113.84,synthetic-spend-HU.csv,False,direct
TXN-001990,HU,2026-06,2026-06-20,WLF-1018,sup-helio,Kovax,One-step cutting and polishing compound,polier,58,piece,19.23,1115.34,HUF,439443.96,synthetic-spend-HU.csv,False,direct
TXN-001991,HU,2026-07,2026-07-25,WLF-1018,sup-helio,Kovax,One-step cutting and polishing compound,polier,116,piece,19.23,2230.68,HUF,878887.92,synthetic-spend-HU.csv,False,direct
TXN-001992,HU,2026-08,2026-08-12,WLF-1018,sup-helio,Kovax,One-step cutting and polishing compound,polier,278,piece,19.23,5345.94,HUF,2106300.36,synthetic-spend-HU.csv,False,direct
TXN-001993,HU,2026-01,2026-01-21,WLF-1019,sup-vanta,Starcke,Pre-saturated cleaning wipes,kabine,322,piece,84.86,27324.92,HUF,10766018.48,synthetic-spend-HU.csv,False,direct
TXN-001994,HU,2026-02,2026-02-18,WLF-1019,sup-vanta,Starcke,Pre-saturated cleaning wipes,kabine,191,piece,84.86,16208.26,HUF,6386054.44,synthetic-spend-HU.csv,False,direct
TXN-001995,HU,2026-03,2026-03-20,WLF-1019,sup-vanta,Starcke,Pre-saturated cleaning wipes,kabine,31,piece,84.86,2630.66,HUF,1036480.04,synthetic-spend-HU.csv,False,direct
TXN-001996,HU,2026-04,2026-04-23,WLF-1019,sup-vanta,Starcke,Pre-saturated cleaning wipes,kabine,223,piece,84.86,18923.78,HUF,7455969.32,synthetic-spend-HU.csv,False,direct
TXN-001997,HU,2026-05,2026-05-10,WLF-1019,sup-vanta,Starcke,Pre-saturated cleaning wipes,kabine,296,piece,84.86,25118.56,HUF,9896712.64,synthetic-spend-HU.csv,False,direct
TXN-001998,HU,2026-06,2026-06-19,WLF-1019,sup-vanta,Starcke,Pre-saturated cleaning wipes,kabine,307,piece,84.86,26052.02,HUF,10264495.88,synthetic-spend-HU.csv,False,direct
TXN-001999,HU,2026-07,2026-07-11,WLF-1019,sup-vanta,Starcke,Pre-saturated cleaning wipes,kabine,34,piece,84.86,2885.24,HUF,1136784.56,synthetic-spend-HU.csv,False,direct
TXN-002000,HU,2026-08,2026-08-11,WLF-1019,sup-vanta,Starcke,Pre-saturated cleaning wipes,kabine,325,piece,84.86,27579.5,HUF,10866323.0,synthetic-spend-HU.csv,False,direct
TXN-002001,HU,2026-01,2026-01-18,WLF-1020,sup-aster,3M,P3 particulate filters,psa,304,piece,39.48,12001.92,HUF,4728756.48,synthetic-spend-HU.csv,False,indirect
TXN-002002,HU,2026-02,2026-02-27,WLF-1020,sup-aster,3M,P3 particulate filters,psa,42,piece,39.48,1658.16,HUF,653315.04,synthetic-spend-HU.csv,False,indirect
TXN-002003,HU,2026-03,2026-03-14,WLF-1020,sup-aster,3M,P3 particulate filters,psa,311,piece,39.48,12278.28,HUF,4837642.32,synthetic-spend-HU.csv,False,indirect
TXN-002004,HU,2026-04,2026-04-09,WLF-1020,sup-aster,3M,P3 particulate filters,psa,319,piece,39.48,12594.12,HUF,4962083.28,synthetic-spend-HU.csv,False,indirect
TXN-002005,HU,2026-05,2026-05-10,WLF-1020,sup-aster,3M,P3 particulate filters,psa,29,piece,39.48,1144.92,HUF,451098.48,synthetic-spend-HU.csv,False,indirect
TXN-002006,HU,2026-06,2026-06-17,WLF-1020,sup-aster,3M,P3 particulate filters,psa,97,piece,39.48,3829.56,HUF,1508846.64,synthetic-spend-HU.csv,False,indirect
TXN-002007,HU,2026-07,2026-07-04,WLF-1020,sup-aster,3M,P3 particulate filters,psa,329,piece,39.48,12988.92,HUF,5117634.48,synthetic-spend-HU.csv,False,indirect
TXN-002008,HU,2026-08,2026-08-06,WLF-1020,sup-aster,3M,P3 particulate filters,psa,241,piece,39.48,9514.68,HUF,3748783.92,synthetic-spend-HU.csv,False,indirect
TXN-002009,HU,2026-01,2026-01-11,WLF-1021,sup-velora,Glasurit (BASF),Electric random orbital sander 150 mm,werkstatt,299,piece,12.83,3836.17,HUF,1511450.98,synthetic-spend-HU.csv,False,direct
TXN-002010,HU,2026-02,2026-02-06,WLF-1021,sup-velora,Glasurit (BASF),Electric random orbital sander 150 mm,werkstatt,268,piece,12.83,3438.44,HUF,1354745.36,synthetic-spend-HU.csv,False,direct
TXN-002011,HU,2026-03,2026-03-18,WLF-1021,sup-velora,Glasurit (BASF),Electric random orbital sander 150 mm,werkstatt,69,piece,12.83,885.27,HUF,348796.38,synthetic-spend-HU.csv,False,direct
TXN-002012,HU,2026-04,2026-04-04,WLF-1021,sup-velora,Glasurit (BASF),Electric random orbital sander 150 mm,werkstatt,288,piece,12.83,3695.04,HUF,1455845.76,synthetic-spend-HU.csv,False,direct
TXN-002013,HU,2026-05,2026-05-04,WLF-1021,sup-velora,Glasurit (BASF),Electric random orbital sander 150 mm,werkstatt,92,piece,12.83,1180.36,HUF,465061.84,synthetic-spend-HU.csv,False,direct
TXN-002014,HU,2026-06,2026-06-14,WLF-1021,sup-velora,Glasurit (BASF),Electric random orbital sander 150 mm,werkstatt,89,piece,12.83,1141.87,HUF,449896.78,synthetic-spend-HU.csv,False,direct
TXN-002015,HU,2026-07,2026-07-16,WLF-1021,sup-velora,Glasurit (BASF),Electric random orbital sander 150 mm,werkstatt,237,piece,12.83,3040.71,HUF,1198039.74,synthetic-spend-HU.csv,False,direct
TXN-002016,HU,2026-08,2026-08-12,WLF-1021,sup-velora,Glasurit (BASF),Electric random orbital sander 150 mm,werkstatt,179,piece,12.83,2296.57,HUF,904848.58,synthetic-spend-HU.csv,False,direct
TXN-002017,SI,2026-01,2026-01-19,WLF-1001,sup-lumen,Finixa,Graduated mixing cup,lack,85,piece,19.33,1643.05,EUR,1643.05,synthetic-spend-SI.csv,True,indirect
TXN-002018,SI,2026-02,2026-02-19,WLF-1001,sup-lumen,Finixa,Graduated mixing cup,lack,273,piece,19.33,5277.09,EUR,5277.09,synthetic-spend-SI.csv,True,indirect
TXN-002019,SI,2026-03,2026-03-24,WLF-1001,sup-lumen,Finixa,Graduated mixing cup,lack,106,piece,19.33,2048.98,EUR,2048.98,synthetic-spend-SI.csv,True,indirect
TXN-002020,SI,2026-04,2026-04-17,WLF-1001,sup-lumen,Finixa,Graduated mixing cup,lack,154,piece,19.33,2976.82,EUR,2976.82,synthetic-spend-SI.csv,True,indirect
TXN-002021,SI,2026-05,2026-05-25,WLF-1001,sup-lumen,Finixa,Graduated mixing cup,lack,185,piece,19.33,3576.05,EUR,3576.05,synthetic-spend-SI.csv,True,indirect
TXN-002022,SI,2026-06,2026-06-15,WLF-1001,sup-lumen,Finixa,Graduated mixing cup,lack,316,piece,19.33,6108.28,EUR,6108.28,synthetic-spend-SI.csv,True,indirect
TXN-002023,SI,2026-07,2026-07-04,WLF-1001,sup-lumen,Finixa,Graduated mixing cup,lack,106,piece,19.33,2048.98,EUR,2048.98,synthetic-spend-SI.csv,True,indirect
TXN-002024,SI,2026-08,2026-08-19,WLF-1001,sup-lumen,Finixa,Graduated mixing cup,lack,267,piece,19.33,5161.11,EUR,5161.11,synthetic-spend-SI.csv,True,indirect
TXN-002025,SI,2026-01,2026-01-24,WLF-1002,sup-novex,Mirka,"Sanding discs 150 mm, coarse",schleif,88,piece,115.45,10159.6,EUR,10159.6,synthetic-spend-SI.csv,True,direct
TXN-002026,SI,2026-02,2026-02-15,WLF-1002,sup-novex,Mirka,"Sanding discs 150 mm, coarse",schleif,129,piece,115.45,14893.05,EUR,14893.05,synthetic-spend-SI.csv,True,direct
TXN-002027,SI,2026-03,2026-03-02,WLF-1002,sup-novex,Mirka,"Sanding discs 150 mm, coarse",schleif,141,piece,115.45,16278.45,EUR,16278.45,synthetic-spend-SI.csv,True,direct
TXN-002028,SI,2026-04,2026-04-05,WLF-1002,sup-novex,Mirka,"Sanding discs 150 mm, coarse",schleif,206,piece,115.45,23782.7,EUR,23782.7,synthetic-spend-SI.csv,True,direct
TXN-002029,SI,2026-05,2026-05-06,WLF-1002,sup-novex,Mirka,"Sanding discs 150 mm, coarse",schleif,115,piece,115.45,13276.75,EUR,13276.75,synthetic-spend-SI.csv,True,direct
TXN-002030,SI,2026-06,2026-06-02,WLF-1002,sup-novex,Mirka,"Sanding discs 150 mm, coarse",schleif,283,piece,115.45,32672.35,EUR,32672.35,synthetic-spend-SI.csv,True,direct
TXN-002031,SI,2026-07,2026-07-16,WLF-1002,sup-novex,Mirka,"Sanding discs 150 mm, coarse",schleif,57,piece,115.45,6580.65,EUR,6580.65,synthetic-spend-SI.csv,True,direct
TXN-002032,SI,2026-08,2026-08-22,WLF-1002,sup-novex,Mirka,"Sanding discs 150 mm, coarse",schleif,316,piece,115.45,36482.2,EUR,36482.2,synthetic-spend-SI.csv,True,direct
TXN-002033,SI,2026-01,2026-01-01,WLF-1003,sup-arcus,SATA,Standard masking tape,kleb,68,piece,20.91,1421.88,EUR,1421.88,synthetic-spend-SI.csv,True,direct
TXN-002034,SI,2026-02,2026-02-15,WLF-1003,sup-arcus,SATA,Standard masking tape,kleb,198,piece,20.91,4140.18,EUR,4140.18,synthetic-spend-SI.csv,True,direct
TXN-002035,SI,2026-03,2026-03-23,WLF-1003,sup-arcus,SATA,Standard masking tape,kleb,214,piece,20.91,4474.74,EUR,4474.74,synthetic-spend-SI.csv,True,direct
TXN-002036,SI,2026-04,2026-04-09,WLF-1003,sup-arcus,SATA,Standard masking tape,kleb,160,piece,20.91,3345.6,EUR,3345.6,synthetic-spend-SI.csv,True,direct
TXN-002037,SI,2026-05,2026-05-11,WLF-1003,sup-arcus,SATA,Standard masking tape,kleb,255,piece,20.91,5332.05,EUR,5332.05,synthetic-spend-SI.csv,True,direct
TXN-002038,SI,2026-06,2026-06-27,WLF-1003,sup-arcus,SATA,Standard masking tape,kleb,184,piece,20.91,3847.44,EUR,3847.44,synthetic-spend-SI.csv,True,direct
TXN-002039,SI,2026-07,2026-07-02,WLF-1003,sup-arcus,SATA,Standard masking tape,kleb,217,piece,20.91,4537.47,EUR,4537.47,synthetic-spend-SI.csv,True,direct
TXN-002040,SI,2026-08,2026-08-14,WLF-1003,sup-arcus,SATA,Standard masking tape,kleb,190,piece,20.91,3972.9,EUR,3972.9,synthetic-spend-SI.csv,True,direct
TXN-002041,SI,2026-01,2026-01-02,WLF-1004,sup-cobalt,tesa,Cutting compound (coarse/medium),polier,243,piece,39.05,9489.15,EUR,9489.15,synthetic-spend-SI.csv,True,indirect
TXN-002042,SI,2026-02,2026-02-13,WLF-1004,sup-cobalt,tesa,Cutting compound (coarse/medium),polier,223,piece,39.05,8708.15,EUR,8708.15,synthetic-spend-SI.csv,True,indirect
TXN-002043,SI,2026-03,2026-03-18,WLF-1004,sup-cobalt,tesa,Cutting compound (coarse/medium),polier,240,piece,39.05,9372.0,EUR,9372.0,synthetic-spend-SI.csv,True,indirect
TXN-002044,SI,2026-04,2026-04-23,WLF-1004,sup-cobalt,tesa,Cutting compound (coarse/medium),polier,323,piece,39.05,12613.15,EUR,12613.15,synthetic-spend-SI.csv,True,indirect
TXN-002045,SI,2026-05,2026-05-06,WLF-1004,sup-cobalt,tesa,Cutting compound (coarse/medium),polier,223,piece,39.05,8708.15,EUR,8708.15,synthetic-spend-SI.csv,True,indirect
TXN-002046,SI,2026-06,2026-06-09,WLF-1004,sup-cobalt,tesa,Cutting compound (coarse/medium),polier,150,piece,39.05,5857.5,EUR,5857.5,synthetic-spend-SI.csv,True,indirect
TXN-002047,SI,2026-07,2026-07-22,WLF-1004,sup-cobalt,tesa,Cutting compound (coarse/medium),polier,310,piece,39.05,12105.5,EUR,12105.5,synthetic-spend-SI.csv,True,indirect
TXN-002048,SI,2026-08,2026-08-19,WLF-1004,sup-cobalt,tesa,Cutting compound (coarse/medium),polier,242,piece,39.05,9450.1,EUR,9450.1,synthetic-spend-SI.csv,True,indirect
TXN-002049,SI,2026-01,2026-01-14,WLF-1005,sup-solis,PPG / Nexa,Solvent-based silicone remover,kabine,137,piece,38.47,5270.39,EUR,5270.39,synthetic-spend-SI.csv,True,direct
TXN-002050,SI,2026-02,2026-02-02,WLF-1005,sup-solis,PPG / Nexa,Solvent-based silicone remover,kabine,66,piece,38.47,2539.02,EUR,2539.02,synthetic-spend-SI.csv,True,direct
TXN-002051,SI,2026-03,2026-03-21,WLF-1005,sup-solis,PPG / Nexa,Solvent-based silicone remover,kabine,269,piece,38.47,10348.43,EUR,10348.43,synthetic-spend-SI.csv,True,direct
TXN-002052,SI,2026-04,2026-04-20,WLF-1005,sup-solis,PPG / Nexa,Solvent-based silicone remover,kabine,144,piece,38.47,5539.68,EUR,5539.68,synthetic-spend-SI.csv,True,direct
TXN-002053,SI,2026-05,2026-05-12,WLF-1005,sup-solis,PPG / Nexa,Solvent-based silicone remover,kabine,88,piece,38.47,3385.36,EUR,3385.36,synthetic-spend-SI.csv,True,direct
TXN-002054,SI,2026-06,2026-06-17,WLF-1005,sup-solis,PPG / Nexa,Solvent-based silicone remover,kabine,197,piece,38.47,7578.59,EUR,7578.59,synthetic-spend-SI.csv,True,direct
TXN-002055,SI,2026-07,2026-07-27,WLF-1005,sup-solis,PPG / Nexa,Solvent-based silicone remover,kabine,28,piece,38.47,1077.16,EUR,1077.16,synthetic-spend-SI.csv,True,direct
TXN-002056,SI,2026-08,2026-08-26,WLF-1005,sup-solis,PPG / Nexa,Solvent-based silicone remover,kabine,325,piece,38.47,12502.75,EUR,12502.75,synthetic-spend-SI.csv,True,direct
TXN-002057,SI,2026-01,2026-01-27,WLF-1006,sup-orbit,Würth,Half mask / spray-painting respirator,psa,299,piece,44.09,13182.91,EUR,13182.91,synthetic-spend-SI.csv,True,direct
TXN-002058,SI,2026-02,2026-02-27,WLF-1006,sup-orbit,Würth,Half mask / spray-painting respirator,psa,279,piece,44.09,12301.11,EUR,12301.11,synthetic-spend-SI.csv,True,direct
TXN-002059,SI,2026-03,2026-03-17,WLF-1006,sup-orbit,Würth,Half mask / spray-painting respirator,psa,59,piece,44.09,2601.31,EUR,2601.31,synthetic-spend-SI.csv,True,direct
TXN-002060,SI,2026-04,2026-04-13,WLF-1006,sup-orbit,Würth,Half mask / spray-painting respirator,psa,127,piece,44.09,5599.43,EUR,5599.43,synthetic-spend-SI.csv,True,direct
TXN-002061,SI,2026-05,2026-05-05,WLF-1006,sup-orbit,Würth,Half mask / spray-painting respirator,psa,278,piece,44.09,12257.02,EUR,12257.02,synthetic-spend-SI.csv,True,direct
TXN-002062,SI,2026-06,2026-06-22,WLF-1006,sup-orbit,Würth,Half mask / spray-painting respirator,psa,160,piece,44.09,7054.4,EUR,7054.4,synthetic-spend-SI.csv,True,direct
TXN-002063,SI,2026-07,2026-07-06,WLF-1006,sup-orbit,Würth,Half mask / spray-painting respirator,psa,58,piece,44.09,2557.22,EUR,2557.22,synthetic-spend-SI.csv,True,direct
TXN-002064,SI,2026-08,2026-08-14,WLF-1006,sup-orbit,Würth,Half mask / spray-painting respirator,psa,234,piece,44.09,10317.06,EUR,10317.06,synthetic-spend-SI.csv,True,direct
TXN-002065,SI,2026-01,2026-01-28,WLF-1007,sup-helio,Kovax,"Random orbital sander 150 mm, 5 mm orbit",werkstatt,218,piece,28.45,6202.1,EUR,6202.1,synthetic-spend-SI.csv,True,indirect
TXN-002066,SI,2026-02,2026-02-19,WLF-1007,sup-helio,Kovax,"Random orbital sander 150 mm, 5 mm orbit",werkstatt,101,piece,28.45,2873.45,EUR,2873.45,synthetic-spend-SI.csv,True,indirect
TXN-002067,SI,2026-03,2026-03-16,WLF-1007,sup-helio,Kovax,"Random orbital sander 150 mm, 5 mm orbit",werkstatt,255,piece,28.45,7254.75,EUR,7254.75,synthetic-spend-SI.csv,True,indirect
TXN-002068,SI,2026-04,2026-04-25,WLF-1007,sup-helio,Kovax,"Random orbital sander 150 mm, 5 mm orbit",werkstatt,292,piece,28.45,8307.4,EUR,8307.4,synthetic-spend-SI.csv,True,indirect
TXN-002069,SI,2026-05,2026-05-28,WLF-1007,sup-helio,Kovax,"Random orbital sander 150 mm, 5 mm orbit",werkstatt,53,piece,28.45,1507.85,EUR,1507.85,synthetic-spend-SI.csv,True,indirect
TXN-002070,SI,2026-06,2026-06-27,WLF-1007,sup-helio,Kovax,"Random orbital sander 150 mm, 5 mm orbit",werkstatt,276,piece,28.45,7852.2,EUR,7852.2,synthetic-spend-SI.csv,True,indirect
TXN-002071,SI,2026-07,2026-07-14,WLF-1007,sup-helio,Kovax,"Random orbital sander 150 mm, 5 mm orbit",werkstatt,84,piece,28.45,2389.8,EUR,2389.8,synthetic-spend-SI.csv,True,indirect
TXN-002072,SI,2026-08,2026-08-18,WLF-1007,sup-helio,Kovax,"Random orbital sander 150 mm, 5 mm orbit",werkstatt,286,piece,28.45,8136.7,EUR,8136.7,synthetic-spend-SI.csv,True,indirect
TXN-002073,SI,2026-01,2026-01-28,WLF-1008,sup-vanta,Starcke,Paint cup for compressed-air spray gun,lack,149,piece,100.28,14941.72,EUR,14941.72,synthetic-spend-SI.csv,True,direct
TXN-002074,SI,2026-02,2026-02-21,WLF-1008,sup-vanta,Starcke,Paint cup for compressed-air spray gun,lack,233,piece,100.28,23365.24,EUR,23365.24,synthetic-spend-SI.csv,True,direct
TXN-002075,SI,2026-03,2026-03-03,WLF-1008,sup-vanta,Starcke,Paint cup for compressed-air spray gun,lack,309,piece,100.28,30986.52,EUR,30986.52,synthetic-spend-SI.csv,True,direct
TXN-002076,SI,2026-04,2026-04-13,WLF-1008,sup-vanta,Starcke,Paint cup for compressed-air spray gun,lack,301,piece,100.28,30184.28,EUR,30184.28,synthetic-spend-SI.csv,True,direct
TXN-002077,SI,2026-05,2026-05-18,WLF-1008,sup-vanta,Starcke,Paint cup for compressed-air spray gun,lack,238,piece,100.28,23866.64,EUR,23866.64,synthetic-spend-SI.csv,True,direct
TXN-002078,SI,2026-06,2026-06-11,WLF-1008,sup-vanta,Starcke,Paint cup for compressed-air spray gun,lack,99,piece,100.28,9927.72,EUR,9927.72,synthetic-spend-SI.csv,True,direct
TXN-002079,SI,2026-07,2026-07-21,WLF-1008,sup-vanta,Starcke,Paint cup for compressed-air spray gun,lack,299,piece,100.28,29983.72,EUR,29983.72,synthetic-spend-SI.csv,True,direct
TXN-002080,SI,2026-08,2026-08-25,WLF-1008,sup-vanta,Starcke,Paint cup for compressed-air spray gun,lack,28,piece,100.28,2807.84,EUR,2807.84,synthetic-spend-SI.csv,True,direct
TXN-002081,SI,2026-01,2026-01-12,WLF-1009,sup-aster,3M,"Sanding discs 150 mm, intermediate",schleif,257,piece,55.83,14348.31,EUR,14348.31,synthetic-spend-SI.csv,True,direct
TXN-002082,SI,2026-02,2026-02-09,WLF-1009,sup-aster,3M,"Sanding discs 150 mm, intermediate",schleif,121,piece,55.83,6755.43,EUR,6755.43,synthetic-spend-SI.csv,True,direct
TXN-002083,SI,2026-03,2026-03-25,WLF-1009,sup-aster,3M,"Sanding discs 150 mm, intermediate",schleif,254,piece,55.83,14180.82,EUR,14180.82,synthetic-spend-SI.csv,True,direct
TXN-002084,SI,2026-04,2026-04-22,WLF-1009,sup-aster,3M,"Sanding discs 150 mm, intermediate",schleif,36,piece,55.83,2009.88,EUR,2009.88,synthetic-spend-SI.csv,True,direct
TXN-002085,SI,2026-05,2026-05-02,WLF-1009,sup-aster,3M,"Sanding discs 150 mm, intermediate",schleif,311,piece,55.83,17363.13,EUR,17363.13,synthetic-spend-SI.csv,True,direct
TXN-002086,SI,2026-06,2026-06-14,WLF-1009,sup-aster,3M,"Sanding discs 150 mm, intermediate",schleif,313,piece,55.83,17474.79,EUR,17474.79,synthetic-spend-SI.csv,True,direct
TXN-002087,SI,2026-07,2026-07-10,WLF-1009,sup-aster,3M,"Sanding discs 150 mm, intermediate",schleif,281,piece,55.83,15688.23,EUR,15688.23,synthetic-spend-SI.csv,True,direct
TXN-002088,SI,2026-08,2026-08-21,WLF-1009,sup-aster,3M,"Sanding discs 150 mm, intermediate",schleif,196,piece,55.83,10942.68,EUR,10942.68,synthetic-spend-SI.csv,True,direct
TXN-002089,SI,2026-01,2026-01-27,WLF-1010,sup-velora,Glasurit (BASF),Fine-line tape,kleb,280,piece,19.62,5493.6,EUR,5493.6,synthetic-spend-SI.csv,True,indirect
TXN-002090,SI,2026-02,2026-02-24,WLF-1010,sup-velora,Glasurit (BASF),Fine-line tape,kleb,280,piece,19.62,5493.6,EUR,5493.6,synthetic-spend-SI.csv,True,indirect
TXN-002091,SI,2026-03,2026-03-19,WLF-1010,sup-velora,Glasurit (BASF),Fine-line tape,kleb,277,piece,19.62,5434.74,EUR,5434.74,synthetic-spend-SI.csv,True,indirect
TXN-002092,SI,2026-04,2026-04-09,WLF-1010,sup-velora,Glasurit (BASF),Fine-line tape,kleb,177,piece,19.62,3472.74,EUR,3472.74,synthetic-spend-SI.csv,True,indirect
TXN-002093,SI,2026-05,2026-05-05,WLF-1010,sup-velora,Glasurit (BASF),Fine-line tape,kleb,92,piece,19.62,1805.04,EUR,1805.04,synthetic-spend-SI.csv,True,indirect
TXN-002094,SI,2026-06,2026-06-01,WLF-1010,sup-velora,Glasurit (BASF),Fine-line tape,kleb,245,piece,19.62,4806.9,EUR,4806.9,synthetic-spend-SI.csv,True,indirect
TXN-002095,SI,2026-07,2026-07-10,WLF-1010,sup-velora,Glasurit (BASF),Fine-line tape,kleb,66,piece,19.62,1294.92,EUR,1294.92,synthetic-spend-SI.csv,True,indirect
TXN-002096,SI,2026-08,2026-08-12,WLF-1010,sup-velora,Glasurit (BASF),Fine-line tape,kleb,189,piece,19.62,3708.18,EUR,3708.18,synthetic-spend-SI.csv,True,indirect
TXN-002097,SI,2026-01,2026-01-14,WLF-1011,sup-lumen,Finixa,Polish (fine / anti-hologram),polier,315,piece,8.39,2642.85,EUR,2642.85,synthetic-spend-SI.csv,True,direct
TXN-002098,SI,2026-02,2026-02-15,WLF-1011,sup-lumen,Finixa,Polish (fine / anti-hologram),polier,34,piece,8.39,285.26,EUR,285.26,synthetic-spend-SI.csv,True,direct
TXN-002099,SI,2026-03,2026-03-23,WLF-1011,sup-lumen,Finixa,Polish (fine / anti-hologram),polier,327,piece,8.39,2743.53,EUR,2743.53,synthetic-spend-SI.csv,True,direct
TXN-002100,SI,2026-04,2026-04-28,WLF-1011,sup-lumen,Finixa,Polish (fine / anti-hologram),polier,207,piece,8.39,1736.73,EUR,1736.73,synthetic-spend-SI.csv,True,direct
TXN-002101,SI,2026-05,2026-05-21,WLF-1011,sup-lumen,Finixa,Polish (fine / anti-hologram),polier,68,piece,8.39,570.52,EUR,570.52,synthetic-spend-SI.csv,True,direct
TXN-002102,SI,2026-06,2026-06-14,WLF-1011,sup-lumen,Finixa,Polish (fine / anti-hologram),polier,282,piece,8.39,2365.98,EUR,2365.98,synthetic-spend-SI.csv,True,direct
TXN-002103,SI,2026-07,2026-07-11,WLF-1011,sup-lumen,Finixa,Polish (fine / anti-hologram),polier,36,piece,8.39,302.04,EUR,302.04,synthetic-spend-SI.csv,True,direct
TXN-002104,SI,2026-08,2026-08-12,WLF-1011,sup-lumen,Finixa,Polish (fine / anti-hologram),polier,238,piece,8.39,1996.82,EUR,1996.82,synthetic-spend-SI.csv,True,direct
TXN-002105,SI,2026-01,2026-01-03,WLF-1012,sup-novex,Mirka,Water-based silicone remover,kabine,53,piece,19.77,1047.81,EUR,1047.81,synthetic-spend-SI.csv,True,direct
TXN-002106,SI,2026-02,2026-02-21,WLF-1012,sup-novex,Mirka,Water-based silicone remover,kabine,247,piece,19.77,4883.19,EUR,4883.19,synthetic-spend-SI.csv,True,direct
TXN-002107,SI,2026-03,2026-03-23,WLF-1012,sup-novex,Mirka,Water-based silicone remover,kabine,234,piece,19.77,4626.18,EUR,4626.18,synthetic-spend-SI.csv,True,direct
TXN-002108,SI,2026-04,2026-04-26,WLF-1012,sup-novex,Mirka,Water-based silicone remover,kabine,238,piece,19.77,4705.26,EUR,4705.26,synthetic-spend-SI.csv,True,direct
TXN-002109,SI,2026-05,2026-05-12,WLF-1012,sup-novex,Mirka,Water-based silicone remover,kabine,315,piece,19.77,6227.55,EUR,6227.55,synthetic-spend-SI.csv,True,direct
TXN-002110,SI,2026-06,2026-06-10,WLF-1012,sup-novex,Mirka,Water-based silicone remover,kabine,65,piece,19.77,1285.05,EUR,1285.05,synthetic-spend-SI.csv,True,direct
TXN-002111,SI,2026-07,2026-07-01,WLF-1012,sup-novex,Mirka,Water-based silicone remover,kabine,328,piece,19.77,6484.56,EUR,6484.56,synthetic-spend-SI.csv,True,direct
TXN-002112,SI,2026-08,2026-08-17,WLF-1012,sup-novex,Mirka,Water-based silicone remover,kabine,230,piece,19.77,4547.1,EUR,4547.1,synthetic-spend-SI.csv,True,direct
TXN-002113,SI,2026-01,2026-01-02,WLF-1013,sup-arcus,SATA,A2 filter cartridges,psa,182,piece,8.4,1528.8,EUR,1528.8,synthetic-spend-SI.csv,True,indirect
TXN-002114,SI,2026-02,2026-02-07,WLF-1013,sup-arcus,SATA,A2 filter cartridges,psa,158,piece,8.4,1327.2,EUR,1327.2,synthetic-spend-SI.csv,True,indirect
TXN-002115,SI,2026-03,2026-03-27,WLF-1013,sup-arcus,SATA,A2 filter cartridges,psa,234,piece,8.4,1965.6,EUR,1965.6,synthetic-spend-SI.csv,True,indirect
TXN-002116,SI,2026-04,2026-04-21,WLF-1013,sup-arcus,SATA,A2 filter cartridges,psa,163,piece,8.4,1369.2,EUR,1369.2,synthetic-spend-SI.csv,True,indirect
TXN-002117,SI,2026-05,2026-05-03,WLF-1013,sup-arcus,SATA,A2 filter cartridges,psa,182,piece,8.4,1528.8,EUR,1528.8,synthetic-spend-SI.csv,True,indirect
TXN-002118,SI,2026-06,2026-06-11,WLF-1013,sup-arcus,SATA,A2 filter cartridges,psa,223,piece,8.4,1873.2,EUR,1873.2,synthetic-spend-SI.csv,True,indirect
TXN-002119,SI,2026-07,2026-07-03,WLF-1013,sup-arcus,SATA,A2 filter cartridges,psa,69,piece,8.4,579.6,EUR,579.6,synthetic-spend-SI.csv,True,indirect
TXN-002120,SI,2026-08,2026-08-21,WLF-1013,sup-arcus,SATA,A2 filter cartridges,psa,225,piece,8.4,1890.0,EUR,1890.0,synthetic-spend-SI.csv,True,indirect
TXN-002121,SI,2026-01,2026-01-20,WLF-1014,sup-cobalt,tesa,Random orbital sander 77 mm,werkstatt,297,piece,39.89,11847.33,EUR,11847.33,synthetic-spend-SI.csv,True,direct
TXN-002122,SI,2026-02,2026-02-08,WLF-1014,sup-cobalt,tesa,Random orbital sander 77 mm,werkstatt,258,piece,39.89,10291.62,EUR,10291.62,synthetic-spend-SI.csv,True,direct
TXN-002123,SI,2026-03,2026-03-23,WLF-1014,sup-cobalt,tesa,Random orbital sander 77 mm,werkstatt,46,piece,39.89,1834.94,EUR,1834.94,synthetic-spend-SI.csv,True,direct
TXN-002124,SI,2026-04,2026-04-03,WLF-1014,sup-cobalt,tesa,Random orbital sander 77 mm,werkstatt,126,piece,39.89,5026.14,EUR,5026.14,synthetic-spend-SI.csv,True,direct
TXN-002125,SI,2026-05,2026-05-02,WLF-1014,sup-cobalt,tesa,Random orbital sander 77 mm,werkstatt,297,piece,39.89,11847.33,EUR,11847.33,synthetic-spend-SI.csv,True,direct
TXN-002126,SI,2026-06,2026-06-10,WLF-1014,sup-cobalt,tesa,Random orbital sander 77 mm,werkstatt,326,piece,39.89,13004.14,EUR,13004.14,synthetic-spend-SI.csv,True,direct
TXN-002127,SI,2026-07,2026-07-17,WLF-1014,sup-cobalt,tesa,Random orbital sander 77 mm,werkstatt,312,piece,39.89,12445.68,EUR,12445.68,synthetic-spend-SI.csv,True,direct
TXN-002128,SI,2026-08,2026-08-26,WLF-1014,sup-cobalt,tesa,Random orbital sander 77 mm,werkstatt,259,piece,39.89,10331.51,EUR,10331.51,synthetic-spend-SI.csv,True,direct
TXN-002129,SI,2026-01,2026-01-10,WLF-1015,sup-solis,PPG / Nexa,Paint strainers 125 µ / 200 µ,lack,69,piece,55.93,3859.17,EUR,3859.17,synthetic-spend-SI.csv,True,direct
TXN-002130,SI,2026-02,2026-02-02,WLF-1015,sup-solis,PPG / Nexa,Paint strainers 125 µ / 200 µ,lack,190,piece,55.93,10626.7,EUR,10626.7,synthetic-spend-SI.csv,True,direct
TXN-002131,SI,2026-03,2026-03-08,WLF-1015,sup-solis,PPG / Nexa,Paint strainers 125 µ / 200 µ,lack,289,piece,55.93,16163.77,EUR,16163.77,synthetic-spend-SI.csv,True,direct
TXN-002132,SI,2026-04,2026-04-03,WLF-1015,sup-solis,PPG / Nexa,Paint strainers 125 µ / 200 µ,lack,104,piece,55.93,5816.72,EUR,5816.72,synthetic-spend-SI.csv,True,direct
TXN-002133,SI,2026-05,2026-05-15,WLF-1015,sup-solis,PPG / Nexa,Paint strainers 125 µ / 200 µ,lack,238,piece,55.93,13311.34,EUR,13311.34,synthetic-spend-SI.csv,True,direct
TXN-002134,SI,2026-06,2026-06-04,WLF-1015,sup-solis,PPG / Nexa,Paint strainers 125 µ / 200 µ,lack,123,piece,55.93,6879.39,EUR,6879.39,synthetic-spend-SI.csv,True,direct
TXN-002135,SI,2026-07,2026-07-19,WLF-1015,sup-solis,PPG / Nexa,Paint strainers 125 µ / 200 µ,lack,310,piece,55.93,17338.3,EUR,17338.3,synthetic-spend-SI.csv,True,direct
TXN-002136,SI,2026-08,2026-08-19,WLF-1015,sup-solis,PPG / Nexa,Paint strainers 125 µ / 200 µ,lack,89,piece,55.93,4977.77,EUR,4977.77,synthetic-spend-SI.csv,True,direct
TXN-002137,SI,2026-01,2026-01-05,WLF-1016,sup-orbit,Würth,"Sanding discs 150 mm, fine",schleif,201,piece,60.36,12132.36,EUR,12132.36,synthetic-spend-SI.csv,True,indirect
TXN-002138,SI,2026-02,2026-02-21,WLF-1016,sup-orbit,Würth,"Sanding discs 150 mm, fine",schleif,298,piece,60.36,17987.28,EUR,17987.28,synthetic-spend-SI.csv,True,indirect
TXN-002139,SI,2026-03,2026-03-06,WLF-1016,sup-orbit,Würth,"Sanding discs 150 mm, fine",schleif,152,piece,60.36,9174.72,EUR,9174.72,synthetic-spend-SI.csv,True,indirect
TXN-002140,SI,2026-04,2026-04-16,WLF-1016,sup-orbit,Würth,"Sanding discs 150 mm, fine",schleif,161,piece,60.36,9717.96,EUR,9717.96,synthetic-spend-SI.csv,True,indirect
TXN-002141,SI,2026-05,2026-05-09,WLF-1016,sup-orbit,Würth,"Sanding discs 150 mm, fine",schleif,195,piece,60.36,11770.2,EUR,11770.2,synthetic-spend-SI.csv,True,indirect
TXN-002142,SI,2026-06,2026-06-06,WLF-1016,sup-orbit,Würth,"Sanding discs 150 mm, fine",schleif,32,piece,60.36,1931.52,EUR,1931.52,synthetic-spend-SI.csv,True,indirect
TXN-002143,SI,2026-07,2026-07-20,WLF-1016,sup-orbit,Würth,"Sanding discs 150 mm, fine",schleif,32,piece,60.36,1931.52,EUR,1931.52,synthetic-spend-SI.csv,True,indirect
TXN-002144,SI,2026-08,2026-08-17,WLF-1016,sup-orbit,Würth,"Sanding discs 150 mm, fine",schleif,202,piece,60.36,12192.72,EUR,12192.72,synthetic-spend-SI.csv,True,indirect
TXN-002145,SI,2026-01,2026-01-28,WLF-1017,sup-helio,Kovax,Contour tape,kleb,245,piece,23.51,5759.95,EUR,5759.95,synthetic-spend-SI.csv,False,direct
TXN-002146,SI,2026-02,2026-02-13,WLF-1017,sup-helio,Kovax,Contour tape,kleb,109,piece,23.51,2562.59,EUR,2562.59,synthetic-spend-SI.csv,False,direct
TXN-002147,SI,2026-03,2026-03-04,WLF-1017,sup-helio,Kovax,Contour tape,kleb,304,piece,23.51,7147.04,EUR,7147.04,synthetic-spend-SI.csv,False,direct
TXN-002148,SI,2026-04,2026-04-27,WLF-1017,sup-helio,Kovax,Contour tape,kleb,292,piece,23.51,6864.92,EUR,6864.92,synthetic-spend-SI.csv,False,direct
TXN-002149,SI,2026-05,2026-05-21,WLF-1017,sup-helio,Kovax,Contour tape,kleb,224,piece,23.51,5266.24,EUR,5266.24,synthetic-spend-SI.csv,False,direct
TXN-002150,SI,2026-06,2026-06-22,WLF-1017,sup-helio,Kovax,Contour tape,kleb,181,piece,23.51,4255.31,EUR,4255.31,synthetic-spend-SI.csv,False,direct
TXN-002151,SI,2026-07,2026-07-14,WLF-1017,sup-helio,Kovax,Contour tape,kleb,282,piece,23.51,6629.82,EUR,6629.82,synthetic-spend-SI.csv,False,direct
TXN-002152,SI,2026-08,2026-08-27,WLF-1017,sup-helio,Kovax,Contour tape,kleb,154,piece,23.51,3620.54,EUR,3620.54,synthetic-spend-SI.csv,False,direct
TXN-002153,SI,2026-01,2026-01-09,WLF-1018,sup-vanta,Starcke,One-step cutting and polishing compound,polier,174,piece,41.22,7172.28,EUR,7172.28,synthetic-spend-SI.csv,False,direct
TXN-002154,SI,2026-02,2026-02-14,WLF-1018,sup-vanta,Starcke,One-step cutting and polishing compound,polier,209,piece,41.22,8614.98,EUR,8614.98,synthetic-spend-SI.csv,False,direct
TXN-002155,SI,2026-03,2026-03-07,WLF-1018,sup-vanta,Starcke,One-step cutting and polishing compound,polier,207,piece,41.22,8532.54,EUR,8532.54,synthetic-spend-SI.csv,False,direct
TXN-002156,SI,2026-04,2026-04-10,WLF-1018,sup-vanta,Starcke,One-step cutting and polishing compound,polier,40,piece,41.22,1648.8,EUR,1648.8,synthetic-spend-SI.csv,False,direct
TXN-002157,SI,2026-05,2026-05-22,WLF-1018,sup-vanta,Starcke,One-step cutting and polishing compound,polier,167,piece,41.22,6883.74,EUR,6883.74,synthetic-spend-SI.csv,False,direct
TXN-002158,SI,2026-06,2026-06-18,WLF-1018,sup-vanta,Starcke,One-step cutting and polishing compound,polier,223,piece,41.22,9192.06,EUR,9192.06,synthetic-spend-SI.csv,False,direct
TXN-002159,SI,2026-07,2026-07-18,WLF-1018,sup-vanta,Starcke,One-step cutting and polishing compound,polier,88,piece,41.22,3627.36,EUR,3627.36,synthetic-spend-SI.csv,False,direct
TXN-002160,SI,2026-08,2026-08-27,WLF-1018,sup-vanta,Starcke,One-step cutting and polishing compound,polier,253,piece,41.22,10428.66,EUR,10428.66,synthetic-spend-SI.csv,False,direct
TXN-002161,SI,2026-01,2026-01-04,WLF-1019,sup-aster,3M,Pre-saturated cleaning wipes,kabine,103,piece,81.56,8400.68,EUR,8400.68,synthetic-spend-SI.csv,False,indirect
TXN-002162,SI,2026-02,2026-02-07,WLF-1019,sup-aster,3M,Pre-saturated cleaning wipes,kabine,63,piece,81.56,5138.28,EUR,5138.28,synthetic-spend-SI.csv,False,indirect
TXN-002163,SI,2026-03,2026-03-28,WLF-1019,sup-aster,3M,Pre-saturated cleaning wipes,kabine,271,piece,81.56,22102.76,EUR,22102.76,synthetic-spend-SI.csv,False,indirect
TXN-002164,SI,2026-04,2026-04-26,WLF-1019,sup-aster,3M,Pre-saturated cleaning wipes,kabine,24,piece,81.56,1957.44,EUR,1957.44,synthetic-spend-SI.csv,False,indirect
TXN-002165,SI,2026-05,2026-05-24,WLF-1019,sup-aster,3M,Pre-saturated cleaning wipes,kabine,101,piece,81.56,8237.56,EUR,8237.56,synthetic-spend-SI.csv,False,indirect
TXN-002166,SI,2026-06,2026-06-14,WLF-1019,sup-aster,3M,Pre-saturated cleaning wipes,kabine,80,piece,81.56,6524.8,EUR,6524.8,synthetic-spend-SI.csv,False,indirect
TXN-002167,SI,2026-07,2026-07-17,WLF-1019,sup-aster,3M,Pre-saturated cleaning wipes,kabine,249,piece,81.56,20308.44,EUR,20308.44,synthetic-spend-SI.csv,False,indirect
TXN-002168,SI,2026-08,2026-08-13,WLF-1019,sup-aster,3M,Pre-saturated cleaning wipes,kabine,208,piece,81.56,16964.48,EUR,16964.48,synthetic-spend-SI.csv,False,indirect
TXN-002169,SI,2026-01,2026-01-15,WLF-1020,sup-velora,Glasurit (BASF),P3 particulate filters,psa,245,piece,33.98,8325.1,EUR,8325.1,synthetic-spend-SI.csv,False,direct
TXN-002170,SI,2026-02,2026-02-12,WLF-1020,sup-velora,Glasurit (BASF),P3 particulate filters,psa,81,piece,33.98,2752.38,EUR,2752.38,synthetic-spend-SI.csv,False,direct
TXN-002171,SI,2026-03,2026-03-05,WLF-1020,sup-velora,Glasurit (BASF),P3 particulate filters,psa,210,piece,33.98,7135.8,EUR,7135.8,synthetic-spend-SI.csv,False,direct
TXN-002172,SI,2026-04,2026-04-07,WLF-1020,sup-velora,Glasurit (BASF),P3 particulate filters,psa,147,piece,33.98,4995.06,EUR,4995.06,synthetic-spend-SI.csv,False,direct
TXN-002173,SI,2026-05,2026-05-02,WLF-1020,sup-velora,Glasurit (BASF),P3 particulate filters,psa,143,piece,33.98,4859.14,EUR,4859.14,synthetic-spend-SI.csv,False,direct
TXN-002174,SI,2026-06,2026-06-16,WLF-1020,sup-velora,Glasurit (BASF),P3 particulate filters,psa,76,piece,33.98,2582.48,EUR,2582.48,synthetic-spend-SI.csv,False,direct
TXN-002175,SI,2026-07,2026-07-23,WLF-1020,sup-velora,Glasurit (BASF),P3 particulate filters,psa,300,piece,33.98,10194.0,EUR,10194.0,synthetic-spend-SI.csv,False,direct
TXN-002176,SI,2026-08,2026-08-17,WLF-1020,sup-velora,Glasurit (BASF),P3 particulate filters,psa,106,piece,33.98,3601.88,EUR,3601.88,synthetic-spend-SI.csv,False,direct
TXN-002177,SI,2026-01,2026-01-15,WLF-1021,sup-lumen,Finixa,Electric random orbital sander 150 mm,werkstatt,315,piece,20.41,6429.15,EUR,6429.15,synthetic-spend-SI.csv,False,direct
TXN-002178,SI,2026-02,2026-02-01,WLF-1021,sup-lumen,Finixa,Electric random orbital sander 150 mm,werkstatt,107,piece,20.41,2183.87,EUR,2183.87,synthetic-spend-SI.csv,False,direct
TXN-002179,SI,2026-03,2026-03-17,WLF-1021,sup-lumen,Finixa,Electric random orbital sander 150 mm,werkstatt,305,piece,20.41,6225.05,EUR,6225.05,synthetic-spend-SI.csv,False,direct
TXN-002180,SI,2026-04,2026-04-20,WLF-1021,sup-lumen,Finixa,Electric random orbital sander 150 mm,werkstatt,250,piece,20.41,5102.5,EUR,5102.5,synthetic-spend-SI.csv,False,direct
TXN-002181,SI,2026-05,2026-05-01,WLF-1021,sup-lumen,Finixa,Electric random orbital sander 150 mm,werkstatt,143,piece,20.41,2918.63,EUR,2918.63,synthetic-spend-SI.csv,False,direct
TXN-002182,SI,2026-06,2026-06-05,WLF-1021,sup-lumen,Finixa,Electric random orbital sander 150 mm,werkstatt,30,piece,20.41,612.3,EUR,612.3,synthetic-spend-SI.csv,False,direct
TXN-002183,SI,2026-07,2026-07-21,WLF-1021,sup-lumen,Finixa,Electric random orbital sander 150 mm,werkstatt,88,piece,20.41,1796.08,EUR,1796.08,synthetic-spend-SI.csv,False,direct
TXN-002184,SI,2026-08,2026-08-27,WLF-1021,sup-lumen,Finixa,Electric random orbital sander 150 mm,werkstatt,127,piece,20.41,2592.07,EUR,2592.07,synthetic-spend-SI.csv,False,direct
TXN-002185,HR,2026-01,2026-01-18,WLF-1001,sup-novex,Mirka,Graduated mixing cup,lack,129,piece,28.87,3724.23,EUR,3724.23,synthetic-spend-HR.csv,True,direct
TXN-002186,HR,2026-02,2026-02-23,WLF-1001,sup-novex,Mirka,Graduated mixing cup,lack,80,piece,28.87,2309.6,EUR,2309.6,synthetic-spend-HR.csv,True,direct
TXN-002187,HR,2026-03,2026-03-08,WLF-1001,sup-novex,Mirka,Graduated mixing cup,lack,208,piece,28.87,6004.96,EUR,6004.96,synthetic-spend-HR.csv,True,direct
TXN-002188,HR,2026-04,2026-04-11,WLF-1001,sup-novex,Mirka,Graduated mixing cup,lack,305,piece,28.87,8805.35,EUR,8805.35,synthetic-spend-HR.csv,True,direct
TXN-002189,HR,2026-05,2026-05-14,WLF-1001,sup-novex,Mirka,Graduated mixing cup,lack,308,piece,28.87,8891.96,EUR,8891.96,synthetic-spend-HR.csv,True,direct
TXN-002190,HR,2026-06,2026-06-27,WLF-1001,sup-novex,Mirka,Graduated mixing cup,lack,237,piece,28.87,6842.19,EUR,6842.19,synthetic-spend-HR.csv,True,direct
TXN-002191,HR,2026-07,2026-07-17,WLF-1001,sup-novex,Mirka,Graduated mixing cup,lack,167,piece,28.87,4821.29,EUR,4821.29,synthetic-spend-HR.csv,True,direct
TXN-002192,HR,2026-08,2026-08-16,WLF-1001,sup-novex,Mirka,Graduated mixing cup,lack,237,piece,28.87,6842.19,EUR,6842.19,synthetic-spend-HR.csv,True,direct
TXN-002193,HR,2026-01,2026-01-21,WLF-1002,sup-arcus,SATA,"Sanding discs 150 mm, coarse",schleif,315,piece,81.63,25713.45,EUR,25713.45,synthetic-spend-HR.csv,True,direct
TXN-002194,HR,2026-02,2026-02-24,WLF-1002,sup-arcus,SATA,"Sanding discs 150 mm, coarse",schleif,176,piece,81.63,14366.88,EUR,14366.88,synthetic-spend-HR.csv,True,direct
TXN-002195,HR,2026-03,2026-03-18,WLF-1002,sup-arcus,SATA,"Sanding discs 150 mm, coarse",schleif,239,piece,81.63,19509.57,EUR,19509.57,synthetic-spend-HR.csv,True,direct
TXN-002196,HR,2026-04,2026-04-15,WLF-1002,sup-arcus,SATA,"Sanding discs 150 mm, coarse",schleif,68,piece,81.63,5550.84,EUR,5550.84,synthetic-spend-HR.csv,True,direct
TXN-002197,HR,2026-05,2026-05-13,WLF-1002,sup-arcus,SATA,"Sanding discs 150 mm, coarse",schleif,294,piece,81.63,23999.22,EUR,23999.22,synthetic-spend-HR.csv,True,direct
TXN-002198,HR,2026-06,2026-06-06,WLF-1002,sup-arcus,SATA,"Sanding discs 150 mm, coarse",schleif,192,piece,81.63,15672.96,EUR,15672.96,synthetic-spend-HR.csv,True,direct
TXN-002199,HR,2026-07,2026-07-06,WLF-1002,sup-arcus,SATA,"Sanding discs 150 mm, coarse",schleif,114,piece,81.63,9305.82,EUR,9305.82,synthetic-spend-HR.csv,True,direct
TXN-002200,HR,2026-08,2026-08-07,WLF-1002,sup-arcus,SATA,"Sanding discs 150 mm, coarse",schleif,234,piece,81.63,19101.42,EUR,19101.42,synthetic-spend-HR.csv,True,direct
TXN-002201,HR,2026-01,2026-01-15,WLF-1003,sup-cobalt,tesa,Standard masking tape,kleb,191,piece,29.43,5621.13,EUR,5621.13,synthetic-spend-HR.csv,True,indirect
TXN-002202,HR,2026-02,2026-02-28,WLF-1003,sup-cobalt,tesa,Standard masking tape,kleb,31,piece,29.43,912.33,EUR,912.33,synthetic-spend-HR.csv,True,indirect
TXN-002203,HR,2026-03,2026-03-14,WLF-1003,sup-cobalt,tesa,Standard masking tape,kleb,244,piece,29.43,7180.92,EUR,7180.92,synthetic-spend-HR.csv,True,indirect
TXN-002204,HR,2026-04,2026-04-26,WLF-1003,sup-cobalt,tesa,Standard masking tape,kleb,201,piece,29.43,5915.43,EUR,5915.43,synthetic-spend-HR.csv,True,indirect
TXN-002205,HR,2026-05,2026-05-25,WLF-1003,sup-cobalt,tesa,Standard masking tape,kleb,224,piece,29.43,6592.32,EUR,6592.32,synthetic-spend-HR.csv,True,indirect
TXN-002206,HR,2026-06,2026-06-21,WLF-1003,sup-cobalt,tesa,Standard masking tape,kleb,80,piece,29.43,2354.4,EUR,2354.4,synthetic-spend-HR.csv,True,indirect
TXN-002207,HR,2026-07,2026-07-27,WLF-1003,sup-cobalt,tesa,Standard masking tape,kleb,141,piece,29.43,4149.63,EUR,4149.63,synthetic-spend-HR.csv,True,indirect
TXN-002208,HR,2026-08,2026-08-02,WLF-1003,sup-cobalt,tesa,Standard masking tape,kleb,172,piece,29.43,5061.96,EUR,5061.96,synthetic-spend-HR.csv,True,indirect
TXN-002209,HR,2026-01,2026-01-24,WLF-1004,sup-solis,PPG / Nexa,Cutting compound (coarse/medium),polier,251,piece,33.25,8345.75,EUR,8345.75,synthetic-spend-HR.csv,True,direct
TXN-002210,HR,2026-02,2026-02-07,WLF-1004,sup-solis,PPG / Nexa,Cutting compound (coarse/medium),polier,294,piece,33.25,9775.5,EUR,9775.5,synthetic-spend-HR.csv,True,direct
TXN-002211,HR,2026-03,2026-03-24,WLF-1004,sup-solis,PPG / Nexa,Cutting compound (coarse/medium),polier,131,piece,33.25,4355.75,EUR,4355.75,synthetic-spend-HR.csv,True,direct
TXN-002212,HR,2026-04,2026-04-19,WLF-1004,sup-solis,PPG / Nexa,Cutting compound (coarse/medium),polier,75,piece,33.25,2493.75,EUR,2493.75,synthetic-spend-HR.csv,True,direct
TXN-002213,HR,2026-05,2026-05-15,WLF-1004,sup-solis,PPG / Nexa,Cutting compound (coarse/medium),polier,60,piece,33.25,1995.0,EUR,1995.0,synthetic-spend-HR.csv,True,direct
TXN-002214,HR,2026-06,2026-06-25,WLF-1004,sup-solis,PPG / Nexa,Cutting compound (coarse/medium),polier,100,piece,33.25,3325.0,EUR,3325.0,synthetic-spend-HR.csv,True,direct
TXN-002215,HR,2026-07,2026-07-16,WLF-1004,sup-solis,PPG / Nexa,Cutting compound (coarse/medium),polier,233,piece,33.25,7747.25,EUR,7747.25,synthetic-spend-HR.csv,True,direct
TXN-002216,HR,2026-08,2026-08-18,WLF-1004,sup-solis,PPG / Nexa,Cutting compound (coarse/medium),polier,98,piece,33.25,3258.5,EUR,3258.5,synthetic-spend-HR.csv,True,direct
TXN-002217,HR,2026-01,2026-01-15,WLF-1005,sup-orbit,Würth,Solvent-based silicone remover,kabine,45,piece,30.56,1375.2,EUR,1375.2,synthetic-spend-HR.csv,True,direct
TXN-002218,HR,2026-02,2026-02-01,WLF-1005,sup-orbit,Würth,Solvent-based silicone remover,kabine,222,piece,30.56,6784.32,EUR,6784.32,synthetic-spend-HR.csv,True,direct
TXN-002219,HR,2026-03,2026-03-01,WLF-1005,sup-orbit,Würth,Solvent-based silicone remover,kabine,244,piece,30.56,7456.64,EUR,7456.64,synthetic-spend-HR.csv,True,direct
TXN-002220,HR,2026-04,2026-04-19,WLF-1005,sup-orbit,Würth,Solvent-based silicone remover,kabine,256,piece,30.56,7823.36,EUR,7823.36,synthetic-spend-HR.csv,True,direct
TXN-002221,HR,2026-05,2026-05-20,WLF-1005,sup-orbit,Würth,Solvent-based silicone remover,kabine,268,piece,30.56,8190.08,EUR,8190.08,synthetic-spend-HR.csv,True,direct
TXN-002222,HR,2026-06,2026-06-06,WLF-1005,sup-orbit,Würth,Solvent-based silicone remover,kabine,215,piece,30.56,6570.4,EUR,6570.4,synthetic-spend-HR.csv,True,direct
TXN-002223,HR,2026-07,2026-07-18,WLF-1005,sup-orbit,Würth,Solvent-based silicone remover,kabine,62,piece,30.56,1894.72,EUR,1894.72,synthetic-spend-HR.csv,True,direct
TXN-002224,HR,2026-08,2026-08-01,WLF-1005,sup-orbit,Würth,Solvent-based silicone remover,kabine,267,piece,30.56,8159.52,EUR,8159.52,synthetic-spend-HR.csv,True,direct
TXN-002225,HR,2026-01,2026-01-18,WLF-1006,sup-helio,Kovax,Half mask / spray-painting respirator,psa,230,piece,27.44,6311.2,EUR,6311.2,synthetic-spend-HR.csv,True,indirect
TXN-002226,HR,2026-02,2026-02-02,WLF-1006,sup-helio,Kovax,Half mask / spray-painting respirator,psa,68,piece,27.44,1865.92,EUR,1865.92,synthetic-spend-HR.csv,True,indirect
TXN-002227,HR,2026-03,2026-03-08,WLF-1006,sup-helio,Kovax,Half mask / spray-painting respirator,psa,128,piece,27.44,3512.32,EUR,3512.32,synthetic-spend-HR.csv,True,indirect
TXN-002228,HR,2026-04,2026-04-06,WLF-1006,sup-helio,Kovax,Half mask / spray-painting respirator,psa,45,piece,27.44,1234.8,EUR,1234.8,synthetic-spend-HR.csv,True,indirect
TXN-002229,HR,2026-05,2026-05-04,WLF-1006,sup-helio,Kovax,Half mask / spray-painting respirator,psa,90,piece,27.44,2469.6,EUR,2469.6,synthetic-spend-HR.csv,True,indirect
TXN-002230,HR,2026-06,2026-06-11,WLF-1006,sup-helio,Kovax,Half mask / spray-painting respirator,psa,325,piece,27.44,8918.0,EUR,8918.0,synthetic-spend-HR.csv,True,indirect
TXN-002231,HR,2026-07,2026-07-12,WLF-1006,sup-helio,Kovax,Half mask / spray-painting respirator,psa,163,piece,27.44,4472.72,EUR,4472.72,synthetic-spend-HR.csv,True,indirect
TXN-002232,HR,2026-08,2026-08-22,WLF-1006,sup-helio,Kovax,Half mask / spray-painting respirator,psa,147,piece,27.44,4033.68,EUR,4033.68,synthetic-spend-HR.csv,True,indirect
TXN-002233,HR,2026-01,2026-01-20,WLF-1007,sup-vanta,Starcke,"Random orbital sander 150 mm, 5 mm orbit",werkstatt,31,piece,52.0,1612.0,EUR,1612.0,synthetic-spend-HR.csv,True,direct
TXN-002234,HR,2026-02,2026-02-04,WLF-1007,sup-vanta,Starcke,"Random orbital sander 150 mm, 5 mm orbit",werkstatt,206,piece,52.0,10712.0,EUR,10712.0,synthetic-spend-HR.csv,True,direct
TXN-002235,HR,2026-03,2026-03-18,WLF-1007,sup-vanta,Starcke,"Random orbital sander 150 mm, 5 mm orbit",werkstatt,47,piece,52.0,2444.0,EUR,2444.0,synthetic-spend-HR.csv,True,direct
TXN-002236,HR,2026-04,2026-04-06,WLF-1007,sup-vanta,Starcke,"Random orbital sander 150 mm, 5 mm orbit",werkstatt,73,piece,52.0,3796.0,EUR,3796.0,synthetic-spend-HR.csv,True,direct
TXN-002237,HR,2026-05,2026-05-10,WLF-1007,sup-vanta,Starcke,"Random orbital sander 150 mm, 5 mm orbit",werkstatt,325,piece,52.0,16900.0,EUR,16900.0,synthetic-spend-HR.csv,True,direct
TXN-002238,HR,2026-06,2026-06-23,WLF-1007,sup-vanta,Starcke,"Random orbital sander 150 mm, 5 mm orbit",werkstatt,31,piece,52.0,1612.0,EUR,1612.0,synthetic-spend-HR.csv,True,direct
TXN-002239,HR,2026-07,2026-07-05,WLF-1007,sup-vanta,Starcke,"Random orbital sander 150 mm, 5 mm orbit",werkstatt,275,piece,52.0,14300.0,EUR,14300.0,synthetic-spend-HR.csv,True,direct
TXN-002240,HR,2026-08,2026-08-26,WLF-1007,sup-vanta,Starcke,"Random orbital sander 150 mm, 5 mm orbit",werkstatt,166,piece,52.0,8632.0,EUR,8632.0,synthetic-spend-HR.csv,True,direct
TXN-002241,HR,2026-01,2026-01-18,WLF-1008,sup-aster,3M,Paint cup for compressed-air spray gun,lack,160,piece,100.96,16153.6,EUR,16153.6,synthetic-spend-HR.csv,True,direct
TXN-002242,HR,2026-02,2026-02-07,WLF-1008,sup-aster,3M,Paint cup for compressed-air spray gun,lack,292,piece,100.96,29480.32,EUR,29480.32,synthetic-spend-HR.csv,True,direct
TXN-002243,HR,2026-03,2026-03-26,WLF-1008,sup-aster,3M,Paint cup for compressed-air spray gun,lack,219,piece,100.96,22110.24,EUR,22110.24,synthetic-spend-HR.csv,True,direct
TXN-002244,HR,2026-04,2026-04-17,WLF-1008,sup-aster,3M,Paint cup for compressed-air spray gun,lack,272,piece,100.96,27461.12,EUR,27461.12,synthetic-spend-HR.csv,True,direct
TXN-002245,HR,2026-05,2026-05-28,WLF-1008,sup-aster,3M,Paint cup for compressed-air spray gun,lack,206,piece,100.96,20797.76,EUR,20797.76,synthetic-spend-HR.csv,True,direct
TXN-002246,HR,2026-06,2026-06-24,WLF-1008,sup-aster,3M,Paint cup for compressed-air spray gun,lack,90,piece,100.96,9086.4,EUR,9086.4,synthetic-spend-HR.csv,True,direct
TXN-002247,HR,2026-07,2026-07-02,WLF-1008,sup-aster,3M,Paint cup for compressed-air spray gun,lack,133,piece,100.96,13427.68,EUR,13427.68,synthetic-spend-HR.csv,True,direct
TXN-002248,HR,2026-08,2026-08-05,WLF-1008,sup-aster,3M,Paint cup for compressed-air spray gun,lack,235,piece,100.96,23725.6,EUR,23725.6,synthetic-spend-HR.csv,True,direct
TXN-002249,HR,2026-01,2026-01-22,WLF-1009,sup-velora,Glasurit (BASF),"Sanding discs 150 mm, intermediate",schleif,146,piece,56.82,8295.72,EUR,8295.72,synthetic-spend-HR.csv,True,indirect
TXN-002250,HR,2026-02,2026-02-05,WLF-1009,sup-velora,Glasurit (BASF),"Sanding discs 150 mm, intermediate",schleif,51,piece,56.82,2897.82,EUR,2897.82,synthetic-spend-HR.csv,True,indirect
TXN-002251,HR,2026-03,2026-03-10,WLF-1009,sup-velora,Glasurit (BASF),"Sanding discs 150 mm, intermediate",schleif,117,piece,56.82,6647.94,EUR,6647.94,synthetic-spend-HR.csv,True,indirect
TXN-002252,HR,2026-04,2026-04-08,WLF-1009,sup-velora,Glasurit (BASF),"Sanding discs 150 mm, intermediate",schleif,27,piece,56.82,1534.14,EUR,1534.14,synthetic-spend-HR.csv,True,indirect
TXN-002253,HR,2026-05,2026-05-02,WLF-1009,sup-velora,Glasurit (BASF),"Sanding discs 150 mm, intermediate",schleif,73,piece,56.82,4147.86,EUR,4147.86,synthetic-spend-HR.csv,True,indirect
TXN-002254,HR,2026-06,2026-06-22,WLF-1009,sup-velora,Glasurit (BASF),"Sanding discs 150 mm, intermediate",schleif,39,piece,56.82,2215.98,EUR,2215.98,synthetic-spend-HR.csv,True,indirect
TXN-002255,HR,2026-07,2026-07-20,WLF-1009,sup-velora,Glasurit (BASF),"Sanding discs 150 mm, intermediate",schleif,325,piece,56.82,18466.5,EUR,18466.5,synthetic-spend-HR.csv,True,indirect
TXN-002256,HR,2026-08,2026-08-24,WLF-1009,sup-velora,Glasurit (BASF),"Sanding discs 150 mm, intermediate",schleif,238,piece,56.82,13523.16,EUR,13523.16,synthetic-spend-HR.csv,True,indirect
TXN-002257,HR,2026-01,2026-01-26,WLF-1010,sup-lumen,Finixa,Fine-line tape,kleb,198,piece,17.22,3409.56,EUR,3409.56,synthetic-spend-HR.csv,True,direct
TXN-002258,HR,2026-02,2026-02-03,WLF-1010,sup-lumen,Finixa,Fine-line tape,kleb,178,piece,17.22,3065.16,EUR,3065.16,synthetic-spend-HR.csv,True,direct
TXN-002259,HR,2026-03,2026-03-01,WLF-1010,sup-lumen,Finixa,Fine-line tape,kleb,254,piece,17.22,4373.88,EUR,4373.88,synthetic-spend-HR.csv,True,direct
TXN-002260,HR,2026-04,2026-04-28,WLF-1010,sup-lumen,Finixa,Fine-line tape,kleb,77,piece,17.22,1325.94,EUR,1325.94,synthetic-spend-HR.csv,True,direct
TXN-002261,HR,2026-05,2026-05-15,WLF-1010,sup-lumen,Finixa,Fine-line tape,kleb,240,piece,17.22,4132.8,EUR,4132.8,synthetic-spend-HR.csv,True,direct
TXN-002262,HR,2026-06,2026-06-05,WLF-1010,sup-lumen,Finixa,Fine-line tape,kleb,215,piece,17.22,3702.3,EUR,3702.3,synthetic-spend-HR.csv,True,direct
TXN-002263,HR,2026-07,2026-07-05,WLF-1010,sup-lumen,Finixa,Fine-line tape,kleb,265,piece,17.22,4563.3,EUR,4563.3,synthetic-spend-HR.csv,True,direct
TXN-002264,HR,2026-08,2026-08-27,WLF-1010,sup-lumen,Finixa,Fine-line tape,kleb,74,piece,17.22,1274.28,EUR,1274.28,synthetic-spend-HR.csv,True,direct
TXN-002265,HR,2026-01,2026-01-17,WLF-1011,sup-novex,Mirka,Polish (fine / anti-hologram),polier,127,piece,12.9,1638.3,EUR,1638.3,synthetic-spend-HR.csv,True,direct
TXN-002266,HR,2026-02,2026-02-25,WLF-1011,sup-novex,Mirka,Polish (fine / anti-hologram),polier,170,piece,12.9,2193.0,EUR,2193.0,synthetic-spend-HR.csv,True,direct
TXN-002267,HR,2026-03,2026-03-04,WLF-1011,sup-novex,Mirka,Polish (fine / anti-hologram),polier,259,piece,12.9,3341.1,EUR,3341.1,synthetic-spend-HR.csv,True,direct
TXN-002268,HR,2026-04,2026-04-03,WLF-1011,sup-novex,Mirka,Polish (fine / anti-hologram),polier,151,piece,12.9,1947.9,EUR,1947.9,synthetic-spend-HR.csv,True,direct
TXN-002269,HR,2026-05,2026-05-18,WLF-1011,sup-novex,Mirka,Polish (fine / anti-hologram),polier,296,piece,12.9,3818.4,EUR,3818.4,synthetic-spend-HR.csv,True,direct
TXN-002270,HR,2026-06,2026-06-23,WLF-1011,sup-novex,Mirka,Polish (fine / anti-hologram),polier,55,piece,12.9,709.5,EUR,709.5,synthetic-spend-HR.csv,True,direct
TXN-002271,HR,2026-07,2026-07-15,WLF-1011,sup-novex,Mirka,Polish (fine / anti-hologram),polier,122,piece,12.9,1573.8,EUR,1573.8,synthetic-spend-HR.csv,True,direct
TXN-002272,HR,2026-08,2026-08-14,WLF-1011,sup-novex,Mirka,Polish (fine / anti-hologram),polier,294,piece,12.9,3792.6,EUR,3792.6,synthetic-spend-HR.csv,True,direct
TXN-002273,HR,2026-01,2026-01-21,WLF-1012,sup-arcus,SATA,Water-based silicone remover,kabine,44,piece,30.98,1363.12,EUR,1363.12,synthetic-spend-HR.csv,True,indirect
TXN-002274,HR,2026-02,2026-02-27,WLF-1012,sup-arcus,SATA,Water-based silicone remover,kabine,311,piece,30.98,9634.78,EUR,9634.78,synthetic-spend-HR.csv,True,indirect
TXN-002275,HR,2026-03,2026-03-08,WLF-1012,sup-arcus,SATA,Water-based silicone remover,kabine,268,piece,30.98,8302.64,EUR,8302.64,synthetic-spend-HR.csv,True,indirect
TXN-002276,HR,2026-04,2026-04-09,WLF-1012,sup-arcus,SATA,Water-based silicone remover,kabine,189,piece,30.98,5855.22,EUR,5855.22,synthetic-spend-HR.csv,True,indirect
TXN-002277,HR,2026-05,2026-05-16,WLF-1012,sup-arcus,SATA,Water-based silicone remover,kabine,28,piece,30.98,867.44,EUR,867.44,synthetic-spend-HR.csv,True,indirect
TXN-002278,HR,2026-06,2026-06-14,WLF-1012,sup-arcus,SATA,Water-based silicone remover,kabine,82,piece,30.98,2540.36,EUR,2540.36,synthetic-spend-HR.csv,True,indirect
TXN-002279,HR,2026-07,2026-07-18,WLF-1012,sup-arcus,SATA,Water-based silicone remover,kabine,209,piece,30.98,6474.82,EUR,6474.82,synthetic-spend-HR.csv,True,indirect
TXN-002280,HR,2026-08,2026-08-16,WLF-1012,sup-arcus,SATA,Water-based silicone remover,kabine,184,piece,30.98,5700.32,EUR,5700.32,synthetic-spend-HR.csv,True,indirect
TXN-002281,HR,2026-01,2026-01-24,WLF-1013,sup-cobalt,tesa,A2 filter cartridges,psa,181,piece,7.95,1438.95,EUR,1438.95,synthetic-spend-HR.csv,True,direct
TXN-002282,HR,2026-02,2026-02-28,WLF-1013,sup-cobalt,tesa,A2 filter cartridges,psa,99,piece,7.95,787.05,EUR,787.05,synthetic-spend-HR.csv,True,direct
TXN-002283,HR,2026-03,2026-03-12,WLF-1013,sup-cobalt,tesa,A2 filter cartridges,psa,127,piece,7.95,1009.65,EUR,1009.65,synthetic-spend-HR.csv,True,direct
TXN-002284,HR,2026-04,2026-04-15,WLF-1013,sup-cobalt,tesa,A2 filter cartridges,psa,255,piece,7.95,2027.25,EUR,2027.25,synthetic-spend-HR.csv,True,direct
TXN-002285,HR,2026-05,2026-05-05,WLF-1013,sup-cobalt,tesa,A2 filter cartridges,psa,154,piece,7.95,1224.3,EUR,1224.3,synthetic-spend-HR.csv,True,direct
TXN-002286,HR,2026-06,2026-06-09,WLF-1013,sup-cobalt,tesa,A2 filter cartridges,psa,214,piece,7.95,1701.3,EUR,1701.3,synthetic-spend-HR.csv,True,direct
TXN-002287,HR,2026-07,2026-07-01,WLF-1013,sup-cobalt,tesa,A2 filter cartridges,psa,124,piece,7.95,985.8,EUR,985.8,synthetic-spend-HR.csv,True,direct
TXN-002288,HR,2026-08,2026-08-12,WLF-1013,sup-cobalt,tesa,A2 filter cartridges,psa,293,piece,7.95,2329.35,EUR,2329.35,synthetic-spend-HR.csv,True,direct
TXN-002289,HR,2026-01,2026-01-24,WLF-1014,sup-solis,PPG / Nexa,Random orbital sander 77 mm,werkstatt,265,piece,46.32,12274.8,EUR,12274.8,synthetic-spend-HR.csv,True,direct
TXN-002290,HR,2026-02,2026-02-06,WLF-1014,sup-solis,PPG / Nexa,Random orbital sander 77 mm,werkstatt,173,piece,46.32,8013.36,EUR,8013.36,synthetic-spend-HR.csv,True,direct
TXN-002291,HR,2026-03,2026-03-13,WLF-1014,sup-solis,PPG / Nexa,Random orbital sander 77 mm,werkstatt,231,piece,46.32,10699.92,EUR,10699.92,synthetic-spend-HR.csv,True,direct
TXN-002292,HR,2026-04,2026-04-13,WLF-1014,sup-solis,PPG / Nexa,Random orbital sander 77 mm,werkstatt,115,piece,46.32,5326.8,EUR,5326.8,synthetic-spend-HR.csv,True,direct
TXN-002293,HR,2026-05,2026-05-12,WLF-1014,sup-solis,PPG / Nexa,Random orbital sander 77 mm,werkstatt,162,piece,46.32,7503.84,EUR,7503.84,synthetic-spend-HR.csv,True,direct
TXN-002294,HR,2026-06,2026-06-08,WLF-1014,sup-solis,PPG / Nexa,Random orbital sander 77 mm,werkstatt,201,piece,46.32,9310.32,EUR,9310.32,synthetic-spend-HR.csv,True,direct
TXN-002295,HR,2026-07,2026-07-16,WLF-1014,sup-solis,PPG / Nexa,Random orbital sander 77 mm,werkstatt,271,piece,46.32,12552.72,EUR,12552.72,synthetic-spend-HR.csv,True,direct
TXN-002296,HR,2026-08,2026-08-18,WLF-1014,sup-solis,PPG / Nexa,Random orbital sander 77 mm,werkstatt,62,piece,46.32,2871.84,EUR,2871.84,synthetic-spend-HR.csv,True,direct
TXN-002297,HR,2026-01,2026-01-26,WLF-1015,sup-orbit,Würth,Paint strainers 125 µ / 200 µ,lack,299,piece,80.88,24183.12,EUR,24183.12,synthetic-spend-HR.csv,True,indirect
TXN-002298,HR,2026-02,2026-02-28,WLF-1015,sup-orbit,Würth,Paint strainers 125 µ / 200 µ,lack,236,piece,80.88,19087.68,EUR,19087.68,synthetic-spend-HR.csv,True,indirect
TXN-002299,HR,2026-03,2026-03-21,WLF-1015,sup-orbit,Würth,Paint strainers 125 µ / 200 µ,lack,199,piece,80.88,16095.12,EUR,16095.12,synthetic-spend-HR.csv,True,indirect
TXN-002300,HR,2026-04,2026-04-12,WLF-1015,sup-orbit,Würth,Paint strainers 125 µ / 200 µ,lack,26,piece,80.88,2102.88,EUR,2102.88,synthetic-spend-HR.csv,True,indirect
TXN-002301,HR,2026-05,2026-05-15,WLF-1015,sup-orbit,Würth,Paint strainers 125 µ / 200 µ,lack,146,piece,80.88,11808.48,EUR,11808.48,synthetic-spend-HR.csv,True,indirect
TXN-002302,HR,2026-06,2026-06-09,WLF-1015,sup-orbit,Würth,Paint strainers 125 µ / 200 µ,lack,247,piece,80.88,19977.36,EUR,19977.36,synthetic-spend-HR.csv,True,indirect
TXN-002303,HR,2026-07,2026-07-17,WLF-1015,sup-orbit,Würth,Paint strainers 125 µ / 200 µ,lack,181,piece,80.88,14639.28,EUR,14639.28,synthetic-spend-HR.csv,True,indirect
TXN-002304,HR,2026-08,2026-08-05,WLF-1015,sup-orbit,Würth,Paint strainers 125 µ / 200 µ,lack,157,piece,80.88,12698.16,EUR,12698.16,synthetic-spend-HR.csv,True,indirect
TXN-002305,HR,2026-01,2026-01-11,WLF-1016,sup-helio,Kovax,"Sanding discs 150 mm, fine",schleif,45,piece,62.61,2817.45,EUR,2817.45,synthetic-spend-HR.csv,True,direct
TXN-002306,HR,2026-02,2026-02-14,WLF-1016,sup-helio,Kovax,"Sanding discs 150 mm, fine",schleif,246,piece,62.61,15402.06,EUR,15402.06,synthetic-spend-HR.csv,True,direct
TXN-002307,HR,2026-03,2026-03-03,WLF-1016,sup-helio,Kovax,"Sanding discs 150 mm, fine",schleif,256,piece,62.61,16028.16,EUR,16028.16,synthetic-spend-HR.csv,True,direct
TXN-002308,HR,2026-04,2026-04-27,WLF-1016,sup-helio,Kovax,"Sanding discs 150 mm, fine",schleif,34,piece,62.61,2128.74,EUR,2128.74,synthetic-spend-HR.csv,True,direct
TXN-002309,HR,2026-05,2026-05-03,WLF-1016,sup-helio,Kovax,"Sanding discs 150 mm, fine",schleif,206,piece,62.61,12897.66,EUR,12897.66,synthetic-spend-HR.csv,True,direct
TXN-002310,HR,2026-06,2026-06-07,WLF-1016,sup-helio,Kovax,"Sanding discs 150 mm, fine",schleif,316,piece,62.61,19784.76,EUR,19784.76,synthetic-spend-HR.csv,True,direct
TXN-002311,HR,2026-07,2026-07-06,WLF-1016,sup-helio,Kovax,"Sanding discs 150 mm, fine",schleif,213,piece,62.61,13335.93,EUR,13335.93,synthetic-spend-HR.csv,True,direct
TXN-002312,HR,2026-08,2026-08-27,WLF-1016,sup-helio,Kovax,"Sanding discs 150 mm, fine",schleif,57,piece,62.61,3568.77,EUR,3568.77,synthetic-spend-HR.csv,True,direct
TXN-002313,HR,2026-01,2026-01-28,WLF-1017,sup-vanta,Starcke,Contour tape,kleb,39,piece,13.52,527.28,EUR,527.28,synthetic-spend-HR.csv,False,direct
TXN-002314,HR,2026-02,2026-02-15,WLF-1017,sup-vanta,Starcke,Contour tape,kleb,146,piece,13.52,1973.92,EUR,1973.92,synthetic-spend-HR.csv,False,direct
TXN-002315,HR,2026-03,2026-03-10,WLF-1017,sup-vanta,Starcke,Contour tape,kleb,130,piece,13.52,1757.6,EUR,1757.6,synthetic-spend-HR.csv,False,direct
TXN-002316,HR,2026-04,2026-04-26,WLF-1017,sup-vanta,Starcke,Contour tape,kleb,229,piece,13.52,3096.08,EUR,3096.08,synthetic-spend-HR.csv,False,direct
TXN-002317,HR,2026-05,2026-05-07,WLF-1017,sup-vanta,Starcke,Contour tape,kleb,30,piece,13.52,405.6,EUR,405.6,synthetic-spend-HR.csv,False,direct
TXN-002318,HR,2026-06,2026-06-23,WLF-1017,sup-vanta,Starcke,Contour tape,kleb,30,piece,13.52,405.6,EUR,405.6,synthetic-spend-HR.csv,False,direct
TXN-002319,HR,2026-07,2026-07-04,WLF-1017,sup-vanta,Starcke,Contour tape,kleb,153,piece,13.52,2068.56,EUR,2068.56,synthetic-spend-HR.csv,False,direct
TXN-002320,HR,2026-08,2026-08-06,WLF-1017,sup-vanta,Starcke,Contour tape,kleb,75,piece,13.52,1014.0,EUR,1014.0,synthetic-spend-HR.csv,False,direct
TXN-002321,HR,2026-01,2026-01-27,WLF-1018,sup-aster,3M,One-step cutting and polishing compound,polier,265,piece,28.18,7467.7,EUR,7467.7,synthetic-spend-HR.csv,False,indirect
TXN-002322,HR,2026-02,2026-02-23,WLF-1018,sup-aster,3M,One-step cutting and polishing compound,polier,271,piece,28.18,7636.78,EUR,7636.78,synthetic-spend-HR.csv,False,indirect
TXN-002323,HR,2026-03,2026-03-14,WLF-1018,sup-aster,3M,One-step cutting and polishing compound,polier,30,piece,28.18,845.4,EUR,845.4,synthetic-spend-HR.csv,False,indirect
TXN-002324,HR,2026-04,2026-04-20,WLF-1018,sup-aster,3M,One-step cutting and polishing compound,polier,283,piece,28.18,7974.94,EUR,7974.94,synthetic-spend-HR.csv,False,indirect
TXN-002325,HR,2026-05,2026-05-15,WLF-1018,sup-aster,3M,One-step cutting and polishing compound,polier,58,piece,28.18,1634.44,EUR,1634.44,synthetic-spend-HR.csv,False,indirect
TXN-002326,HR,2026-06,2026-06-22,WLF-1018,sup-aster,3M,One-step cutting and polishing compound,polier,274,piece,28.18,7721.32,EUR,7721.32,synthetic-spend-HR.csv,False,indirect
TXN-002327,HR,2026-07,2026-07-21,WLF-1018,sup-aster,3M,One-step cutting and polishing compound,polier,238,piece,28.18,6706.84,EUR,6706.84,synthetic-spend-HR.csv,False,indirect
TXN-002328,HR,2026-08,2026-08-13,WLF-1018,sup-aster,3M,One-step cutting and polishing compound,polier,147,piece,28.18,4142.46,EUR,4142.46,synthetic-spend-HR.csv,False,indirect
TXN-002329,HR,2026-01,2026-01-19,WLF-1019,sup-velora,Glasurit (BASF),Pre-saturated cleaning wipes,kabine,132,piece,50.62,6681.84,EUR,6681.84,synthetic-spend-HR.csv,False,direct
TXN-002330,HR,2026-02,2026-02-14,WLF-1019,sup-velora,Glasurit (BASF),Pre-saturated cleaning wipes,kabine,163,piece,50.62,8251.06,EUR,8251.06,synthetic-spend-HR.csv,False,direct
TXN-002331,HR,2026-03,2026-03-17,WLF-1019,sup-velora,Glasurit (BASF),Pre-saturated cleaning wipes,kabine,112,piece,50.62,5669.44,EUR,5669.44,synthetic-spend-HR.csv,False,direct
TXN-002332,HR,2026-04,2026-04-19,WLF-1019,sup-velora,Glasurit (BASF),Pre-saturated cleaning wipes,kabine,313,piece,50.62,15844.06,EUR,15844.06,synthetic-spend-HR.csv,False,direct
TXN-002333,HR,2026-05,2026-05-13,WLF-1019,sup-velora,Glasurit (BASF),Pre-saturated cleaning wipes,kabine,133,piece,50.62,6732.46,EUR,6732.46,synthetic-spend-HR.csv,False,direct
TXN-002334,HR,2026-06,2026-06-14,WLF-1019,sup-velora,Glasurit (BASF),Pre-saturated cleaning wipes,kabine,219,piece,50.62,11085.78,EUR,11085.78,synthetic-spend-HR.csv,False,direct
TXN-002335,HR,2026-07,2026-07-13,WLF-1019,sup-velora,Glasurit (BASF),Pre-saturated cleaning wipes,kabine,64,piece,50.62,3239.68,EUR,3239.68,synthetic-spend-HR.csv,False,direct
TXN-002336,HR,2026-08,2026-08-01,WLF-1019,sup-velora,Glasurit (BASF),Pre-saturated cleaning wipes,kabine,133,piece,50.62,6732.46,EUR,6732.46,synthetic-spend-HR.csv,False,direct
TXN-002337,HR,2026-01,2026-01-24,WLF-1020,sup-lumen,Finixa,P3 particulate filters,psa,27,piece,20.78,561.06,EUR,561.06,synthetic-spend-HR.csv,False,direct
TXN-002338,HR,2026-02,2026-02-23,WLF-1020,sup-lumen,Finixa,P3 particulate filters,psa,235,piece,20.78,4883.3,EUR,4883.3,synthetic-spend-HR.csv,False,direct
TXN-002339,HR,2026-03,2026-03-07,WLF-1020,sup-lumen,Finixa,P3 particulate filters,psa,78,piece,20.78,1620.84,EUR,1620.84,synthetic-spend-HR.csv,False,direct
TXN-002340,HR,2026-04,2026-04-04,WLF-1020,sup-lumen,Finixa,P3 particulate filters,psa,166,piece,20.78,3449.48,EUR,3449.48,synthetic-spend-HR.csv,False,direct
TXN-002341,HR,2026-05,2026-05-07,WLF-1020,sup-lumen,Finixa,P3 particulate filters,psa,274,piece,20.78,5693.72,EUR,5693.72,synthetic-spend-HR.csv,False,direct
TXN-002342,HR,2026-06,2026-06-24,WLF-1020,sup-lumen,Finixa,P3 particulate filters,psa,138,piece,20.78,2867.64,EUR,2867.64,synthetic-spend-HR.csv,False,direct
TXN-002343,HR,2026-07,2026-07-18,WLF-1020,sup-lumen,Finixa,P3 particulate filters,psa,168,piece,20.78,3491.04,EUR,3491.04,synthetic-spend-HR.csv,False,direct
TXN-002344,HR,2026-08,2026-08-13,WLF-1020,sup-lumen,Finixa,P3 particulate filters,psa,285,piece,20.78,5922.3,EUR,5922.3,synthetic-spend-HR.csv,False,direct
TXN-002345,HR,2026-01,2026-01-09,WLF-1021,sup-novex,Mirka,Electric random orbital sander 150 mm,werkstatt,79,piece,18.45,1457.55,EUR,1457.55,synthetic-spend-HR.csv,False,indirect
TXN-002346,HR,2026-02,2026-02-19,WLF-1021,sup-novex,Mirka,Electric random orbital sander 150 mm,werkstatt,243,piece,18.45,4483.35,EUR,4483.35,synthetic-spend-HR.csv,False,indirect
TXN-002347,HR,2026-03,2026-03-11,WLF-1021,sup-novex,Mirka,Electric random orbital sander 150 mm,werkstatt,48,piece,18.45,885.6,EUR,885.6,synthetic-spend-HR.csv,False,indirect
TXN-002348,HR,2026-04,2026-04-04,WLF-1021,sup-novex,Mirka,Electric random orbital sander 150 mm,werkstatt,86,piece,18.45,1586.7,EUR,1586.7,synthetic-spend-HR.csv,False,indirect
TXN-002349,HR,2026-05,2026-05-10,WLF-1021,sup-novex,Mirka,Electric random orbital sander 150 mm,werkstatt,218,piece,18.45,4022.1,EUR,4022.1,synthetic-spend-HR.csv,False,indirect
TXN-002350,HR,2026-06,2026-06-03,WLF-1021,sup-novex,Mirka,Electric random orbital sander 150 mm,werkstatt,205,piece,18.45,3782.25,EUR,3782.25,synthetic-spend-HR.csv,False,indirect
TXN-002351,HR,2026-07,2026-07-04,WLF-1021,sup-novex,Mirka,Electric random orbital sander 150 mm,werkstatt,78,piece,18.45,1439.1,EUR,1439.1,synthetic-spend-HR.csv,False,indirect
TXN-002352,HR,2026-08,2026-08-17,WLF-1021,sup-novex,Mirka,Electric random orbital sander 150 mm,werkstatt,252,piece,18.45,4649.4,EUR,4649.4,synthetic-spend-HR.csv,False,indirect
TXN-002353,RO,2026-01,2026-01-27,WLF-1001,sup-arcus,SATA,Graduated mixing cup,lack,116,piece,37.82,4387.12,RON,22286.57,synthetic-spend-RO.csv,True,direct
TXN-002354,RO,2026-02,2026-02-25,WLF-1001,sup-arcus,SATA,Graduated mixing cup,lack,183,piece,37.82,6921.06,RON,35158.98,synthetic-spend-RO.csv,True,direct
TXN-002355,RO,2026-03,2026-03-22,WLF-1001,sup-arcus,SATA,Graduated mixing cup,lack,82,piece,37.82,3101.24,RON,15754.3,synthetic-spend-RO.csv,True,direct
TXN-002356,RO,2026-04,2026-04-13,WLF-1001,sup-arcus,SATA,Graduated mixing cup,lack,299,piece,37.82,11308.18,RON,57445.55,synthetic-spend-RO.csv,True,direct
TXN-002357,RO,2026-05,2026-05-21,WLF-1001,sup-arcus,SATA,Graduated mixing cup,lack,124,piece,37.82,4689.68,RON,23823.57,synthetic-spend-RO.csv,True,direct
TXN-002358,RO,2026-06,2026-06-14,WLF-1001,sup-arcus,SATA,Graduated mixing cup,lack,136,piece,37.82,5143.52,RON,26129.08,synthetic-spend-RO.csv,True,direct
TXN-002359,RO,2026-07,2026-07-10,WLF-1001,sup-arcus,SATA,Graduated mixing cup,lack,211,piece,37.82,7980.02,RON,40538.5,synthetic-spend-RO.csv,True,direct
TXN-002360,RO,2026-08,2026-08-14,WLF-1001,sup-arcus,SATA,Graduated mixing cup,lack,31,piece,37.82,1172.42,RON,5955.89,synthetic-spend-RO.csv,True,direct
TXN-002361,RO,2026-01,2026-01-03,WLF-1002,sup-cobalt,tesa,"Sanding discs 150 mm, coarse",schleif,273,piece,115.14,31433.22,RON,159680.76,synthetic-spend-RO.csv,True,indirect
TXN-002362,RO,2026-02,2026-02-15,WLF-1002,sup-cobalt,tesa,"Sanding discs 150 mm, coarse",schleif,269,piece,115.14,30972.66,RON,157341.11,synthetic-spend-RO.csv,True,indirect
TXN-002363,RO,2026-03,2026-03-21,WLF-1002,sup-cobalt,tesa,"Sanding discs 150 mm, coarse",schleif,329,piece,115.14,37881.06,RON,192435.78,synthetic-spend-RO.csv,True,indirect
TXN-002364,RO,2026-04,2026-04-15,WLF-1002,sup-cobalt,tesa,"Sanding discs 150 mm, coarse",schleif,166,piece,115.14,19113.24,RON,97095.26,synthetic-spend-RO.csv,True,indirect
TXN-002365,RO,2026-05,2026-05-24,WLF-1002,sup-cobalt,tesa,"Sanding discs 150 mm, coarse",schleif,209,piece,115.14,24064.26,RON,122246.44,synthetic-spend-RO.csv,True,indirect
TXN-002366,RO,2026-06,2026-06-17,WLF-1002,sup-cobalt,tesa,"Sanding discs 150 mm, coarse",schleif,37,piece,115.14,4260.18,RON,21641.71,synthetic-spend-RO.csv,True,indirect
TXN-002367,RO,2026-07,2026-07-10,WLF-1002,sup-cobalt,tesa,"Sanding discs 150 mm, coarse",schleif,209,piece,115.14,24064.26,RON,122246.44,synthetic-spend-RO.csv,True,indirect
TXN-002368,RO,2026-08,2026-08-18,WLF-1002,sup-cobalt,tesa,"Sanding discs 150 mm, coarse",schleif,151,piece,115.14,17386.14,RON,88321.59,synthetic-spend-RO.csv,True,indirect
TXN-002369,RO,2026-01,2026-01-11,WLF-1003,sup-solis,PPG / Nexa,Standard masking tape,kleb,139,piece,28.34,3939.26,RON,20011.44,synthetic-spend-RO.csv,True,direct
TXN-002370,RO,2026-02,2026-02-01,WLF-1003,sup-solis,PPG / Nexa,Standard masking tape,kleb,174,piece,28.34,4931.16,RON,25050.29,synthetic-spend-RO.csv,True,direct
TXN-002371,RO,2026-03,2026-03-13,WLF-1003,sup-solis,PPG / Nexa,Standard masking tape,kleb,300,piece,28.34,8502.0,RON,43190.16,synthetic-spend-RO.csv,True,direct
TXN-002372,RO,2026-04,2026-04-24,WLF-1003,sup-solis,PPG / Nexa,Standard masking tape,kleb,267,piece,28.34,7566.78,RON,38439.24,synthetic-spend-RO.csv,True,direct
TXN-002373,RO,2026-05,2026-05-24,WLF-1003,sup-solis,PPG / Nexa,Standard masking tape,kleb,182,piece,28.34,5157.88,RON,26202.03,synthetic-spend-RO.csv,True,direct
TXN-002374,RO,2026-06,2026-06-13,WLF-1003,sup-solis,PPG / Nexa,Standard masking tape,kleb,275,piece,28.34,7793.5,RON,39590.98,synthetic-spend-RO.csv,True,direct
TXN-002375,RO,2026-07,2026-07-27,WLF-1003,sup-solis,PPG / Nexa,Standard masking tape,kleb,142,piece,28.34,4024.28,RON,20443.34,synthetic-spend-RO.csv,True,direct
TXN-002376,RO,2026-08,2026-08-19,WLF-1003,sup-solis,PPG / Nexa,Standard masking tape,kleb,289,piece,28.34,8190.26,RON,41606.52,synthetic-spend-RO.csv,True,direct
TXN-002377,RO,2026-01,2026-01-25,WLF-1004,sup-orbit,Würth,Cutting compound (coarse/medium),polier,281,piece,17.65,4959.65,RON,25195.02,synthetic-spend-RO.csv,True,direct
TXN-002378,RO,2026-02,2026-02-05,WLF-1004,sup-orbit,Würth,Cutting compound (coarse/medium),polier,152,piece,17.65,2682.8,RON,13628.62,synthetic-spend-RO.csv,True,direct
TXN-002379,RO,2026-03,2026-03-02,WLF-1004,sup-orbit,Würth,Cutting compound (coarse/medium),polier,94,piece,17.65,1659.1,RON,8428.23,synthetic-spend-RO.csv,True,direct
TXN-002380,RO,2026-04,2026-04-17,WLF-1004,sup-orbit,Würth,Cutting compound (coarse/medium),polier,108,piece,17.65,1906.2,RON,9683.5,synthetic-spend-RO.csv,True,direct
TXN-002381,RO,2026-05,2026-05-28,WLF-1004,sup-orbit,Würth,Cutting compound (coarse/medium),polier,270,piece,17.65,4765.5,RON,24208.74,synthetic-spend-RO.csv,True,direct
TXN-002382,RO,2026-06,2026-06-25,WLF-1004,sup-orbit,Würth,Cutting compound (coarse/medium),polier,139,piece,17.65,2453.35,RON,12463.02,synthetic-spend-RO.csv,True,direct
TXN-002383,RO,2026-07,2026-07-11,WLF-1004,sup-orbit,Würth,Cutting compound (coarse/medium),polier,77,piece,17.65,1359.05,RON,6903.97,synthetic-spend-RO.csv,True,direct
TXN-002384,RO,2026-08,2026-08-14,WLF-1004,sup-orbit,Würth,Cutting compound (coarse/medium),polier,209,piece,17.65,3688.85,RON,18739.36,synthetic-spend-RO.csv,True,direct
TXN-002385,RO,2026-01,2026-01-19,WLF-1005,sup-helio,Kovax,Solvent-based silicone remover,kabine,272,piece,39.41,10719.52,RON,54455.16,synthetic-spend-RO.csv,True,indirect
TXN-002386,RO,2026-02,2026-02-20,WLF-1005,sup-helio,Kovax,Solvent-based silicone remover,kabine,78,piece,39.41,3073.98,RON,15615.82,synthetic-spend-RO.csv,True,indirect
TXN-002387,RO,2026-03,2026-03-27,WLF-1005,sup-helio,Kovax,Solvent-based silicone remover,kabine,323,piece,39.41,12729.43,RON,64665.5,synthetic-spend-RO.csv,True,indirect
TXN-002388,RO,2026-04,2026-04-09,WLF-1005,sup-helio,Kovax,Solvent-based silicone remover,kabine,37,piece,39.41,1458.17,RON,7407.5,synthetic-spend-RO.csv,True,indirect
TXN-002389,RO,2026-05,2026-05-07,WLF-1005,sup-helio,Kovax,Solvent-based silicone remover,kabine,278,piece,39.41,10955.98,RON,55656.38,synthetic-spend-RO.csv,True,indirect
TXN-002390,RO,2026-06,2026-06-28,WLF-1005,sup-helio,Kovax,Solvent-based silicone remover,kabine,152,piece,39.41,5990.32,RON,30430.83,synthetic-spend-RO.csv,True,indirect
TXN-002391,RO,2026-07,2026-07-23,WLF-1005,sup-helio,Kovax,Solvent-based silicone remover,kabine,105,piece,39.41,4138.05,RON,21021.29,synthetic-spend-RO.csv,True,indirect
TXN-002392,RO,2026-08,2026-08-21,WLF-1005,sup-helio,Kovax,Solvent-based silicone remover,kabine,265,piece,39.41,10443.65,RON,53053.74,synthetic-spend-RO.csv,True,indirect
TXN-002393,RO,2026-01,2026-01-16,WLF-1006,sup-vanta,Starcke,Half mask / spray-painting respirator,psa,325,piece,21.63,7029.75,RON,35711.13,synthetic-spend-RO.csv,True,direct
TXN-002394,RO,2026-02,2026-02-09,WLF-1006,sup-vanta,Starcke,Half mask / spray-painting respirator,psa,273,piece,21.63,5904.99,RON,29997.35,synthetic-spend-RO.csv,True,direct
TXN-002395,RO,2026-03,2026-03-19,WLF-1006,sup-vanta,Starcke,Half mask / spray-painting respirator,psa,132,piece,21.63,2855.16,RON,14504.21,synthetic-spend-RO.csv,True,direct
TXN-002396,RO,2026-04,2026-04-16,WLF-1006,sup-vanta,Starcke,Half mask / spray-painting respirator,psa,297,piece,21.63,6424.11,RON,32634.48,synthetic-spend-RO.csv,True,direct
TXN-002397,RO,2026-05,2026-05-28,WLF-1006,sup-vanta,Starcke,Half mask / spray-painting respirator,psa,281,piece,21.63,6078.03,RON,30876.39,synthetic-spend-RO.csv,True,direct
TXN-002398,RO,2026-06,2026-06-07,WLF-1006,sup-vanta,Starcke,Half mask / spray-painting respirator,psa,167,piece,21.63,3612.21,RON,18350.03,synthetic-spend-RO.csv,True,direct
TXN-002399,RO,2026-07,2026-07-03,WLF-1006,sup-vanta,Starcke,Half mask / spray-painting respirator,psa,131,piece,21.63,2833.53,RON,14394.33,synthetic-spend-RO.csv,True,direct
TXN-002400,RO,2026-08,2026-08-23,WLF-1006,sup-vanta,Starcke,Half mask / spray-painting respirator,psa,211,piece,21.63,4563.93,RON,23184.76,synthetic-spend-RO.csv,True,direct
TXN-002401,RO,2026-01,2026-01-19,WLF-1007,sup-aster,3M,"Random orbital sander 150 mm, 5 mm orbit",werkstatt,129,piece,59.28,7647.12,RON,38847.37,synthetic-spend-RO.csv,True,direct
TXN-002402,RO,2026-02,2026-02-10,WLF-1007,sup-aster,3M,"Random orbital sander 150 mm, 5 mm orbit",werkstatt,163,piece,59.28,9662.64,RON,49086.21,synthetic-spend-RO.csv,True,direct
TXN-002403,RO,2026-03,2026-03-23,WLF-1007,sup-aster,3M,"Random orbital sander 150 mm, 5 mm orbit",werkstatt,98,piece,59.28,5809.44,RON,29511.96,synthetic-spend-RO.csv,True,direct
TXN-002404,RO,2026-04,2026-04-28,WLF-1007,sup-aster,3M,"Random orbital sander 150 mm, 5 mm orbit",werkstatt,323,piece,59.28,19147.44,RON,97269.0,synthetic-spend-RO.csv,True,direct
TXN-002405,RO,2026-05,2026-05-28,WLF-1007,sup-aster,3M,"Random orbital sander 150 mm, 5 mm orbit",werkstatt,300,piece,59.28,17784.0,RON,90342.72,synthetic-spend-RO.csv,True,direct
TXN-002406,RO,2026-06,2026-06-21,WLF-1007,sup-aster,3M,"Random orbital sander 150 mm, 5 mm orbit",werkstatt,28,piece,59.28,1659.84,RON,8431.99,synthetic-spend-RO.csv,True,direct
TXN-002407,RO,2026-07,2026-07-02,WLF-1007,sup-aster,3M,"Random orbital sander 150 mm, 5 mm orbit",werkstatt,29,piece,59.28,1719.12,RON,8733.13,synthetic-spend-RO.csv,True,direct
TXN-002408,RO,2026-08,2026-08-08,WLF-1007,sup-aster,3M,"Random orbital sander 150 mm, 5 mm orbit",werkstatt,179,piece,59.28,10611.12,RON,53904.49,synthetic-spend-RO.csv,True,direct
TXN-002409,RO,2026-01,2026-01-10,WLF-1008,sup-velora,Glasurit (BASF),Paint cup for compressed-air spray gun,lack,280,piece,100.14,28039.2,RON,142439.14,synthetic-spend-RO.csv,True,indirect
TXN-002410,RO,2026-02,2026-02-17,WLF-1008,sup-velora,Glasurit (BASF),Paint cup for compressed-air spray gun,lack,192,piece,100.14,19226.88,RON,97672.55,synthetic-spend-RO.csv,True,indirect
TXN-002411,RO,2026-03,2026-03-12,WLF-1008,sup-velora,Glasurit (BASF),Paint cup for compressed-air spray gun,lack,277,piece,100.14,27738.78,RON,140913.0,synthetic-spend-RO.csv,True,indirect
TXN-002412,RO,2026-04,2026-04-26,WLF-1008,sup-velora,Glasurit (BASF),Paint cup for compressed-air spray gun,lack,180,piece,100.14,18025.2,RON,91568.02,synthetic-spend-RO.csv,True,indirect
TXN-002413,RO,2026-05,2026-05-27,WLF-1008,sup-velora,Glasurit (BASF),Paint cup for compressed-air spray gun,lack,214,piece,100.14,21429.96,RON,108864.2,synthetic-spend-RO.csv,True,indirect
TXN-002414,RO,2026-06,2026-06-28,WLF-1008,sup-velora,Glasurit (BASF),Paint cup for compressed-air spray gun,lack,157,piece,100.14,15721.98,RON,79867.66,synthetic-spend-RO.csv,True,indirect
TXN-002415,RO,2026-07,2026-07-03,WLF-1008,sup-velora,Glasurit (BASF),Paint cup for compressed-air spray gun,lack,257,piece,100.14,25735.98,RON,130738.78,synthetic-spend-RO.csv,True,indirect
TXN-002416,RO,2026-08,2026-08-25,WLF-1008,sup-velora,Glasurit (BASF),Paint cup for compressed-air spray gun,lack,110,piece,100.14,11015.4,RON,55958.23,synthetic-spend-RO.csv,True,indirect
TXN-002417,RO,2026-01,2026-01-12,WLF-1009,sup-lumen,Finixa,"Sanding discs 150 mm, intermediate",schleif,181,piece,56.58,10240.98,RON,52024.18,synthetic-spend-RO.csv,True,direct
TXN-002418,RO,2026-02,2026-02-06,WLF-1009,sup-lumen,Finixa,"Sanding discs 150 mm, intermediate",schleif,106,piece,56.58,5997.48,RON,30467.2,synthetic-spend-RO.csv,True,direct
TXN-002419,RO,2026-03,2026-03-18,WLF-1009,sup-lumen,Finixa,"Sanding discs 150 mm, intermediate",schleif,200,piece,56.58,11316.0,RON,57485.28,synthetic-spend-RO.csv,True,direct
TXN-002420,RO,2026-04,2026-04-12,WLF-1009,sup-lumen,Finixa,"Sanding discs 150 mm, intermediate",schleif,114,piece,56.58,6450.12,RON,32766.61,synthetic-spend-RO.csv,True,direct
TXN-002421,RO,2026-05,2026-05-14,WLF-1009,sup-lumen,Finixa,"Sanding discs 150 mm, intermediate",schleif,172,piece,56.58,9731.76,RON,49437.34,synthetic-spend-RO.csv,True,direct
TXN-002422,RO,2026-06,2026-06-14,WLF-1009,sup-lumen,Finixa,"Sanding discs 150 mm, intermediate",schleif,306,piece,56.58,17313.48,RON,87952.48,synthetic-spend-RO.csv,True,direct
TXN-002423,RO,2026-07,2026-07-10,WLF-1009,sup-lumen,Finixa,"Sanding discs 150 mm, intermediate",schleif,249,piece,56.58,14088.42,RON,71569.17,synthetic-spend-RO.csv,True,direct
TXN-002424,RO,2026-08,2026-08-24,WLF-1009,sup-lumen,Finixa,"Sanding discs 150 mm, intermediate",schleif,279,piece,56.58,15785.82,RON,80191.97,synthetic-spend-RO.csv,True,direct
TXN-002425,RO,2026-01,2026-01-28,WLF-1010,sup-novex,Mirka,Fine-line tape,kleb,236,piece,13.02,3072.72,RON,15609.42,synthetic-spend-RO.csv,True,direct
TXN-002426,RO,2026-02,2026-02-05,WLF-1010,sup-novex,Mirka,Fine-line tape,kleb,297,piece,13.02,3866.94,RON,19644.06,synthetic-spend-RO.csv,True,direct
TXN-002427,RO,2026-03,2026-03-27,WLF-1010,sup-novex,Mirka,Fine-line tape,kleb,76,piece,13.02,989.52,RON,5026.76,synthetic-spend-RO.csv,True,direct
TXN-002428,RO,2026-04,2026-04-22,WLF-1010,sup-novex,Mirka,Fine-line tape,kleb,87,piece,13.02,1132.74,RON,5754.32,synthetic-spend-RO.csv,True,direct
TXN-002429,RO,2026-05,2026-05-24,WLF-1010,sup-novex,Mirka,Fine-line tape,kleb,38,piece,13.02,494.76,RON,2513.38,synthetic-spend-RO.csv,True,direct
TXN-002430,RO,2026-06,2026-06-25,WLF-1010,sup-novex,Mirka,Fine-line tape,kleb,280,piece,13.02,3645.6,RON,18519.65,synthetic-spend-RO.csv,True,direct
TXN-002431,RO,2026-07,2026-07-10,WLF-1010,sup-novex,Mirka,Fine-line tape,kleb,56,piece,13.02,729.12,RON,3703.93,synthetic-spend-RO.csv,True,direct
TXN-002432,RO,2026-08,2026-08-26,WLF-1010,sup-novex,Mirka,Fine-line tape,kleb,163,piece,13.02,2122.26,RON,10781.08,synthetic-spend-RO.csv,True,direct
TXN-002433,RO,2026-01,2026-01-10,WLF-1011,sup-arcus,SATA,Polish (fine / anti-hologram),polier,217,piece,8.7,1887.9,RON,9590.53,synthetic-spend-RO.csv,True,indirect
TXN-002434,RO,2026-02,2026-02-25,WLF-1011,sup-arcus,SATA,Polish (fine / anti-hologram),polier,153,piece,8.7,1331.1,RON,6761.99,synthetic-spend-RO.csv,True,indirect
TXN-002435,RO,2026-03,2026-03-10,WLF-1011,sup-arcus,SATA,Polish (fine / anti-hologram),polier,237,piece,8.7,2061.9,RON,10474.45,synthetic-spend-RO.csv,True,indirect
TXN-002436,RO,2026-04,2026-04-03,WLF-1011,sup-arcus,SATA,Polish (fine / anti-hologram),polier,241,piece,8.7,2096.7,RON,10651.24,synthetic-spend-RO.csv,True,indirect
TXN-002437,RO,2026-05,2026-05-14,WLF-1011,sup-arcus,SATA,Polish (fine / anti-hologram),polier,317,piece,8.7,2757.9,RON,14010.13,synthetic-spend-RO.csv,True,indirect
TXN-002438,RO,2026-06,2026-06-19,WLF-1011,sup-arcus,SATA,Polish (fine / anti-hologram),polier,223,piece,8.7,1940.1,RON,9855.71,synthetic-spend-RO.csv,True,indirect
TXN-002439,RO,2026-07,2026-07-22,WLF-1011,sup-arcus,SATA,Polish (fine / anti-hologram),polier,119,piece,8.7,1035.3,RON,5259.32,synthetic-spend-RO.csv,True,indirect
TXN-002440,RO,2026-08,2026-08-24,WLF-1011,sup-arcus,SATA,Polish (fine / anti-hologram),polier,173,piece,8.7,1505.1,RON,7645.91,synthetic-spend-RO.csv,True,indirect
TXN-002441,RO,2026-01,2026-01-06,WLF-1012,sup-cobalt,tesa,Water-based silicone remover,kabine,197,piece,31.91,6286.27,RON,31934.25,synthetic-spend-RO.csv,True,direct
TXN-002442,RO,2026-02,2026-02-27,WLF-1012,sup-cobalt,tesa,Water-based silicone remover,kabine,217,piece,31.91,6924.47,RON,35176.31,synthetic-spend-RO.csv,True,direct
TXN-002443,RO,2026-03,2026-03-13,WLF-1012,sup-cobalt,tesa,Water-based silicone remover,kabine,96,piece,31.91,3063.36,RON,15561.87,synthetic-spend-RO.csv,True,direct
TXN-002444,RO,2026-04,2026-04-15,WLF-1012,sup-cobalt,tesa,Water-based silicone remover,kabine,321,piece,31.91,10243.11,RON,52035.0,synthetic-spend-RO.csv,True,direct
TXN-002445,RO,2026-05,2026-05-18,WLF-1012,sup-cobalt,tesa,Water-based silicone remover,kabine,305,piece,31.91,9732.55,RON,49441.35,synthetic-spend-RO.csv,True,direct
TXN-002446,RO,2026-06,2026-06-02,WLF-1012,sup-cobalt,tesa,Water-based silicone remover,kabine,114,piece,31.91,3637.74,RON,18479.72,synthetic-spend-RO.csv,True,direct
TXN-002447,RO,2026-07,2026-07-15,WLF-1012,sup-cobalt,tesa,Water-based silicone remover,kabine,252,piece,31.91,8041.32,RON,40849.91,synthetic-spend-RO.csv,True,direct
TXN-002448,RO,2026-08,2026-08-06,WLF-1012,sup-cobalt,tesa,Water-based silicone remover,kabine,271,piece,31.91,8647.61,RON,43929.86,synthetic-spend-RO.csv,True,direct
TXN-002449,RO,2026-01,2026-01-17,WLF-1013,sup-solis,PPG / Nexa,A2 filter cartridges,psa,60,piece,6.23,373.8,RON,1898.9,synthetic-spend-RO.csv,True,direct
TXN-002450,RO,2026-02,2026-02-23,WLF-1013,sup-solis,PPG / Nexa,A2 filter cartridges,psa,322,piece,6.23,2006.06,RON,10190.78,synthetic-spend-RO.csv,True,direct
TXN-002451,RO,2026-03,2026-03-07,WLF-1013,sup-solis,PPG / Nexa,A2 filter cartridges,psa,263,piece,6.23,1638.49,RON,8323.53,synthetic-spend-RO.csv,True,direct
TXN-002452,RO,2026-04,2026-04-27,WLF-1013,sup-solis,PPG / Nexa,A2 filter cartridges,psa,249,piece,6.23,1551.27,RON,7880.45,synthetic-spend-RO.csv,True,direct
TXN-002453,RO,2026-05,2026-05-18,WLF-1013,sup-solis,PPG / Nexa,A2 filter cartridges,psa,218,piece,6.23,1358.14,RON,6899.35,synthetic-spend-RO.csv,True,direct
TXN-002454,RO,2026-06,2026-06-04,WLF-1013,sup-solis,PPG / Nexa,A2 filter cartridges,psa,88,piece,6.23,548.24,RON,2785.06,synthetic-spend-RO.csv,True,direct
TXN-002455,RO,2026-07,2026-07-27,WLF-1013,sup-solis,PPG / Nexa,A2 filter cartridges,psa,268,piece,6.23,1669.64,RON,8481.77,synthetic-spend-RO.csv,True,direct
TXN-002456,RO,2026-08,2026-08-09,WLF-1013,sup-solis,PPG / Nexa,A2 filter cartridges,psa,89,piece,6.23,554.47,RON,2816.71,synthetic-spend-RO.csv,True,direct
TXN-002457,RO,2026-01,2026-01-02,WLF-1014,sup-orbit,Würth,Random orbital sander 77 mm,werkstatt,289,piece,42.32,12230.48,RON,62130.84,synthetic-spend-RO.csv,True,indirect
TXN-002458,RO,2026-02,2026-02-27,WLF-1014,sup-orbit,Würth,Random orbital sander 77 mm,werkstatt,297,piece,42.32,12569.04,RON,63850.72,synthetic-spend-RO.csv,True,indirect
TXN-002459,RO,2026-03,2026-03-16,WLF-1014,sup-orbit,Würth,Random orbital sander 77 mm,werkstatt,327,piece,42.32,13838.64,RON,70300.29,synthetic-spend-RO.csv,True,indirect
TXN-002460,RO,2026-04,2026-04-04,WLF-1014,sup-orbit,Würth,Random orbital sander 77 mm,werkstatt,128,piece,42.32,5416.96,RON,27518.16,synthetic-spend-RO.csv,True,indirect
TXN-002461,RO,2026-05,2026-05-19,WLF-1014,sup-orbit,Würth,Random orbital sander 77 mm,werkstatt,218,piece,42.32,9225.76,RON,46866.86,synthetic-spend-RO.csv,True,indirect
TXN-002462,RO,2026-06,2026-06-26,WLF-1014,sup-orbit,Würth,Random orbital sander 77 mm,werkstatt,33,piece,42.32,1396.56,RON,7094.52,synthetic-spend-RO.csv,True,indirect
TXN-002463,RO,2026-07,2026-07-21,WLF-1014,sup-orbit,Würth,Random orbital sander 77 mm,werkstatt,78,piece,42.32,3300.96,RON,16768.88,synthetic-spend-RO.csv,True,indirect
TXN-002464,RO,2026-08,2026-08-07,WLF-1014,sup-orbit,Würth,Random orbital sander 77 mm,werkstatt,294,piece,42.32,12442.08,RON,63205.77,synthetic-spend-RO.csv,True,indirect
TXN-002465,RO,2026-01,2026-01-16,WLF-1015,sup-helio,Kovax,Paint strainers 125 µ / 200 µ,lack,82,piece,87.04,7137.28,RON,36257.38,synthetic-spend-RO.csv,True,direct
TXN-002466,RO,2026-02,2026-02-20,WLF-1015,sup-helio,Kovax,Paint strainers 125 µ / 200 µ,lack,175,piece,87.04,15232.0,RON,77378.56,synthetic-spend-RO.csv,True,direct
TXN-002467,RO,2026-03,2026-03-11,WLF-1015,sup-helio,Kovax,Paint strainers 125 µ / 200 µ,lack,265,piece,87.04,23065.6,RON,117173.25,synthetic-spend-RO.csv,True,direct
TXN-002468,RO,2026-04,2026-04-28,WLF-1015,sup-helio,Kovax,Paint strainers 125 µ / 200 µ,lack,110,piece,87.04,9574.4,RON,48637.95,synthetic-spend-RO.csv,True,direct
TXN-002469,RO,2026-05,2026-05-10,WLF-1015,sup-helio,Kovax,Paint strainers 125 µ / 200 µ,lack,25,piece,87.04,2176.0,RON,11054.08,synthetic-spend-RO.csv,True,direct
TXN-002470,RO,2026-06,2026-06-11,WLF-1015,sup-helio,Kovax,Paint strainers 125 µ / 200 µ,lack,56,piece,87.04,4874.24,RON,24761.14,synthetic-spend-RO.csv,True,direct
TXN-002471,RO,2026-07,2026-07-24,WLF-1015,sup-helio,Kovax,Paint strainers 125 µ / 200 µ,lack,105,piece,87.04,9139.2,RON,46427.14,synthetic-spend-RO.csv,True,direct
TXN-002472,RO,2026-08,2026-08-19,WLF-1015,sup-helio,Kovax,Paint strainers 125 µ / 200 µ,lack,180,piece,87.04,15667.2,RON,79589.38,synthetic-spend-RO.csv,True,direct
TXN-002473,RO,2026-01,2026-01-01,WLF-1016,sup-vanta,Starcke,"Sanding discs 150 mm, fine",schleif,199,piece,71.59,14246.41,RON,72371.76,synthetic-spend-RO.csv,True,direct
TXN-002474,RO,2026-02,2026-02-28,WLF-1016,sup-vanta,Starcke,"Sanding discs 150 mm, fine",schleif,145,piece,71.59,10380.55,RON,52733.19,synthetic-spend-RO.csv,True,direct
TXN-002475,RO,2026-03,2026-03-26,WLF-1016,sup-vanta,Starcke,"Sanding discs 150 mm, fine",schleif,40,piece,71.59,2863.6,RON,14547.09,synthetic-spend-RO.csv,True,direct
TXN-002476,RO,2026-04,2026-04-19,WLF-1016,sup-vanta,Starcke,"Sanding discs 150 mm, fine",schleif,43,piece,71.59,3078.37,RON,15638.12,synthetic-spend-RO.csv,True,direct
TXN-002477,RO,2026-05,2026-05-17,WLF-1016,sup-vanta,Starcke,"Sanding discs 150 mm, fine",schleif,287,piece,71.59,20546.33,RON,104375.36,synthetic-spend-RO.csv,True,direct
TXN-002478,RO,2026-06,2026-06-16,WLF-1016,sup-vanta,Starcke,"Sanding discs 150 mm, fine",schleif,87,piece,71.59,6228.33,RON,31639.92,synthetic-spend-RO.csv,True,direct
TXN-002479,RO,2026-07,2026-07-20,WLF-1016,sup-vanta,Starcke,"Sanding discs 150 mm, fine",schleif,325,piece,71.59,23266.75,RON,118195.09,synthetic-spend-RO.csv,True,direct
TXN-002480,RO,2026-08,2026-08-02,WLF-1016,sup-vanta,Starcke,"Sanding discs 150 mm, fine",schleif,274,piece,71.59,19615.66,RON,99647.55,synthetic-spend-RO.csv,True,direct
TXN-002481,RO,2026-01,2026-01-21,WLF-1017,sup-aster,3M,Contour tape,kleb,30,piece,26.18,785.4,RON,3989.83,synthetic-spend-RO.csv,False,indirect
TXN-002482,RO,2026-02,2026-02-16,WLF-1017,sup-aster,3M,Contour tape,kleb,79,piece,26.18,2068.22,RON,10506.56,synthetic-spend-RO.csv,False,indirect
TXN-002483,RO,2026-03,2026-03-14,WLF-1017,sup-aster,3M,Contour tape,kleb,68,piece,26.18,1780.24,RON,9043.62,synthetic-spend-RO.csv,False,indirect
TXN-002484,RO,2026-04,2026-04-16,WLF-1017,sup-aster,3M,Contour tape,kleb,248,piece,26.18,6492.64,RON,32982.61,synthetic-spend-RO.csv,False,indirect
TXN-002485,RO,2026-05,2026-05-01,WLF-1017,sup-aster,3M,Contour tape,kleb,147,piece,26.18,3848.46,RON,19550.18,synthetic-spend-RO.csv,False,indirect
TXN-002486,RO,2026-06,2026-06-01,WLF-1017,sup-aster,3M,Contour tape,kleb,106,piece,26.18,2775.08,RON,14097.41,synthetic-spend-RO.csv,False,indirect
TXN-002487,RO,2026-07,2026-07-23,WLF-1017,sup-aster,3M,Contour tape,kleb,51,piece,26.18,1335.18,RON,6782.71,synthetic-spend-RO.csv,False,indirect
TXN-002488,RO,2026-08,2026-08-17,WLF-1017,sup-aster,3M,Contour tape,kleb,166,piece,26.18,4345.88,RON,22077.07,synthetic-spend-RO.csv,False,indirect
TXN-002489,RO,2026-01,2026-01-20,WLF-1018,sup-velora,Glasurit (BASF),One-step cutting and polishing compound,polier,36,piece,43.63,1570.68,RON,7979.05,synthetic-spend-RO.csv,False,direct
TXN-002490,RO,2026-02,2026-02-01,WLF-1018,sup-velora,Glasurit (BASF),One-step cutting and polishing compound,polier,94,piece,43.63,4101.22,RON,20834.2,synthetic-spend-RO.csv,False,direct
TXN-002491,RO,2026-03,2026-03-28,WLF-1018,sup-velora,Glasurit (BASF),One-step cutting and polishing compound,polier,29,piece,43.63,1265.27,RON,6427.57,synthetic-spend-RO.csv,False,direct
TXN-002492,RO,2026-04,2026-04-28,WLF-1018,sup-velora,Glasurit (BASF),One-step cutting and polishing compound,polier,289,piece,43.63,12609.07,RON,64054.08,synthetic-spend-RO.csv,False,direct
TXN-002493,RO,2026-05,2026-05-18,WLF-1018,sup-velora,Glasurit (BASF),One-step cutting and polishing compound,polier,49,piece,43.63,2137.87,RON,10860.38,synthetic-spend-RO.csv,False,direct
TXN-002494,RO,2026-06,2026-06-28,WLF-1018,sup-velora,Glasurit (BASF),One-step cutting and polishing compound,polier,255,piece,43.63,11125.65,RON,56518.3,synthetic-spend-RO.csv,False,direct
TXN-002495,RO,2026-07,2026-07-25,WLF-1018,sup-velora,Glasurit (BASF),One-step cutting and polishing compound,polier,304,piece,43.63,13263.52,RON,67378.68,synthetic-spend-RO.csv,False,direct
TXN-002496,RO,2026-08,2026-08-13,WLF-1018,sup-velora,Glasurit (BASF),One-step cutting and polishing compound,polier,128,piece,43.63,5584.64,RON,28369.97,synthetic-spend-RO.csv,False,direct
TXN-002497,RO,2026-01,2026-01-03,WLF-1019,sup-lumen,Finixa,Pre-saturated cleaning wipes,kabine,157,piece,97.26,15269.82,RON,77570.69,synthetic-spend-RO.csv,False,direct
TXN-002498,RO,2026-02,2026-02-17,WLF-1019,sup-lumen,Finixa,Pre-saturated cleaning wipes,kabine,101,piece,97.26,9823.26,RON,49902.16,synthetic-spend-RO.csv,False,direct
TXN-002499,RO,2026-03,2026-03-20,WLF-1019,sup-lumen,Finixa,Pre-saturated cleaning wipes,kabine,200,piece,97.26,19452.0,RON,98816.16,synthetic-spend-RO.csv,False,direct
TXN-002500,RO,2026-04,2026-04-25,WLF-1019,sup-lumen,Finixa,Pre-saturated cleaning wipes,kabine,275,piece,97.26,26746.5,RON,135872.22,synthetic-spend-RO.csv,False,direct
TXN-002501,RO,2026-05,2026-05-12,WLF-1019,sup-lumen,Finixa,Pre-saturated cleaning wipes,kabine,305,piece,97.26,29664.3,RON,150694.64,synthetic-spend-RO.csv,False,direct
TXN-002502,RO,2026-06,2026-06-09,WLF-1019,sup-lumen,Finixa,Pre-saturated cleaning wipes,kabine,187,piece,97.26,18187.62,RON,92393.11,synthetic-spend-RO.csv,False,direct
TXN-002503,RO,2026-07,2026-07-19,WLF-1019,sup-lumen,Finixa,Pre-saturated cleaning wipes,kabine,78,piece,97.26,7586.28,RON,38538.3,synthetic-spend-RO.csv,False,direct
TXN-002504,RO,2026-08,2026-08-02,WLF-1019,sup-lumen,Finixa,Pre-saturated cleaning wipes,kabine,62,piece,97.26,6030.12,RON,30633.01,synthetic-spend-RO.csv,False,direct
TXN-002505,RO,2026-01,2026-01-21,WLF-1020,sup-novex,Mirka,P3 particulate filters,psa,196,piece,36.89,7230.44,RON,36730.64,synthetic-spend-RO.csv,False,indirect
TXN-002506,RO,2026-02,2026-02-08,WLF-1020,sup-novex,Mirka,P3 particulate filters,psa,197,piece,36.89,7267.33,RON,36918.04,synthetic-spend-RO.csv,False,indirect
TXN-002507,RO,2026-03,2026-03-24,WLF-1020,sup-novex,Mirka,P3 particulate filters,psa,109,piece,36.89,4021.01,RON,20426.73,synthetic-spend-RO.csv,False,indirect
TXN-002508,RO,2026-04,2026-04-21,WLF-1020,sup-novex,Mirka,P3 particulate filters,psa,277,piece,36.89,10218.53,RON,51910.13,synthetic-spend-RO.csv,False,indirect
TXN-002509,RO,2026-05,2026-05-27,WLF-1020,sup-novex,Mirka,P3 particulate filters,psa,173,piece,36.89,6381.97,RON,32420.41,synthetic-spend-RO.csv,False,indirect
TXN-002510,RO,2026-06,2026-06-11,WLF-1020,sup-novex,Mirka,P3 particulate filters,psa,126,piece,36.89,4648.14,RON,23612.55,synthetic-spend-RO.csv,False,indirect
TXN-002511,RO,2026-07,2026-07-13,WLF-1020,sup-novex,Mirka,P3 particulate filters,psa,42,piece,36.89,1549.38,RON,7870.85,synthetic-spend-RO.csv,False,indirect
TXN-002512,RO,2026-08,2026-08-11,WLF-1020,sup-novex,Mirka,P3 particulate filters,psa,267,piece,36.89,9849.63,RON,50036.12,synthetic-spend-RO.csv,False,indirect
TXN-002513,RO,2026-01,2026-01-23,WLF-1021,sup-arcus,SATA,Electric random orbital sander 150 mm,werkstatt,53,piece,18.51,981.03,RON,4983.63,synthetic-spend-RO.csv,False,direct
TXN-002514,RO,2026-02,2026-02-06,WLF-1021,sup-arcus,SATA,Electric random orbital sander 150 mm,werkstatt,147,piece,18.51,2720.97,RON,13822.53,synthetic-spend-RO.csv,False,direct
TXN-002515,RO,2026-03,2026-03-27,WLF-1021,sup-arcus,SATA,Electric random orbital sander 150 mm,werkstatt,98,piece,18.51,1813.98,RON,9215.02,synthetic-spend-RO.csv,False,direct
TXN-002516,RO,2026-04,2026-04-16,WLF-1021,sup-arcus,SATA,Electric random orbital sander 150 mm,werkstatt,88,piece,18.51,1628.88,RON,8274.71,synthetic-spend-RO.csv,False,direct
TXN-002517,RO,2026-05,2026-05-16,WLF-1021,sup-arcus,SATA,Electric random orbital sander 150 mm,werkstatt,94,piece,18.51,1739.94,RON,8838.9,synthetic-spend-RO.csv,False,direct
TXN-002518,RO,2026-06,2026-06-03,WLF-1021,sup-arcus,SATA,Electric random orbital sander 150 mm,werkstatt,210,piece,18.51,3887.1,RON,19746.47,synthetic-spend-RO.csv,False,direct
TXN-002519,RO,2026-07,2026-07-28,WLF-1021,sup-arcus,SATA,Electric random orbital sander 150 mm,werkstatt,166,piece,18.51,3072.66,RON,15609.11,synthetic-spend-RO.csv,False,direct
TXN-002520,RO,2026-08,2026-08-04,WLF-1021,sup-arcus,SATA,Electric random orbital sander 150 mm,werkstatt,265,piece,18.51,4905.15,RON,24918.16,synthetic-spend-RO.csv,False,direct
TXN-002521,BG,2026-01,2026-01-04,WLF-1001,sup-cobalt,tesa,Graduated mixing cup,lack,300,piece,18.97,5691.0,EUR,5691.0,synthetic-spend-BG.csv,True,indirect
TXN-002522,BG,2026-02,2026-02-09,WLF-1001,sup-cobalt,tesa,Graduated mixing cup,lack,191,piece,18.97,3623.27,EUR,3623.27,synthetic-spend-BG.csv,True,indirect
TXN-002523,BG,2026-03,2026-03-11,WLF-1001,sup-cobalt,tesa,Graduated mixing cup,lack,204,piece,18.97,3869.88,EUR,3869.88,synthetic-spend-BG.csv,True,indirect
TXN-002524,BG,2026-04,2026-04-08,WLF-1001,sup-cobalt,tesa,Graduated mixing cup,lack,269,piece,18.97,5102.93,EUR,5102.93,synthetic-spend-BG.csv,True,indirect
TXN-002525,BG,2026-05,2026-05-09,WLF-1001,sup-cobalt,tesa,Graduated mixing cup,lack,58,piece,18.97,1100.26,EUR,1100.26,synthetic-spend-BG.csv,True,indirect
TXN-002526,BG,2026-06,2026-06-19,WLF-1001,sup-cobalt,tesa,Graduated mixing cup,lack,174,piece,18.97,3300.78,EUR,3300.78,synthetic-spend-BG.csv,True,indirect
TXN-002527,BG,2026-07,2026-07-15,WLF-1001,sup-cobalt,tesa,Graduated mixing cup,lack,110,piece,18.97,2086.7,EUR,2086.7,synthetic-spend-BG.csv,True,indirect
TXN-002528,BG,2026-08,2026-08-13,WLF-1001,sup-cobalt,tesa,Graduated mixing cup,lack,63,piece,18.97,1195.11,EUR,1195.11,synthetic-spend-BG.csv,True,indirect
TXN-002529,BG,2026-01,2026-01-10,WLF-1002,sup-solis,PPG / Nexa,"Sanding discs 150 mm, coarse",schleif,57,piece,76.22,4344.54,EUR,4344.54,synthetic-spend-BG.csv,True,direct
TXN-002530,BG,2026-02,2026-02-16,WLF-1002,sup-solis,PPG / Nexa,"Sanding discs 150 mm, coarse",schleif,157,piece,76.22,11966.54,EUR,11966.54,synthetic-spend-BG.csv,True,direct
TXN-002531,BG,2026-03,2026-03-14,WLF-1002,sup-solis,PPG / Nexa,"Sanding discs 150 mm, coarse",schleif,146,piece,76.22,11128.12,EUR,11128.12,synthetic-spend-BG.csv,True,direct
TXN-002532,BG,2026-04,2026-04-20,WLF-1002,sup-solis,PPG / Nexa,"Sanding discs 150 mm, coarse",schleif,208,piece,76.22,15853.76,EUR,15853.76,synthetic-spend-BG.csv,True,direct
TXN-002533,BG,2026-05,2026-05-08,WLF-1002,sup-solis,PPG / Nexa,"Sanding discs 150 mm, coarse",schleif,82,piece,76.22,6250.04,EUR,6250.04,synthetic-spend-BG.csv,True,direct
TXN-002534,BG,2026-06,2026-06-22,WLF-1002,sup-solis,PPG / Nexa,"Sanding discs 150 mm, coarse",schleif,36,piece,76.22,2743.92,EUR,2743.92,synthetic-spend-BG.csv,True,direct
TXN-002535,BG,2026-07,2026-07-14,WLF-1002,sup-solis,PPG / Nexa,"Sanding discs 150 mm, coarse",schleif,75,piece,76.22,5716.5,EUR,5716.5,synthetic-spend-BG.csv,True,direct
TXN-002536,BG,2026-08,2026-08-11,WLF-1002,sup-solis,PPG / Nexa,"Sanding discs 150 mm, coarse",schleif,199,piece,76.22,15167.78,EUR,15167.78,synthetic-spend-BG.csv,True,direct
TXN-002537,BG,2026-01,2026-01-07,WLF-1003,sup-orbit,Würth,Standard masking tape,kleb,55,piece,23.73,1305.15,EUR,1305.15,synthetic-spend-BG.csv,True,direct
TXN-002538,BG,2026-02,2026-02-17,WLF-1003,sup-orbit,Würth,Standard masking tape,kleb,221,piece,23.73,5244.33,EUR,5244.33,synthetic-spend-BG.csv,True,direct
TXN-002539,BG,2026-03,2026-03-10,WLF-1003,sup-orbit,Würth,Standard masking tape,kleb,36,piece,23.73,854.28,EUR,854.28,synthetic-spend-BG.csv,True,direct
TXN-002540,BG,2026-04,2026-04-04,WLF-1003,sup-orbit,Würth,Standard masking tape,kleb,131,piece,23.73,3108.63,EUR,3108.63,synthetic-spend-BG.csv,True,direct
TXN-002541,BG,2026-05,2026-05-12,WLF-1003,sup-orbit,Würth,Standard masking tape,kleb,102,piece,23.73,2420.46,EUR,2420.46,synthetic-spend-BG.csv,True,direct
TXN-002542,BG,2026-06,2026-06-10,WLF-1003,sup-orbit,Würth,Standard masking tape,kleb,244,piece,23.73,5790.12,EUR,5790.12,synthetic-spend-BG.csv,True,direct
TXN-002543,BG,2026-07,2026-07-09,WLF-1003,sup-orbit,Würth,Standard masking tape,kleb,249,piece,23.73,5908.77,EUR,5908.77,synthetic-spend-BG.csv,True,direct
TXN-002544,BG,2026-08,2026-08-07,WLF-1003,sup-orbit,Würth,Standard masking tape,kleb,112,piece,23.73,2657.76,EUR,2657.76,synthetic-spend-BG.csv,True,direct
TXN-002545,BG,2026-01,2026-01-27,WLF-1004,sup-helio,Kovax,Cutting compound (coarse/medium),polier,163,piece,32.37,5276.31,EUR,5276.31,synthetic-spend-BG.csv,True,indirect
TXN-002546,BG,2026-02,2026-02-13,WLF-1004,sup-helio,Kovax,Cutting compound (coarse/medium),polier,98,piece,32.37,3172.26,EUR,3172.26,synthetic-spend-BG.csv,True,indirect
TXN-002547,BG,2026-03,2026-03-10,WLF-1004,sup-helio,Kovax,Cutting compound (coarse/medium),polier,230,piece,32.37,7445.1,EUR,7445.1,synthetic-spend-BG.csv,True,indirect
TXN-002548,BG,2026-04,2026-04-10,WLF-1004,sup-helio,Kovax,Cutting compound (coarse/medium),polier,173,piece,32.37,5600.01,EUR,5600.01,synthetic-spend-BG.csv,True,indirect
TXN-002549,BG,2026-05,2026-05-16,WLF-1004,sup-helio,Kovax,Cutting compound (coarse/medium),polier,313,piece,32.37,10131.81,EUR,10131.81,synthetic-spend-BG.csv,True,indirect
TXN-002550,BG,2026-06,2026-06-23,WLF-1004,sup-helio,Kovax,Cutting compound (coarse/medium),polier,167,piece,32.37,5405.79,EUR,5405.79,synthetic-spend-BG.csv,True,indirect
TXN-002551,BG,2026-07,2026-07-13,WLF-1004,sup-helio,Kovax,Cutting compound (coarse/medium),polier,121,piece,32.37,3916.77,EUR,3916.77,synthetic-spend-BG.csv,True,indirect
TXN-002552,BG,2026-08,2026-08-12,WLF-1004,sup-helio,Kovax,Cutting compound (coarse/medium),polier,182,piece,32.37,5891.34,EUR,5891.34,synthetic-spend-BG.csv,True,indirect
TXN-002553,BG,2026-01,2026-01-26,WLF-1005,sup-vanta,Starcke,Solvent-based silicone remover,kabine,297,piece,59.56,17689.32,EUR,17689.32,synthetic-spend-BG.csv,True,direct
TXN-002554,BG,2026-02,2026-02-04,WLF-1005,sup-vanta,Starcke,Solvent-based silicone remover,kabine,286,piece,59.56,17034.16,EUR,17034.16,synthetic-spend-BG.csv,True,direct
TXN-002555,BG,2026-03,2026-03-17,WLF-1005,sup-vanta,Starcke,Solvent-based silicone remover,kabine,280,piece,59.56,16676.8,EUR,16676.8,synthetic-spend-BG.csv,True,direct
TXN-002556,BG,2026-04,2026-04-13,WLF-1005,sup-vanta,Starcke,Solvent-based silicone remover,kabine,259,piece,59.56,15426.04,EUR,15426.04,synthetic-spend-BG.csv,True,direct
TXN-002557,BG,2026-05,2026-05-21,WLF-1005,sup-vanta,Starcke,Solvent-based silicone remover,kabine,305,piece,59.56,18165.8,EUR,18165.8,synthetic-spend-BG.csv,True,direct
TXN-002558,BG,2026-06,2026-06-05,WLF-1005,sup-vanta,Starcke,Solvent-based silicone remover,kabine,223,piece,59.56,13281.88,EUR,13281.88,synthetic-spend-BG.csv,True,direct
TXN-002559,BG,2026-07,2026-07-03,WLF-1005,sup-vanta,Starcke,Solvent-based silicone remover,kabine,253,piece,59.56,15068.68,EUR,15068.68,synthetic-spend-BG.csv,True,direct
TXN-002560,BG,2026-08,2026-08-15,WLF-1005,sup-vanta,Starcke,Solvent-based silicone remover,kabine,243,piece,59.56,14473.08,EUR,14473.08,synthetic-spend-BG.csv,True,direct
TXN-002561,BG,2026-01,2026-01-05,WLF-1006,sup-aster,3M,Half mask / spray-painting respirator,psa,307,piece,39.1,12003.7,EUR,12003.7,synthetic-spend-BG.csv,True,direct
TXN-002562,BG,2026-02,2026-02-05,WLF-1006,sup-aster,3M,Half mask / spray-painting respirator,psa,112,piece,39.1,4379.2,EUR,4379.2,synthetic-spend-BG.csv,True,direct
TXN-002563,BG,2026-03,2026-03-24,WLF-1006,sup-aster,3M,Half mask / spray-painting respirator,psa,226,piece,39.1,8836.6,EUR,8836.6,synthetic-spend-BG.csv,True,direct
TXN-002564,BG,2026-04,2026-04-17,WLF-1006,sup-aster,3M,Half mask / spray-painting respirator,psa,105,piece,39.1,4105.5,EUR,4105.5,synthetic-spend-BG.csv,True,direct
TXN-002565,BG,2026-05,2026-05-25,WLF-1006,sup-aster,3M,Half mask / spray-painting respirator,psa,247,piece,39.1,9657.7,EUR,9657.7,synthetic-spend-BG.csv,True,direct
TXN-002566,BG,2026-06,2026-06-18,WLF-1006,sup-aster,3M,Half mask / spray-painting respirator,psa,159,piece,39.1,6216.9,EUR,6216.9,synthetic-spend-BG.csv,True,direct
TXN-002567,BG,2026-07,2026-07-02,WLF-1006,sup-aster,3M,Half mask / spray-painting respirator,psa,265,piece,39.1,10361.5,EUR,10361.5,synthetic-spend-BG.csv,True,direct
TXN-002568,BG,2026-08,2026-08-22,WLF-1006,sup-aster,3M,Half mask / spray-painting respirator,psa,196,piece,39.1,7663.6,EUR,7663.6,synthetic-spend-BG.csv,True,direct
TXN-002569,BG,2026-01,2026-01-11,WLF-1007,sup-velora,Glasurit (BASF),"Random orbital sander 150 mm, 5 mm orbit",werkstatt,123,piece,40.64,4998.72,EUR,4998.72,synthetic-spend-BG.csv,True,indirect
TXN-002570,BG,2026-02,2026-02-26,WLF-1007,sup-velora,Glasurit (BASF),"Random orbital sander 150 mm, 5 mm orbit",werkstatt,300,piece,40.64,12192.0,EUR,12192.0,synthetic-spend-BG.csv,True,indirect
TXN-002571,BG,2026-03,2026-03-21,WLF-1007,sup-velora,Glasurit (BASF),"Random orbital sander 150 mm, 5 mm orbit",werkstatt,240,piece,40.64,9753.6,EUR,9753.6,synthetic-spend-BG.csv,True,indirect
TXN-002572,BG,2026-04,2026-04-01,WLF-1007,sup-velora,Glasurit (BASF),"Random orbital sander 150 mm, 5 mm orbit",werkstatt,40,piece,40.64,1625.6,EUR,1625.6,synthetic-spend-BG.csv,True,indirect
TXN-002573,BG,2026-05,2026-05-27,WLF-1007,sup-velora,Glasurit (BASF),"Random orbital sander 150 mm, 5 mm orbit",werkstatt,28,piece,40.64,1137.92,EUR,1137.92,synthetic-spend-BG.csv,True,indirect
TXN-002574,BG,2026-06,2026-06-21,WLF-1007,sup-velora,Glasurit (BASF),"Random orbital sander 150 mm, 5 mm orbit",werkstatt,214,piece,40.64,8696.96,EUR,8696.96,synthetic-spend-BG.csv,True,indirect
TXN-002575,BG,2026-07,2026-07-10,WLF-1007,sup-velora,Glasurit (BASF),"Random orbital sander 150 mm, 5 mm orbit",werkstatt,129,piece,40.64,5242.56,EUR,5242.56,synthetic-spend-BG.csv,True,indirect
TXN-002576,BG,2026-08,2026-08-08,WLF-1007,sup-velora,Glasurit (BASF),"Random orbital sander 150 mm, 5 mm orbit",werkstatt,302,piece,40.64,12273.28,EUR,12273.28,synthetic-spend-BG.csv,True,indirect
TXN-002577,BG,2026-01,2026-01-25,WLF-1008,sup-lumen,Finixa,Paint cup for compressed-air spray gun,lack,241,piece,111.5,26871.5,EUR,26871.5,synthetic-spend-BG.csv,True,direct
TXN-002578,BG,2026-02,2026-02-10,WLF-1008,sup-lumen,Finixa,Paint cup for compressed-air spray gun,lack,133,piece,111.5,14829.5,EUR,14829.5,synthetic-spend-BG.csv,True,direct
TXN-002579,BG,2026-03,2026-03-15,WLF-1008,sup-lumen,Finixa,Paint cup for compressed-air spray gun,lack,100,piece,111.5,11150.0,EUR,11150.0,synthetic-spend-BG.csv,True,direct
TXN-002580,BG,2026-04,2026-04-16,WLF-1008,sup-lumen,Finixa,Paint cup for compressed-air spray gun,lack,45,piece,111.5,5017.5,EUR,5017.5,synthetic-spend-BG.csv,True,direct
TXN-002581,BG,2026-05,2026-05-10,WLF-1008,sup-lumen,Finixa,Paint cup for compressed-air spray gun,lack,126,piece,111.5,14049.0,EUR,14049.0,synthetic-spend-BG.csv,True,direct
TXN-002582,BG,2026-06,2026-06-24,WLF-1008,sup-lumen,Finixa,Paint cup for compressed-air spray gun,lack,160,piece,111.5,17840.0,EUR,17840.0,synthetic-spend-BG.csv,True,direct
TXN-002583,BG,2026-07,2026-07-04,WLF-1008,sup-lumen,Finixa,Paint cup for compressed-air spray gun,lack,302,piece,111.5,33673.0,EUR,33673.0,synthetic-spend-BG.csv,True,direct
TXN-002584,BG,2026-08,2026-08-28,WLF-1008,sup-lumen,Finixa,Paint cup for compressed-air spray gun,lack,236,piece,111.5,26314.0,EUR,26314.0,synthetic-spend-BG.csv,True,direct
TXN-002585,BG,2026-01,2026-01-28,WLF-1009,sup-novex,Mirka,"Sanding discs 150 mm, intermediate",schleif,185,piece,36.08,6674.8,EUR,6674.8,synthetic-spend-BG.csv,True,direct
TXN-002586,BG,2026-02,2026-02-22,WLF-1009,sup-novex,Mirka,"Sanding discs 150 mm, intermediate",schleif,123,piece,36.08,4437.84,EUR,4437.84,synthetic-spend-BG.csv,True,direct
TXN-002587,BG,2026-03,2026-03-01,WLF-1009,sup-novex,Mirka,"Sanding discs 150 mm, intermediate",schleif,239,piece,36.08,8623.12,EUR,8623.12,synthetic-spend-BG.csv,True,direct
TXN-002588,BG,2026-04,2026-04-27,WLF-1009,sup-novex,Mirka,"Sanding discs 150 mm, intermediate",schleif,297,piece,36.08,10715.76,EUR,10715.76,synthetic-spend-BG.csv,True,direct
TXN-002589,BG,2026-05,2026-05-04,WLF-1009,sup-novex,Mirka,"Sanding discs 150 mm, intermediate",schleif,92,piece,36.08,3319.36,EUR,3319.36,synthetic-spend-BG.csv,True,direct
TXN-002590,BG,2026-06,2026-06-16,WLF-1009,sup-novex,Mirka,"Sanding discs 150 mm, intermediate",schleif,206,piece,36.08,7432.48,EUR,7432.48,synthetic-spend-BG.csv,True,direct
TXN-002591,BG,2026-07,2026-07-14,WLF-1009,sup-novex,Mirka,"Sanding discs 150 mm, intermediate",schleif,175,piece,36.08,6314.0,EUR,6314.0,synthetic-spend-BG.csv,True,direct
TXN-002592,BG,2026-08,2026-08-23,WLF-1009,sup-novex,Mirka,"Sanding discs 150 mm, intermediate",schleif,170,piece,36.08,6133.6,EUR,6133.6,synthetic-spend-BG.csv,True,direct
TXN-002593,BG,2026-01,2026-01-22,WLF-1010,sup-arcus,SATA,Fine-line tape,kleb,86,piece,12.51,1075.86,EUR,1075.86,synthetic-spend-BG.csv,True,indirect
TXN-002594,BG,2026-02,2026-02-12,WLF-1010,sup-arcus,SATA,Fine-line tape,kleb,127,piece,12.51,1588.77,EUR,1588.77,synthetic-spend-BG.csv,True,indirect
TXN-002595,BG,2026-03,2026-03-05,WLF-1010,sup-arcus,SATA,Fine-line tape,kleb,82,piece,12.51,1025.82,EUR,1025.82,synthetic-spend-BG.csv,True,indirect
TXN-002596,BG,2026-04,2026-04-20,WLF-1010,sup-arcus,SATA,Fine-line tape,kleb,164,piece,12.51,2051.64,EUR,2051.64,synthetic-spend-BG.csv,True,indirect
TXN-002597,BG,2026-05,2026-05-18,WLF-1010,sup-arcus,SATA,Fine-line tape,kleb,209,piece,12.51,2614.59,EUR,2614.59,synthetic-spend-BG.csv,True,indirect
TXN-002598,BG,2026-06,2026-06-02,WLF-1010,sup-arcus,SATA,Fine-line tape,kleb,128,piece,12.51,1601.28,EUR,1601.28,synthetic-spend-BG.csv,True,indirect
TXN-002599,BG,2026-07,2026-07-28,WLF-1010,sup-arcus,SATA,Fine-line tape,kleb,201,piece,12.51,2514.51,EUR,2514.51,synthetic-spend-BG.csv,True,indirect
TXN-002600,BG,2026-08,2026-08-16,WLF-1010,sup-arcus,SATA,Fine-line tape,kleb,116,piece,12.51,1451.16,EUR,1451.16,synthetic-spend-BG.csv,True,indirect
TXN-002601,BG,2026-01,2026-01-04,WLF-1011,sup-cobalt,tesa,Polish (fine / anti-hologram),polier,134,piece,6.79,909.86,EUR,909.86,synthetic-spend-BG.csv,True,direct
TXN-002602,BG,2026-02,2026-02-13,WLF-1011,sup-cobalt,tesa,Polish (fine / anti-hologram),polier,183,piece,6.79,1242.57,EUR,1242.57,synthetic-spend-BG.csv,True,direct
TXN-002603,BG,2026-03,2026-03-18,WLF-1011,sup-cobalt,tesa,Polish (fine / anti-hologram),polier,163,piece,6.79,1106.77,EUR,1106.77,synthetic-spend-BG.csv,True,direct
TXN-002604,BG,2026-04,2026-04-11,WLF-1011,sup-cobalt,tesa,Polish (fine / anti-hologram),polier,171,piece,6.79,1161.09,EUR,1161.09,synthetic-spend-BG.csv,True,direct
TXN-002605,BG,2026-05,2026-05-26,WLF-1011,sup-cobalt,tesa,Polish (fine / anti-hologram),polier,303,piece,6.79,2057.37,EUR,2057.37,synthetic-spend-BG.csv,True,direct
TXN-002606,BG,2026-06,2026-06-28,WLF-1011,sup-cobalt,tesa,Polish (fine / anti-hologram),polier,116,piece,6.79,787.64,EUR,787.64,synthetic-spend-BG.csv,True,direct
TXN-002607,BG,2026-07,2026-07-03,WLF-1011,sup-cobalt,tesa,Polish (fine / anti-hologram),polier,226,piece,6.79,1534.54,EUR,1534.54,synthetic-spend-BG.csv,True,direct
TXN-002608,BG,2026-08,2026-08-17,WLF-1011,sup-cobalt,tesa,Polish (fine / anti-hologram),polier,322,piece,6.79,2186.38,EUR,2186.38,synthetic-spend-BG.csv,True,direct
TXN-002609,BG,2026-01,2026-01-01,WLF-1012,sup-solis,PPG / Nexa,Water-based silicone remover,kabine,144,piece,38.99,5614.56,EUR,5614.56,synthetic-spend-BG.csv,True,direct
TXN-002610,BG,2026-02,2026-02-08,WLF-1012,sup-solis,PPG / Nexa,Water-based silicone remover,kabine,254,piece,38.99,9903.46,EUR,9903.46,synthetic-spend-BG.csv,True,direct
TXN-002611,BG,2026-03,2026-03-18,WLF-1012,sup-solis,PPG / Nexa,Water-based silicone remover,kabine,164,piece,38.99,6394.36,EUR,6394.36,synthetic-spend-BG.csv,True,direct
TXN-002612,BG,2026-04,2026-04-12,WLF-1012,sup-solis,PPG / Nexa,Water-based silicone remover,kabine,230,piece,38.99,8967.7,EUR,8967.7,synthetic-spend-BG.csv,True,direct
TXN-002613,BG,2026-05,2026-05-12,WLF-1012,sup-solis,PPG / Nexa,Water-based silicone remover,kabine,163,piece,38.99,6355.37,EUR,6355.37,synthetic-spend-BG.csv,True,direct
TXN-002614,BG,2026-06,2026-06-26,WLF-1012,sup-solis,PPG / Nexa,Water-based silicone remover,kabine,57,piece,38.99,2222.43,EUR,2222.43,synthetic-spend-BG.csv,True,direct
TXN-002615,BG,2026-07,2026-07-20,WLF-1012,sup-solis,PPG / Nexa,Water-based silicone remover,kabine,77,piece,38.99,3002.23,EUR,3002.23,synthetic-spend-BG.csv,True,direct
TXN-002616,BG,2026-08,2026-08-14,WLF-1012,sup-solis,PPG / Nexa,Water-based silicone remover,kabine,244,piece,38.99,9513.56,EUR,9513.56,synthetic-spend-BG.csv,True,direct
TXN-002617,BG,2026-01,2026-01-26,WLF-1013,sup-orbit,Würth,A2 filter cartridges,psa,288,piece,7.51,2162.88,EUR,2162.88,synthetic-spend-BG.csv,True,indirect
TXN-002618,BG,2026-02,2026-02-01,WLF-1013,sup-orbit,Würth,A2 filter cartridges,psa,262,piece,7.51,1967.62,EUR,1967.62,synthetic-spend-BG.csv,True,indirect
TXN-002619,BG,2026-03,2026-03-19,WLF-1013,sup-orbit,Würth,A2 filter cartridges,psa,185,piece,7.51,1389.35,EUR,1389.35,synthetic-spend-BG.csv,True,indirect
TXN-002620,BG,2026-04,2026-04-04,WLF-1013,sup-orbit,Würth,A2 filter cartridges,psa,53,piece,7.51,398.03,EUR,398.03,synthetic-spend-BG.csv,True,indirect
TXN-002621,BG,2026-05,2026-05-16,WLF-1013,sup-orbit,Würth,A2 filter cartridges,psa,67,piece,7.51,503.17,EUR,503.17,synthetic-spend-BG.csv,True,indirect
TXN-002622,BG,2026-06,2026-06-14,WLF-1013,sup-orbit,Würth,A2 filter cartridges,psa,257,piece,7.51,1930.07,EUR,1930.07,synthetic-spend-BG.csv,True,indirect
TXN-002623,BG,2026-07,2026-07-24,WLF-1013,sup-orbit,Würth,A2 filter cartridges,psa,93,piece,7.51,698.43,EUR,698.43,synthetic-spend-BG.csv,True,indirect
TXN-002624,BG,2026-08,2026-08-27,WLF-1013,sup-orbit,Würth,A2 filter cartridges,psa,261,piece,7.51,1960.11,EUR,1960.11,synthetic-spend-BG.csv,True,indirect
TXN-002625,BG,2026-01,2026-01-15,WLF-1014,sup-helio,Kovax,Random orbital sander 77 mm,werkstatt,101,piece,47.7,4817.7,EUR,4817.7,synthetic-spend-BG.csv,True,direct
TXN-002626,BG,2026-02,2026-02-12,WLF-1014,sup-helio,Kovax,Random orbital sander 77 mm,werkstatt,212,piece,47.7,10112.4,EUR,10112.4,synthetic-spend-BG.csv,True,direct
TXN-002627,BG,2026-03,2026-03-11,WLF-1014,sup-helio,Kovax,Random orbital sander 77 mm,werkstatt,159,piece,47.7,7584.3,EUR,7584.3,synthetic-spend-BG.csv,True,direct
TXN-002628,BG,2026-04,2026-04-28,WLF-1014,sup-helio,Kovax,Random orbital sander 77 mm,werkstatt,51,piece,47.7,2432.7,EUR,2432.7,synthetic-spend-BG.csv,True,direct
TXN-002629,BG,2026-05,2026-05-08,WLF-1014,sup-helio,Kovax,Random orbital sander 77 mm,werkstatt,96,piece,47.7,4579.2,EUR,4579.2,synthetic-spend-BG.csv,True,direct
TXN-002630,BG,2026-06,2026-06-23,WLF-1014,sup-helio,Kovax,Random orbital sander 77 mm,werkstatt,233,piece,47.7,11114.1,EUR,11114.1,synthetic-spend-BG.csv,True,direct
TXN-002631,BG,2026-07,2026-07-24,WLF-1014,sup-helio,Kovax,Random orbital sander 77 mm,werkstatt,167,piece,47.7,7965.9,EUR,7965.9,synthetic-spend-BG.csv,True,direct
TXN-002632,BG,2026-08,2026-08-17,WLF-1014,sup-helio,Kovax,Random orbital sander 77 mm,werkstatt,202,piece,47.7,9635.4,EUR,9635.4,synthetic-spend-BG.csv,True,direct
TXN-002633,BG,2026-01,2026-01-17,WLF-1015,sup-vanta,Starcke,Paint strainers 125 µ / 200 µ,lack,253,piece,35.23,8913.19,EUR,8913.19,synthetic-spend-BG.csv,True,direct
TXN-002634,BG,2026-02,2026-02-12,WLF-1015,sup-vanta,Starcke,Paint strainers 125 µ / 200 µ,lack,143,piece,35.23,5037.89,EUR,5037.89,synthetic-spend-BG.csv,True,direct
TXN-002635,BG,2026-03,2026-03-28,WLF-1015,sup-vanta,Starcke,Paint strainers 125 µ / 200 µ,lack,164,piece,35.23,5777.72,EUR,5777.72,synthetic-spend-BG.csv,True,direct
TXN-002636,BG,2026-04,2026-04-10,WLF-1015,sup-vanta,Starcke,Paint strainers 125 µ / 200 µ,lack,94,piece,35.23,3311.62,EUR,3311.62,synthetic-spend-BG.csv,True,direct
TXN-002637,BG,2026-05,2026-05-02,WLF-1015,sup-vanta,Starcke,Paint strainers 125 µ / 200 µ,lack,124,piece,35.23,4368.52,EUR,4368.52,synthetic-spend-BG.csv,True,direct
TXN-002638,BG,2026-06,2026-06-02,WLF-1015,sup-vanta,Starcke,Paint strainers 125 µ / 200 µ,lack,87,piece,35.23,3065.01,EUR,3065.01,synthetic-spend-BG.csv,True,direct
TXN-002639,BG,2026-07,2026-07-24,WLF-1015,sup-vanta,Starcke,Paint strainers 125 µ / 200 µ,lack,259,piece,35.23,9124.57,EUR,9124.57,synthetic-spend-BG.csv,True,direct
TXN-002640,BG,2026-08,2026-08-22,WLF-1015,sup-vanta,Starcke,Paint strainers 125 µ / 200 µ,lack,45,piece,35.23,1585.35,EUR,1585.35,synthetic-spend-BG.csv,True,direct
TXN-002641,BG,2026-01,2026-01-01,WLF-1016,sup-aster,3M,"Sanding discs 150 mm, fine",schleif,98,piece,64.78,6348.44,EUR,6348.44,synthetic-spend-BG.csv,True,indirect
TXN-002642,BG,2026-02,2026-02-24,WLF-1016,sup-aster,3M,"Sanding discs 150 mm, fine",schleif,153,piece,64.78,9911.34,EUR,9911.34,synthetic-spend-BG.csv,True,indirect
TXN-002643,BG,2026-03,2026-03-08,WLF-1016,sup-aster,3M,"Sanding discs 150 mm, fine",schleif,172,piece,64.78,11142.16,EUR,11142.16,synthetic-spend-BG.csv,True,indirect
TXN-002644,BG,2026-04,2026-04-22,WLF-1016,sup-aster,3M,"Sanding discs 150 mm, fine",schleif,106,piece,64.78,6866.68,EUR,6866.68,synthetic-spend-BG.csv,True,indirect
TXN-002645,BG,2026-05,2026-05-18,WLF-1016,sup-aster,3M,"Sanding discs 150 mm, fine",schleif,65,piece,64.78,4210.7,EUR,4210.7,synthetic-spend-BG.csv,True,indirect
TXN-002646,BG,2026-06,2026-06-05,WLF-1016,sup-aster,3M,"Sanding discs 150 mm, fine",schleif,26,piece,64.78,1684.28,EUR,1684.28,synthetic-spend-BG.csv,True,indirect
TXN-002647,BG,2026-07,2026-07-15,WLF-1016,sup-aster,3M,"Sanding discs 150 mm, fine",schleif,250,piece,64.78,16195.0,EUR,16195.0,synthetic-spend-BG.csv,True,indirect
TXN-002648,BG,2026-08,2026-08-22,WLF-1016,sup-aster,3M,"Sanding discs 150 mm, fine",schleif,209,piece,64.78,13539.02,EUR,13539.02,synthetic-spend-BG.csv,True,indirect
TXN-002649,BG,2026-01,2026-01-13,WLF-1017,sup-velora,Glasurit (BASF),Contour tape,kleb,326,piece,16.4,5346.4,EUR,5346.4,synthetic-spend-BG.csv,False,direct
TXN-002650,BG,2026-02,2026-02-20,WLF-1017,sup-velora,Glasurit (BASF),Contour tape,kleb,328,piece,16.4,5379.2,EUR,5379.2,synthetic-spend-BG.csv,False,direct
TXN-002651,BG,2026-03,2026-03-19,WLF-1017,sup-velora,Glasurit (BASF),Contour tape,kleb,33,piece,16.4,541.2,EUR,541.2,synthetic-spend-BG.csv,False,direct
TXN-002652,BG,2026-04,2026-04-24,WLF-1017,sup-velora,Glasurit (BASF),Contour tape,kleb,150,piece,16.4,2460.0,EUR,2460.0,synthetic-spend-BG.csv,False,direct
TXN-002653,BG,2026-05,2026-05-07,WLF-1017,sup-velora,Glasurit (BASF),Contour tape,kleb,44,piece,16.4,721.6,EUR,721.6,synthetic-spend-BG.csv,False,direct
TXN-002654,BG,2026-06,2026-06-03,WLF-1017,sup-velora,Glasurit (BASF),Contour tape,kleb,44,piece,16.4,721.6,EUR,721.6,synthetic-spend-BG.csv,False,direct
TXN-002655,BG,2026-07,2026-07-23,WLF-1017,sup-velora,Glasurit (BASF),Contour tape,kleb,239,piece,16.4,3919.6,EUR,3919.6,synthetic-spend-BG.csv,False,direct
TXN-002656,BG,2026-08,2026-08-24,WLF-1017,sup-velora,Glasurit (BASF),Contour tape,kleb,80,piece,16.4,1312.0,EUR,1312.0,synthetic-spend-BG.csv,False,direct
TXN-002657,BG,2026-01,2026-01-12,WLF-1018,sup-lumen,Finixa,One-step cutting and polishing compound,polier,211,piece,26.64,5621.04,EUR,5621.04,synthetic-spend-BG.csv,False,direct
TXN-002658,BG,2026-02,2026-02-13,WLF-1018,sup-lumen,Finixa,One-step cutting and polishing compound,polier,88,piece,26.64,2344.32,EUR,2344.32,synthetic-spend-BG.csv,False,direct
TXN-002659,BG,2026-03,2026-03-03,WLF-1018,sup-lumen,Finixa,One-step cutting and polishing compound,polier,203,piece,26.64,5407.92,EUR,5407.92,synthetic-spend-BG.csv,False,direct
TXN-002660,BG,2026-04,2026-04-13,WLF-1018,sup-lumen,Finixa,One-step cutting and polishing compound,polier,90,piece,26.64,2397.6,EUR,2397.6,synthetic-spend-BG.csv,False,direct
TXN-002661,BG,2026-05,2026-05-28,WLF-1018,sup-lumen,Finixa,One-step cutting and polishing compound,polier,213,piece,26.64,5674.32,EUR,5674.32,synthetic-spend-BG.csv,False,direct
TXN-002662,BG,2026-06,2026-06-10,WLF-1018,sup-lumen,Finixa,One-step cutting and polishing compound,polier,289,piece,26.64,7698.96,EUR,7698.96,synthetic-spend-BG.csv,False,direct
TXN-002663,BG,2026-07,2026-07-28,WLF-1018,sup-lumen,Finixa,One-step cutting and polishing compound,polier,173,piece,26.64,4608.72,EUR,4608.72,synthetic-spend-BG.csv,False,direct
TXN-002664,BG,2026-08,2026-08-02,WLF-1018,sup-lumen,Finixa,One-step cutting and polishing compound,polier,225,piece,26.64,5994.0,EUR,5994.0,synthetic-spend-BG.csv,False,direct
TXN-002665,BG,2026-01,2026-01-18,WLF-1019,sup-novex,Mirka,Pre-saturated cleaning wipes,kabine,314,piece,60.81,19094.34,EUR,19094.34,synthetic-spend-BG.csv,False,indirect
TXN-002666,BG,2026-02,2026-02-09,WLF-1019,sup-novex,Mirka,Pre-saturated cleaning wipes,kabine,142,piece,60.81,8635.02,EUR,8635.02,synthetic-spend-BG.csv,False,indirect
TXN-002667,BG,2026-03,2026-03-20,WLF-1019,sup-novex,Mirka,Pre-saturated cleaning wipes,kabine,84,piece,60.81,5108.04,EUR,5108.04,synthetic-spend-BG.csv,False,indirect
TXN-002668,BG,2026-04,2026-04-03,WLF-1019,sup-novex,Mirka,Pre-saturated cleaning wipes,kabine,92,piece,60.81,5594.52,EUR,5594.52,synthetic-spend-BG.csv,False,indirect
TXN-002669,BG,2026-05,2026-05-19,WLF-1019,sup-novex,Mirka,Pre-saturated cleaning wipes,kabine,99,piece,60.81,6020.19,EUR,6020.19,synthetic-spend-BG.csv,False,indirect
TXN-002670,BG,2026-06,2026-06-21,WLF-1019,sup-novex,Mirka,Pre-saturated cleaning wipes,kabine,230,piece,60.81,13986.3,EUR,13986.3,synthetic-spend-BG.csv,False,indirect
TXN-002671,BG,2026-07,2026-07-01,WLF-1019,sup-novex,Mirka,Pre-saturated cleaning wipes,kabine,35,piece,60.81,2128.35,EUR,2128.35,synthetic-spend-BG.csv,False,indirect
TXN-002672,BG,2026-08,2026-08-23,WLF-1019,sup-novex,Mirka,Pre-saturated cleaning wipes,kabine,201,piece,60.81,12222.81,EUR,12222.81,synthetic-spend-BG.csv,False,indirect
TXN-002673,BG,2026-01,2026-01-08,WLF-1020,sup-arcus,SATA,P3 particulate filters,psa,274,piece,38.22,10472.28,EUR,10472.28,synthetic-spend-BG.csv,False,direct
TXN-002674,BG,2026-02,2026-02-21,WLF-1020,sup-arcus,SATA,P3 particulate filters,psa,26,piece,38.22,993.72,EUR,993.72,synthetic-spend-BG.csv,False,direct
TXN-002675,BG,2026-03,2026-03-07,WLF-1020,sup-arcus,SATA,P3 particulate filters,psa,66,piece,38.22,2522.52,EUR,2522.52,synthetic-spend-BG.csv,False,direct
TXN-002676,BG,2026-04,2026-04-13,WLF-1020,sup-arcus,SATA,P3 particulate filters,psa,140,piece,38.22,5350.8,EUR,5350.8,synthetic-spend-BG.csv,False,direct
TXN-002677,BG,2026-05,2026-05-07,WLF-1020,sup-arcus,SATA,P3 particulate filters,psa,178,piece,38.22,6803.16,EUR,6803.16,synthetic-spend-BG.csv,False,direct
TXN-002678,BG,2026-06,2026-06-22,WLF-1020,sup-arcus,SATA,P3 particulate filters,psa,120,piece,38.22,4586.4,EUR,4586.4,synthetic-spend-BG.csv,False,direct
TXN-002679,BG,2026-07,2026-07-22,WLF-1020,sup-arcus,SATA,P3 particulate filters,psa,99,piece,38.22,3783.78,EUR,3783.78,synthetic-spend-BG.csv,False,direct
TXN-002680,BG,2026-08,2026-08-27,WLF-1020,sup-arcus,SATA,P3 particulate filters,psa,314,piece,38.22,12001.08,EUR,12001.08,synthetic-spend-BG.csv,False,direct
TXN-002681,BG,2026-01,2026-01-05,WLF-1021,sup-cobalt,tesa,Electric random orbital sander 150 mm,werkstatt,260,piece,9.91,2576.6,EUR,2576.6,synthetic-spend-BG.csv,False,direct
TXN-002682,BG,2026-02,2026-02-17,WLF-1021,sup-cobalt,tesa,Electric random orbital sander 150 mm,werkstatt,247,piece,9.91,2447.77,EUR,2447.77,synthetic-spend-BG.csv,False,direct
TXN-002683,BG,2026-03,2026-03-04,WLF-1021,sup-cobalt,tesa,Electric random orbital sander 150 mm,werkstatt,250,piece,9.91,2477.5,EUR,2477.5,synthetic-spend-BG.csv,False,direct
TXN-002684,BG,2026-04,2026-04-02,WLF-1021,sup-cobalt,tesa,Electric random orbital sander 150 mm,werkstatt,54,piece,9.91,535.14,EUR,535.14,synthetic-spend-BG.csv,False,direct
TXN-002685,BG,2026-05,2026-05-04,WLF-1021,sup-cobalt,tesa,Electric random orbital sander 150 mm,werkstatt,287,piece,9.91,2844.17,EUR,2844.17,synthetic-spend-BG.csv,False,direct
TXN-002686,BG,2026-06,2026-06-19,WLF-1021,sup-cobalt,tesa,Electric random orbital sander 150 mm,werkstatt,185,piece,9.91,1833.35,EUR,1833.35,synthetic-spend-BG.csv,False,direct
TXN-002687,BG,2026-07,2026-07-18,WLF-1021,sup-cobalt,tesa,Electric random orbital sander 150 mm,werkstatt,220,piece,9.91,2180.2,EUR,2180.2,synthetic-spend-BG.csv,False,direct
TXN-002688,BG,2026-08,2026-08-01,WLF-1021,sup-cobalt,tesa,Electric random orbital sander 150 mm,werkstatt,79,piece,9.91,782.89,EUR,782.89,synthetic-spend-BG.csv,False,direct
TXN-002689,RS,2026-01,2026-01-18,WLF-1001,sup-solis,PPG / Nexa,Graduated mixing cup,lack,163,piece,32.09,5230.67,EUR,5230.67,synthetic-spend-RS.csv,True,direct
TXN-002690,RS,2026-02,2026-02-21,WLF-1001,sup-solis,PPG / Nexa,Graduated mixing cup,lack,239,piece,32.09,7669.51,EUR,7669.51,synthetic-spend-RS.csv,True,direct
TXN-002691,RS,2026-03,2026-03-24,WLF-1001,sup-solis,PPG / Nexa,Graduated mixing cup,lack,216,piece,32.09,6931.44,EUR,6931.44,synthetic-spend-RS.csv,True,direct
TXN-002692,RS,2026-04,2026-04-03,WLF-1001,sup-solis,PPG / Nexa,Graduated mixing cup,lack,153,piece,32.09,4909.77,EUR,4909.77,synthetic-spend-RS.csv,True,direct
TXN-002693,RS,2026-05,2026-05-11,WLF-1001,sup-solis,PPG / Nexa,Graduated mixing cup,lack,170,piece,32.09,5455.3,EUR,5455.3,synthetic-spend-RS.csv,True,direct
TXN-002694,RS,2026-06,2026-06-11,WLF-1001,sup-solis,PPG / Nexa,Graduated mixing cup,lack,145,piece,32.09,4653.05,EUR,4653.05,synthetic-spend-RS.csv,True,direct
TXN-002695,RS,2026-07,2026-07-02,WLF-1001,sup-solis,PPG / Nexa,Graduated mixing cup,lack,241,piece,32.09,7733.69,EUR,7733.69,synthetic-spend-RS.csv,True,direct
TXN-002696,RS,2026-08,2026-08-03,WLF-1001,sup-solis,PPG / Nexa,Graduated mixing cup,lack,316,piece,32.09,10140.44,EUR,10140.44,synthetic-spend-RS.csv,True,direct
TXN-002697,RS,2026-01,2026-01-23,WLF-1002,sup-orbit,Würth,"Sanding discs 150 mm, coarse",schleif,57,piece,45.9,2616.3,EUR,2616.3,synthetic-spend-RS.csv,True,direct
TXN-002698,RS,2026-02,2026-02-24,WLF-1002,sup-orbit,Würth,"Sanding discs 150 mm, coarse",schleif,293,piece,45.9,13448.7,EUR,13448.7,synthetic-spend-RS.csv,True,direct
TXN-002699,RS,2026-03,2026-03-20,WLF-1002,sup-orbit,Würth,"Sanding discs 150 mm, coarse",schleif,41,piece,45.9,1881.9,EUR,1881.9,synthetic-spend-RS.csv,True,direct
TXN-002700,RS,2026-04,2026-04-24,WLF-1002,sup-orbit,Würth,"Sanding discs 150 mm, coarse",schleif,227,piece,45.9,10419.3,EUR,10419.3,synthetic-spend-RS.csv,True,direct
TXN-002701,RS,2026-05,2026-05-21,WLF-1002,sup-orbit,Würth,"Sanding discs 150 mm, coarse",schleif,71,piece,45.9,3258.9,EUR,3258.9,synthetic-spend-RS.csv,True,direct
TXN-002702,RS,2026-06,2026-06-01,WLF-1002,sup-orbit,Würth,"Sanding discs 150 mm, coarse",schleif,252,piece,45.9,11566.8,EUR,11566.8,synthetic-spend-RS.csv,True,direct
TXN-002703,RS,2026-07,2026-07-12,WLF-1002,sup-orbit,Würth,"Sanding discs 150 mm, coarse",schleif,80,piece,45.9,3672.0,EUR,3672.0,synthetic-spend-RS.csv,True,direct
TXN-002704,RS,2026-08,2026-08-28,WLF-1002,sup-orbit,Würth,"Sanding discs 150 mm, coarse",schleif,128,piece,45.9,5875.2,EUR,5875.2,synthetic-spend-RS.csv,True,direct
TXN-002705,RS,2026-01,2026-01-22,WLF-1003,sup-helio,Kovax,Standard masking tape,kleb,270,piece,27.84,7516.8,EUR,7516.8,synthetic-spend-RS.csv,True,indirect
TXN-002706,RS,2026-02,2026-02-05,WLF-1003,sup-helio,Kovax,Standard masking tape,kleb,168,piece,27.84,4677.12,EUR,4677.12,synthetic-spend-RS.csv,True,indirect
TXN-002707,RS,2026-03,2026-03-04,WLF-1003,sup-helio,Kovax,Standard masking tape,kleb,70,piece,27.84,1948.8,EUR,1948.8,synthetic-spend-RS.csv,True,indirect
TXN-002708,RS,2026-04,2026-04-04,WLF-1003,sup-helio,Kovax,Standard masking tape,kleb,284,piece,27.84,7906.56,EUR,7906.56,synthetic-spend-RS.csv,True,indirect
TXN-002709,RS,2026-05,2026-05-17,WLF-1003,sup-helio,Kovax,Standard masking tape,kleb,137,piece,27.84,3814.08,EUR,3814.08,synthetic-spend-RS.csv,True,indirect
TXN-002710,RS,2026-06,2026-06-08,WLF-1003,sup-helio,Kovax,Standard masking tape,kleb,165,piece,27.84,4593.6,EUR,4593.6,synthetic-spend-RS.csv,True,indirect
TXN-002711,RS,2026-07,2026-07-07,WLF-1003,sup-helio,Kovax,Standard masking tape,kleb,42,piece,27.84,1169.28,EUR,1169.28,synthetic-spend-RS.csv,True,indirect
TXN-002712,RS,2026-08,2026-08-13,WLF-1003,sup-helio,Kovax,Standard masking tape,kleb,263,piece,27.84,7321.92,EUR,7321.92,synthetic-spend-RS.csv,True,indirect
TXN-002713,RS,2026-01,2026-01-12,WLF-1004,sup-vanta,Starcke,Cutting compound (coarse/medium),polier,74,piece,41.89,3099.86,EUR,3099.86,synthetic-spend-RS.csv,True,direct
TXN-002714,RS,2026-02,2026-02-14,WLF-1004,sup-vanta,Starcke,Cutting compound (coarse/medium),polier,190,piece,41.89,7959.1,EUR,7959.1,synthetic-spend-RS.csv,True,direct
TXN-002715,RS,2026-03,2026-03-15,WLF-1004,sup-vanta,Starcke,Cutting compound (coarse/medium),polier,329,piece,41.89,13781.81,EUR,13781.81,synthetic-spend-RS.csv,True,direct
TXN-002716,RS,2026-04,2026-04-18,WLF-1004,sup-vanta,Starcke,Cutting compound (coarse/medium),polier,46,piece,41.89,1926.94,EUR,1926.94,synthetic-spend-RS.csv,True,direct
TXN-002717,RS,2026-05,2026-05-19,WLF-1004,sup-vanta,Starcke,Cutting compound (coarse/medium),polier,176,piece,41.89,7372.64,EUR,7372.64,synthetic-spend-RS.csv,True,direct
TXN-002718,RS,2026-06,2026-06-24,WLF-1004,sup-vanta,Starcke,Cutting compound (coarse/medium),polier,249,piece,41.89,10430.61,EUR,10430.61,synthetic-spend-RS.csv,True,direct
TXN-002719,RS,2026-07,2026-07-23,WLF-1004,sup-vanta,Starcke,Cutting compound (coarse/medium),polier,64,piece,41.89,2680.96,EUR,2680.96,synthetic-spend-RS.csv,True,direct
TXN-002720,RS,2026-08,2026-08-12,WLF-1004,sup-vanta,Starcke,Cutting compound (coarse/medium),polier,41,piece,41.89,1717.49,EUR,1717.49,synthetic-spend-RS.csv,True,direct
TXN-002721,RS,2026-01,2026-01-28,WLF-1005,sup-aster,3M,Solvent-based silicone remover,kabine,265,piece,32.51,8615.15,EUR,8615.15,synthetic-spend-RS.csv,True,direct
TXN-002722,RS,2026-02,2026-02-18,WLF-1005,sup-aster,3M,Solvent-based silicone remover,kabine,82,piece,32.51,2665.82,EUR,2665.82,synthetic-spend-RS.csv,True,direct
TXN-002723,RS,2026-03,2026-03-28,WLF-1005,sup-aster,3M,Solvent-based silicone remover,kabine,39,piece,32.51,1267.89,EUR,1267.89,synthetic-spend-RS.csv,True,direct
TXN-002724,RS,2026-04,2026-04-24,WLF-1005,sup-aster,3M,Solvent-based silicone remover,kabine,86,piece,32.51,2795.86,EUR,2795.86,synthetic-spend-RS.csv,True,direct
TXN-002725,RS,2026-05,2026-05-03,WLF-1005,sup-aster,3M,Solvent-based silicone remover,kabine,216,piece,32.51,7022.16,EUR,7022.16,synthetic-spend-RS.csv,True,direct
TXN-002726,RS,2026-06,2026-06-18,WLF-1005,sup-aster,3M,Solvent-based silicone remover,kabine,243,piece,32.51,7899.93,EUR,7899.93,synthetic-spend-RS.csv,True,direct
TXN-002727,RS,2026-07,2026-07-26,WLF-1005,sup-aster,3M,Solvent-based silicone remover,kabine,190,piece,32.51,6176.9,EUR,6176.9,synthetic-spend-RS.csv,True,direct
TXN-002728,RS,2026-08,2026-08-26,WLF-1005,sup-aster,3M,Solvent-based silicone remover,kabine,186,piece,32.51,6046.86,EUR,6046.86,synthetic-spend-RS.csv,True,direct
TXN-002729,RS,2026-01,2026-01-08,WLF-1006,sup-velora,Glasurit (BASF),Half mask / spray-painting respirator,psa,49,piece,30.4,1489.6,EUR,1489.6,synthetic-spend-RS.csv,True,indirect
TXN-002730,RS,2026-02,2026-02-23,WLF-1006,sup-velora,Glasurit (BASF),Half mask / spray-painting respirator,psa,172,piece,30.4,5228.8,EUR,5228.8,synthetic-spend-RS.csv,True,indirect
TXN-002731,RS,2026-03,2026-03-18,WLF-1006,sup-velora,Glasurit (BASF),Half mask / spray-painting respirator,psa,292,piece,30.4,8876.8,EUR,8876.8,synthetic-spend-RS.csv,True,indirect
TXN-002732,RS,2026-04,2026-04-01,WLF-1006,sup-velora,Glasurit (BASF),Half mask / spray-painting respirator,psa,294,piece,30.4,8937.6,EUR,8937.6,synthetic-spend-RS.csv,True,indirect
TXN-002733,RS,2026-05,2026-05-12,WLF-1006,sup-velora,Glasurit (BASF),Half mask / spray-painting respirator,psa,279,piece,30.4,8481.6,EUR,8481.6,synthetic-spend-RS.csv,True,indirect
TXN-002734,RS,2026-06,2026-06-08,WLF-1006,sup-velora,Glasurit (BASF),Half mask / spray-painting respirator,psa,150,piece,30.4,4560.0,EUR,4560.0,synthetic-spend-RS.csv,True,indirect
TXN-002735,RS,2026-07,2026-07-18,WLF-1006,sup-velora,Glasurit (BASF),Half mask / spray-painting respirator,psa,178,piece,30.4,5411.2,EUR,5411.2,synthetic-spend-RS.csv,True,indirect
TXN-002736,RS,2026-08,2026-08-28,WLF-1006,sup-velora,Glasurit (BASF),Half mask / spray-painting respirator,psa,102,piece,30.4,3100.8,EUR,3100.8,synthetic-spend-RS.csv,True,indirect
TXN-002737,RS,2026-01,2026-01-24,WLF-1007,sup-lumen,Finixa,"Random orbital sander 150 mm, 5 mm orbit",werkstatt,54,piece,53.14,2869.56,EUR,2869.56,synthetic-spend-RS.csv,True,direct
TXN-002738,RS,2026-02,2026-02-11,WLF-1007,sup-lumen,Finixa,"Random orbital sander 150 mm, 5 mm orbit",werkstatt,266,piece,53.14,14135.24,EUR,14135.24,synthetic-spend-RS.csv,True,direct
TXN-002739,RS,2026-03,2026-03-19,WLF-1007,sup-lumen,Finixa,"Random orbital sander 150 mm, 5 mm orbit",werkstatt,256,piece,53.14,13603.84,EUR,13603.84,synthetic-spend-RS.csv,True,direct
TXN-002740,RS,2026-04,2026-04-17,WLF-1007,sup-lumen,Finixa,"Random orbital sander 150 mm, 5 mm orbit",werkstatt,103,piece,53.14,5473.42,EUR,5473.42,synthetic-spend-RS.csv,True,direct
TXN-002741,RS,2026-05,2026-05-26,WLF-1007,sup-lumen,Finixa,"Random orbital sander 150 mm, 5 mm orbit",werkstatt,327,piece,53.14,17376.78,EUR,17376.78,synthetic-spend-RS.csv,True,direct
TXN-002742,RS,2026-06,2026-06-21,WLF-1007,sup-lumen,Finixa,"Random orbital sander 150 mm, 5 mm orbit",werkstatt,113,piece,53.14,6004.82,EUR,6004.82,synthetic-spend-RS.csv,True,direct
TXN-002743,RS,2026-07,2026-07-03,WLF-1007,sup-lumen,Finixa,"Random orbital sander 150 mm, 5 mm orbit",werkstatt,62,piece,53.14,3294.68,EUR,3294.68,synthetic-spend-RS.csv,True,direct
TXN-002744,RS,2026-08,2026-08-01,WLF-1007,sup-lumen,Finixa,"Random orbital sander 150 mm, 5 mm orbit",werkstatt,60,piece,53.14,3188.4,EUR,3188.4,synthetic-spend-RS.csv,True,direct
TXN-002745,RS,2026-01,2026-01-21,WLF-1008,sup-novex,Mirka,Paint cup for compressed-air spray gun,lack,40,piece,49.5,1980.0,EUR,1980.0,synthetic-spend-RS.csv,True,direct
TXN-002746,RS,2026-02,2026-02-17,WLF-1008,sup-novex,Mirka,Paint cup for compressed-air spray gun,lack,41,piece,49.5,2029.5,EUR,2029.5,synthetic-spend-RS.csv,True,direct
TXN-002747,RS,2026-03,2026-03-21,WLF-1008,sup-novex,Mirka,Paint cup for compressed-air spray gun,lack,328,piece,49.5,16236.0,EUR,16236.0,synthetic-spend-RS.csv,True,direct
TXN-002748,RS,2026-04,2026-04-05,WLF-1008,sup-novex,Mirka,Paint cup for compressed-air spray gun,lack,129,piece,49.5,6385.5,EUR,6385.5,synthetic-spend-RS.csv,True,direct
TXN-002749,RS,2026-05,2026-05-13,WLF-1008,sup-novex,Mirka,Paint cup for compressed-air spray gun,lack,189,piece,49.5,9355.5,EUR,9355.5,synthetic-spend-RS.csv,True,direct
TXN-002750,RS,2026-06,2026-06-04,WLF-1008,sup-novex,Mirka,Paint cup for compressed-air spray gun,lack,89,piece,49.5,4405.5,EUR,4405.5,synthetic-spend-RS.csv,True,direct
TXN-002751,RS,2026-07,2026-07-11,WLF-1008,sup-novex,Mirka,Paint cup for compressed-air spray gun,lack,247,piece,49.5,12226.5,EUR,12226.5,synthetic-spend-RS.csv,True,direct
TXN-002752,RS,2026-08,2026-08-24,WLF-1008,sup-novex,Mirka,Paint cup for compressed-air spray gun,lack,309,piece,49.5,15295.5,EUR,15295.5,synthetic-spend-RS.csv,True,direct
TXN-002753,RS,2026-01,2026-01-20,WLF-1009,sup-arcus,SATA,"Sanding discs 150 mm, intermediate",schleif,26,piece,51.02,1326.52,EUR,1326.52,synthetic-spend-RS.csv,True,indirect
TXN-002754,RS,2026-02,2026-02-16,WLF-1009,sup-arcus,SATA,"Sanding discs 150 mm, intermediate",schleif,185,piece,51.02,9438.7,EUR,9438.7,synthetic-spend-RS.csv,True,indirect
TXN-002755,RS,2026-03,2026-03-11,WLF-1009,sup-arcus,SATA,"Sanding discs 150 mm, intermediate",schleif,130,piece,51.02,6632.6,EUR,6632.6,synthetic-spend-RS.csv,True,indirect
TXN-002756,RS,2026-04,2026-04-03,WLF-1009,sup-arcus,SATA,"Sanding discs 150 mm, intermediate",schleif,293,piece,51.02,14948.86,EUR,14948.86,synthetic-spend-RS.csv,True,indirect
TXN-002757,RS,2026-05,2026-05-14,WLF-1009,sup-arcus,SATA,"Sanding discs 150 mm, intermediate",schleif,288,piece,51.02,14693.76,EUR,14693.76,synthetic-spend-RS.csv,True,indirect
TXN-002758,RS,2026-06,2026-06-08,WLF-1009,sup-arcus,SATA,"Sanding discs 150 mm, intermediate",schleif,40,piece,51.02,2040.8,EUR,2040.8,synthetic-spend-RS.csv,True,indirect
TXN-002759,RS,2026-07,2026-07-28,WLF-1009,sup-arcus,SATA,"Sanding discs 150 mm, intermediate",schleif,133,piece,51.02,6785.66,EUR,6785.66,synthetic-spend-RS.csv,True,indirect
TXN-002760,RS,2026-08,2026-08-18,WLF-1009,sup-arcus,SATA,"Sanding discs 150 mm, intermediate",schleif,244,piece,51.02,12448.88,EUR,12448.88,synthetic-spend-RS.csv,True,indirect
TXN-002761,RS,2026-01,2026-01-23,WLF-1010,sup-cobalt,tesa,Fine-line tape,kleb,324,piece,20.27,6567.48,EUR,6567.48,synthetic-spend-RS.csv,True,direct
TXN-002762,RS,2026-02,2026-02-03,WLF-1010,sup-cobalt,tesa,Fine-line tape,kleb,316,piece,20.27,6405.32,EUR,6405.32,synthetic-spend-RS.csv,True,direct
TXN-002763,RS,2026-03,2026-03-22,WLF-1010,sup-cobalt,tesa,Fine-line tape,kleb,213,piece,20.27,4317.51,EUR,4317.51,synthetic-spend-RS.csv,True,direct
TXN-002764,RS,2026-04,2026-04-25,WLF-1010,sup-cobalt,tesa,Fine-line tape,kleb,141,piece,20.27,2858.07,EUR,2858.07,synthetic-spend-RS.csv,True,direct
TXN-002765,RS,2026-05,2026-05-03,WLF-1010,sup-cobalt,tesa,Fine-line tape,kleb,153,piece,20.27,3101.31,EUR,3101.31,synthetic-spend-RS.csv,True,direct
TXN-002766,RS,2026-06,2026-06-01,WLF-1010,sup-cobalt,tesa,Fine-line tape,kleb,289,piece,20.27,5858.03,EUR,5858.03,synthetic-spend-RS.csv,True,direct
TXN-002767,RS,2026-07,2026-07-16,WLF-1010,sup-cobalt,tesa,Fine-line tape,kleb,125,piece,20.27,2533.75,EUR,2533.75,synthetic-spend-RS.csv,True,direct
TXN-002768,RS,2026-08,2026-08-22,WLF-1010,sup-cobalt,tesa,Fine-line tape,kleb,272,piece,20.27,5513.44,EUR,5513.44,synthetic-spend-RS.csv,True,direct
TXN-002769,RS,2026-01,2026-01-08,WLF-1011,sup-solis,PPG / Nexa,Polish (fine / anti-hologram),polier,57,piece,15.54,885.78,EUR,885.78,synthetic-spend-RS.csv,True,direct
TXN-002770,RS,2026-02,2026-02-22,WLF-1011,sup-solis,PPG / Nexa,Polish (fine / anti-hologram),polier,303,piece,15.54,4708.62,EUR,4708.62,synthetic-spend-RS.csv,True,direct
TXN-002771,RS,2026-03,2026-03-04,WLF-1011,sup-solis,PPG / Nexa,Polish (fine / anti-hologram),polier,27,piece,15.54,419.58,EUR,419.58,synthetic-spend-RS.csv,True,direct
TXN-002772,RS,2026-04,2026-04-13,WLF-1011,sup-solis,PPG / Nexa,Polish (fine / anti-hologram),polier,53,piece,15.54,823.62,EUR,823.62,synthetic-spend-RS.csv,True,direct
TXN-002773,RS,2026-05,2026-05-15,WLF-1011,sup-solis,PPG / Nexa,Polish (fine / anti-hologram),polier,173,piece,15.54,2688.42,EUR,2688.42,synthetic-spend-RS.csv,True,direct
TXN-002774,RS,2026-06,2026-06-06,WLF-1011,sup-solis,PPG / Nexa,Polish (fine / anti-hologram),polier,169,piece,15.54,2626.26,EUR,2626.26,synthetic-spend-RS.csv,True,direct
TXN-002775,RS,2026-07,2026-07-09,WLF-1011,sup-solis,PPG / Nexa,Polish (fine / anti-hologram),polier,280,piece,15.54,4351.2,EUR,4351.2,synthetic-spend-RS.csv,True,direct
TXN-002776,RS,2026-08,2026-08-28,WLF-1011,sup-solis,PPG / Nexa,Polish (fine / anti-hologram),polier,124,piece,15.54,1926.96,EUR,1926.96,synthetic-spend-RS.csv,True,direct
TXN-002777,RS,2026-01,2026-01-26,WLF-1012,sup-orbit,Würth,Water-based silicone remover,kabine,129,piece,40.96,5283.84,EUR,5283.84,synthetic-spend-RS.csv,True,indirect
TXN-002778,RS,2026-02,2026-02-11,WLF-1012,sup-orbit,Würth,Water-based silicone remover,kabine,110,piece,40.96,4505.6,EUR,4505.6,synthetic-spend-RS.csv,True,indirect
TXN-002779,RS,2026-03,2026-03-16,WLF-1012,sup-orbit,Würth,Water-based silicone remover,kabine,128,piece,40.96,5242.88,EUR,5242.88,synthetic-spend-RS.csv,True,indirect
TXN-002780,RS,2026-04,2026-04-28,WLF-1012,sup-orbit,Würth,Water-based silicone remover,kabine,113,piece,40.96,4628.48,EUR,4628.48,synthetic-spend-RS.csv,True,indirect
TXN-002781,RS,2026-05,2026-05-13,WLF-1012,sup-orbit,Würth,Water-based silicone remover,kabine,80,piece,40.96,3276.8,EUR,3276.8,synthetic-spend-RS.csv,True,indirect
TXN-002782,RS,2026-06,2026-06-26,WLF-1012,sup-orbit,Würth,Water-based silicone remover,kabine,261,piece,40.96,10690.56,EUR,10690.56,synthetic-spend-RS.csv,True,indirect
TXN-002783,RS,2026-07,2026-07-24,WLF-1012,sup-orbit,Würth,Water-based silicone remover,kabine,158,piece,40.96,6471.68,EUR,6471.68,synthetic-spend-RS.csv,True,indirect
TXN-002784,RS,2026-08,2026-08-14,WLF-1012,sup-orbit,Würth,Water-based silicone remover,kabine,236,piece,40.96,9666.56,EUR,9666.56,synthetic-spend-RS.csv,True,indirect
TXN-002785,RS,2026-01,2026-01-03,WLF-1013,sup-helio,Kovax,A2 filter cartridges,psa,324,piece,4.9,1587.6,EUR,1587.6,synthetic-spend-RS.csv,True,direct
TXN-002786,RS,2026-02,2026-02-13,WLF-1013,sup-helio,Kovax,A2 filter cartridges,psa,141,piece,4.9,690.9,EUR,690.9,synthetic-spend-RS.csv,True,direct
TXN-002787,RS,2026-03,2026-03-26,WLF-1013,sup-helio,Kovax,A2 filter cartridges,psa,254,piece,4.9,1244.6,EUR,1244.6,synthetic-spend-RS.csv,True,direct
TXN-002788,RS,2026-04,2026-04-04,WLF-1013,sup-helio,Kovax,A2 filter cartridges,psa,199,piece,4.9,975.1,EUR,975.1,synthetic-spend-RS.csv,True,direct
TXN-002789,RS,2026-05,2026-05-02,WLF-1013,sup-helio,Kovax,A2 filter cartridges,psa,31,piece,4.9,151.9,EUR,151.9,synthetic-spend-RS.csv,True,direct
TXN-002790,RS,2026-06,2026-06-05,WLF-1013,sup-helio,Kovax,A2 filter cartridges,psa,44,piece,4.9,215.6,EUR,215.6,synthetic-spend-RS.csv,True,direct
TXN-002791,RS,2026-07,2026-07-20,WLF-1013,sup-helio,Kovax,A2 filter cartridges,psa,110,piece,4.9,539.0,EUR,539.0,synthetic-spend-RS.csv,True,direct
TXN-002792,RS,2026-08,2026-08-20,WLF-1013,sup-helio,Kovax,A2 filter cartridges,psa,96,piece,4.9,470.4,EUR,470.4,synthetic-spend-RS.csv,True,direct
TXN-002793,RS,2026-01,2026-01-20,WLF-1014,sup-vanta,Starcke,Random orbital sander 77 mm,werkstatt,122,piece,32.87,4010.14,EUR,4010.14,synthetic-spend-RS.csv,True,direct
TXN-002794,RS,2026-02,2026-02-24,WLF-1014,sup-vanta,Starcke,Random orbital sander 77 mm,werkstatt,152,piece,32.87,4996.24,EUR,4996.24,synthetic-spend-RS.csv,True,direct
TXN-002795,RS,2026-03,2026-03-15,WLF-1014,sup-vanta,Starcke,Random orbital sander 77 mm,werkstatt,129,piece,32.87,4240.23,EUR,4240.23,synthetic-spend-RS.csv,True,direct
TXN-002796,RS,2026-04,2026-04-03,WLF-1014,sup-vanta,Starcke,Random orbital sander 77 mm,werkstatt,298,piece,32.87,9795.26,EUR,9795.26,synthetic-spend-RS.csv,True,direct
TXN-002797,RS,2026-05,2026-05-06,WLF-1014,sup-vanta,Starcke,Random orbital sander 77 mm,werkstatt,172,piece,32.87,5653.64,EUR,5653.64,synthetic-spend-RS.csv,True,direct
TXN-002798,RS,2026-06,2026-06-26,WLF-1014,sup-vanta,Starcke,Random orbital sander 77 mm,werkstatt,295,piece,32.87,9696.65,EUR,9696.65,synthetic-spend-RS.csv,True,direct
TXN-002799,RS,2026-07,2026-07-04,WLF-1014,sup-vanta,Starcke,Random orbital sander 77 mm,werkstatt,167,piece,32.87,5489.29,EUR,5489.29,synthetic-spend-RS.csv,True,direct
TXN-002800,RS,2026-08,2026-08-10,WLF-1014,sup-vanta,Starcke,Random orbital sander 77 mm,werkstatt,158,piece,32.87,5193.46,EUR,5193.46,synthetic-spend-RS.csv,True,direct
TXN-002801,RS,2026-01,2026-01-17,WLF-1015,sup-aster,3M,Paint strainers 125 µ / 200 µ,lack,262,piece,82.23,21544.26,EUR,21544.26,synthetic-spend-RS.csv,True,indirect
TXN-002802,RS,2026-02,2026-02-28,WLF-1015,sup-aster,3M,Paint strainers 125 µ / 200 µ,lack,162,piece,82.23,13321.26,EUR,13321.26,synthetic-spend-RS.csv,True,indirect
TXN-002803,RS,2026-03,2026-03-17,WLF-1015,sup-aster,3M,Paint strainers 125 µ / 200 µ,lack,69,piece,82.23,5673.87,EUR,5673.87,synthetic-spend-RS.csv,True,indirect
TXN-002804,RS,2026-04,2026-04-26,WLF-1015,sup-aster,3M,Paint strainers 125 µ / 200 µ,lack,75,piece,82.23,6167.25,EUR,6167.25,synthetic-spend-RS.csv,True,indirect
TXN-002805,RS,2026-05,2026-05-03,WLF-1015,sup-aster,3M,Paint strainers 125 µ / 200 µ,lack,137,piece,82.23,11265.51,EUR,11265.51,synthetic-spend-RS.csv,True,indirect
TXN-002806,RS,2026-06,2026-06-17,WLF-1015,sup-aster,3M,Paint strainers 125 µ / 200 µ,lack,72,piece,82.23,5920.56,EUR,5920.56,synthetic-spend-RS.csv,True,indirect
TXN-002807,RS,2026-07,2026-07-01,WLF-1015,sup-aster,3M,Paint strainers 125 µ / 200 µ,lack,27,piece,82.23,2220.21,EUR,2220.21,synthetic-spend-RS.csv,True,indirect
TXN-002808,RS,2026-08,2026-08-09,WLF-1015,sup-aster,3M,Paint strainers 125 µ / 200 µ,lack,28,piece,82.23,2302.44,EUR,2302.44,synthetic-spend-RS.csv,True,indirect
TXN-002809,RS,2026-01,2026-01-22,WLF-1016,sup-velora,Glasurit (BASF),"Sanding discs 150 mm, fine",schleif,145,piece,67.61,9803.45,EUR,9803.45,synthetic-spend-RS.csv,True,direct
TXN-002810,RS,2026-02,2026-02-15,WLF-1016,sup-velora,Glasurit (BASF),"Sanding discs 150 mm, fine",schleif,264,piece,67.61,17849.04,EUR,17849.04,synthetic-spend-RS.csv,True,direct
TXN-002811,RS,2026-03,2026-03-06,WLF-1016,sup-velora,Glasurit (BASF),"Sanding discs 150 mm, fine",schleif,140,piece,67.61,9465.4,EUR,9465.4,synthetic-spend-RS.csv,True,direct
TXN-002812,RS,2026-04,2026-04-02,WLF-1016,sup-velora,Glasurit (BASF),"Sanding discs 150 mm, fine",schleif,181,piece,67.61,12237.41,EUR,12237.41,synthetic-spend-RS.csv,True,direct
TXN-002813,RS,2026-05,2026-05-18,WLF-1016,sup-velora,Glasurit (BASF),"Sanding discs 150 mm, fine",schleif,318,piece,67.61,21499.98,EUR,21499.98,synthetic-spend-RS.csv,True,direct
TXN-002814,RS,2026-06,2026-06-16,WLF-1016,sup-velora,Glasurit (BASF),"Sanding discs 150 mm, fine",schleif,107,piece,67.61,7234.27,EUR,7234.27,synthetic-spend-RS.csv,True,direct
TXN-002815,RS,2026-07,2026-07-25,WLF-1016,sup-velora,Glasurit (BASF),"Sanding discs 150 mm, fine",schleif,313,piece,67.61,21161.93,EUR,21161.93,synthetic-spend-RS.csv,True,direct
TXN-002816,RS,2026-08,2026-08-10,WLF-1016,sup-velora,Glasurit (BASF),"Sanding discs 150 mm, fine",schleif,106,piece,67.61,7166.66,EUR,7166.66,synthetic-spend-RS.csv,True,direct
TXN-002817,RS,2026-01,2026-01-22,WLF-1017,sup-lumen,Finixa,Contour tape,kleb,69,piece,19.58,1351.02,EUR,1351.02,synthetic-spend-RS.csv,False,direct
TXN-002818,RS,2026-02,2026-02-15,WLF-1017,sup-lumen,Finixa,Contour tape,kleb,106,piece,19.58,2075.48,EUR,2075.48,synthetic-spend-RS.csv,False,direct
TXN-002819,RS,2026-03,2026-03-02,WLF-1017,sup-lumen,Finixa,Contour tape,kleb,301,piece,19.58,5893.58,EUR,5893.58,synthetic-spend-RS.csv,False,direct
TXN-002820,RS,2026-04,2026-04-21,WLF-1017,sup-lumen,Finixa,Contour tape,kleb,138,piece,19.58,2702.04,EUR,2702.04,synthetic-spend-RS.csv,False,direct
TXN-002821,RS,2026-05,2026-05-22,WLF-1017,sup-lumen,Finixa,Contour tape,kleb,295,piece,19.58,5776.1,EUR,5776.1,synthetic-spend-RS.csv,False,direct
TXN-002822,RS,2026-06,2026-06-06,WLF-1017,sup-lumen,Finixa,Contour tape,kleb,218,piece,19.58,4268.44,EUR,4268.44,synthetic-spend-RS.csv,False,direct
TXN-002823,RS,2026-07,2026-07-08,WLF-1017,sup-lumen,Finixa,Contour tape,kleb,313,piece,19.58,6128.54,EUR,6128.54,synthetic-spend-RS.csv,False,direct
TXN-002824,RS,2026-08,2026-08-14,WLF-1017,sup-lumen,Finixa,Contour tape,kleb,203,piece,19.58,3974.74,EUR,3974.74,synthetic-spend-RS.csv,False,direct
TXN-002825,RS,2026-01,2026-01-27,WLF-1018,sup-novex,Mirka,One-step cutting and polishing compound,polier,151,piece,23.98,3620.98,EUR,3620.98,synthetic-spend-RS.csv,False,indirect
TXN-002826,RS,2026-02,2026-02-21,WLF-1018,sup-novex,Mirka,One-step cutting and polishing compound,polier,63,piece,23.98,1510.74,EUR,1510.74,synthetic-spend-RS.csv,False,indirect
TXN-002827,RS,2026-03,2026-03-19,WLF-1018,sup-novex,Mirka,One-step cutting and polishing compound,polier,255,piece,23.98,6114.9,EUR,6114.9,synthetic-spend-RS.csv,False,indirect
TXN-002828,RS,2026-04,2026-04-10,WLF-1018,sup-novex,Mirka,One-step cutting and polishing compound,polier,167,piece,23.98,4004.66,EUR,4004.66,synthetic-spend-RS.csv,False,indirect
TXN-002829,RS,2026-05,2026-05-17,WLF-1018,sup-novex,Mirka,One-step cutting and polishing compound,polier,141,piece,23.98,3381.18,EUR,3381.18,synthetic-spend-RS.csv,False,indirect
TXN-002830,RS,2026-06,2026-06-11,WLF-1018,sup-novex,Mirka,One-step cutting and polishing compound,polier,97,piece,23.98,2326.06,EUR,2326.06,synthetic-spend-RS.csv,False,indirect
TXN-002831,RS,2026-07,2026-07-15,WLF-1018,sup-novex,Mirka,One-step cutting and polishing compound,polier,280,piece,23.98,6714.4,EUR,6714.4,synthetic-spend-RS.csv,False,indirect
TXN-002832,RS,2026-08,2026-08-23,WLF-1018,sup-novex,Mirka,One-step cutting and polishing compound,polier,54,piece,23.98,1294.92,EUR,1294.92,synthetic-spend-RS.csv,False,indirect
TXN-002833,RS,2026-01,2026-01-19,WLF-1019,sup-arcus,SATA,Pre-saturated cleaning wipes,kabine,177,piece,48.3,8549.1,EUR,8549.1,synthetic-spend-RS.csv,False,direct
TXN-002834,RS,2026-02,2026-02-22,WLF-1019,sup-arcus,SATA,Pre-saturated cleaning wipes,kabine,53,piece,48.3,2559.9,EUR,2559.9,synthetic-spend-RS.csv,False,direct
TXN-002835,RS,2026-03,2026-03-15,WLF-1019,sup-arcus,SATA,Pre-saturated cleaning wipes,kabine,96,piece,48.3,4636.8,EUR,4636.8,synthetic-spend-RS.csv,False,direct
TXN-002836,RS,2026-04,2026-04-03,WLF-1019,sup-arcus,SATA,Pre-saturated cleaning wipes,kabine,217,piece,48.3,10481.1,EUR,10481.1,synthetic-spend-RS.csv,False,direct
TXN-002837,RS,2026-05,2026-05-10,WLF-1019,sup-arcus,SATA,Pre-saturated cleaning wipes,kabine,44,piece,48.3,2125.2,EUR,2125.2,synthetic-spend-RS.csv,False,direct
TXN-002838,RS,2026-06,2026-06-22,WLF-1019,sup-arcus,SATA,Pre-saturated cleaning wipes,kabine,40,piece,48.3,1932.0,EUR,1932.0,synthetic-spend-RS.csv,False,direct
TXN-002839,RS,2026-07,2026-07-28,WLF-1019,sup-arcus,SATA,Pre-saturated cleaning wipes,kabine,235,piece,48.3,11350.5,EUR,11350.5,synthetic-spend-RS.csv,False,direct
TXN-002840,RS,2026-08,2026-08-13,WLF-1019,sup-arcus,SATA,Pre-saturated cleaning wipes,kabine,248,piece,48.3,11978.4,EUR,11978.4,synthetic-spend-RS.csv,False,direct
TXN-002841,RS,2026-01,2026-01-04,WLF-1020,sup-cobalt,tesa,P3 particulate filters,psa,241,piece,30.86,7437.26,EUR,7437.26,synthetic-spend-RS.csv,False,direct
TXN-002842,RS,2026-02,2026-02-23,WLF-1020,sup-cobalt,tesa,P3 particulate filters,psa,77,piece,30.86,2376.22,EUR,2376.22,synthetic-spend-RS.csv,False,direct
TXN-002843,RS,2026-03,2026-03-26,WLF-1020,sup-cobalt,tesa,P3 particulate filters,psa,96,piece,30.86,2962.56,EUR,2962.56,synthetic-spend-RS.csv,False,direct
TXN-002844,RS,2026-04,2026-04-20,WLF-1020,sup-cobalt,tesa,P3 particulate filters,psa,189,piece,30.86,5832.54,EUR,5832.54,synthetic-spend-RS.csv,False,direct
TXN-002845,RS,2026-05,2026-05-28,WLF-1020,sup-cobalt,tesa,P3 particulate filters,psa,185,piece,30.86,5709.1,EUR,5709.1,synthetic-spend-RS.csv,False,direct
TXN-002846,RS,2026-06,2026-06-09,WLF-1020,sup-cobalt,tesa,P3 particulate filters,psa,235,piece,30.86,7252.1,EUR,7252.1,synthetic-spend-RS.csv,False,direct
TXN-002847,RS,2026-07,2026-07-04,WLF-1020,sup-cobalt,tesa,P3 particulate filters,psa,259,piece,30.86,7992.74,EUR,7992.74,synthetic-spend-RS.csv,False,direct
TXN-002848,RS,2026-08,2026-08-08,WLF-1020,sup-cobalt,tesa,P3 particulate filters,psa,103,piece,30.86,3178.58,EUR,3178.58,synthetic-spend-RS.csv,False,direct
TXN-002849,RS,2026-01,2026-01-03,WLF-1021,sup-solis,PPG / Nexa,Electric random orbital sander 150 mm,werkstatt,256,piece,11.19,2864.64,EUR,2864.64,synthetic-spend-RS.csv,False,indirect
TXN-002850,RS,2026-02,2026-02-09,WLF-1021,sup-solis,PPG / Nexa,Electric random orbital sander 150 mm,werkstatt,291,piece,11.19,3256.29,EUR,3256.29,synthetic-spend-RS.csv,False,indirect
TXN-002851,RS,2026-03,2026-03-06,WLF-1021,sup-solis,PPG / Nexa,Electric random orbital sander 150 mm,werkstatt,29,piece,11.19,324.51,EUR,324.51,synthetic-spend-RS.csv,False,indirect
TXN-002852,RS,2026-04,2026-04-15,WLF-1021,sup-solis,PPG / Nexa,Electric random orbital sander 150 mm,werkstatt,86,piece,11.19,962.34,EUR,962.34,synthetic-spend-RS.csv,False,indirect
TXN-002853,RS,2026-05,2026-05-20,WLF-1021,sup-solis,PPG / Nexa,Electric random orbital sander 150 mm,werkstatt,167,piece,11.19,1868.73,EUR,1868.73,synthetic-spend-RS.csv,False,indirect
TXN-002854,RS,2026-06,2026-06-25,WLF-1021,sup-solis,PPG / Nexa,Electric random orbital sander 150 mm,werkstatt,65,piece,11.19,727.35,EUR,727.35,synthetic-spend-RS.csv,False,indirect
TXN-002855,RS,2026-07,2026-07-22,WLF-1021,sup-solis,PPG / Nexa,Electric random orbital sander 150 mm,werkstatt,327,piece,11.19,3659.13,EUR,3659.13,synthetic-spend-RS.csv,False,indirect
TXN-002856,RS,2026-08,2026-08-19,WLF-1021,sup-solis,PPG / Nexa,Electric random orbital sander 150 mm,werkstatt,300,piece,11.19,3357.0,EUR,3357.0,synthetic-spend-RS.csv,False,indirect
TXN-002857,BA,2026-01,2026-01-25,WLF-1001,sup-orbit,Würth,Graduated mixing cup,lack,50,piece,15.88,794.0,EUR,794.0,synthetic-spend-BA.csv,True,direct
TXN-002858,BA,2026-02,2026-02-02,WLF-1001,sup-orbit,Würth,Graduated mixing cup,lack,94,piece,15.88,1492.72,EUR,1492.72,synthetic-spend-BA.csv,True,direct
TXN-002859,BA,2026-03,2026-03-26,WLF-1001,sup-orbit,Würth,Graduated mixing cup,lack,318,piece,15.88,5049.84,EUR,5049.84,synthetic-spend-BA.csv,True,direct
TXN-002860,BA,2026-04,2026-04-24,WLF-1001,sup-orbit,Würth,Graduated mixing cup,lack,36,piece,15.88,571.68,EUR,571.68,synthetic-spend-BA.csv,True,direct
TXN-002861,BA,2026-05,2026-05-18,WLF-1001,sup-orbit,Würth,Graduated mixing cup,lack,105,piece,15.88,1667.4,EUR,1667.4,synthetic-spend-BA.csv,True,direct
TXN-002862,BA,2026-06,2026-06-25,WLF-1001,sup-orbit,Würth,Graduated mixing cup,lack,130,piece,15.88,2064.4,EUR,2064.4,synthetic-spend-BA.csv,True,direct
TXN-002863,BA,2026-07,2026-07-20,WLF-1001,sup-orbit,Würth,Graduated mixing cup,lack,204,piece,15.88,3239.52,EUR,3239.52,synthetic-spend-BA.csv,True,direct
TXN-002864,BA,2026-08,2026-08-23,WLF-1001,sup-orbit,Würth,Graduated mixing cup,lack,315,piece,15.88,5002.2,EUR,5002.2,synthetic-spend-BA.csv,True,direct
TXN-002865,BA,2026-01,2026-01-03,WLF-1002,sup-helio,Kovax,"Sanding discs 150 mm, coarse",schleif,204,piece,68.07,13886.28,EUR,13886.28,synthetic-spend-BA.csv,True,indirect
TXN-002866,BA,2026-02,2026-02-01,WLF-1002,sup-helio,Kovax,"Sanding discs 150 mm, coarse",schleif,188,piece,68.07,12797.16,EUR,12797.16,synthetic-spend-BA.csv,True,indirect
TXN-002867,BA,2026-03,2026-03-09,WLF-1002,sup-helio,Kovax,"Sanding discs 150 mm, coarse",schleif,256,piece,68.07,17425.92,EUR,17425.92,synthetic-spend-BA.csv,True,indirect
TXN-002868,BA,2026-04,2026-04-05,WLF-1002,sup-helio,Kovax,"Sanding discs 150 mm, coarse",schleif,189,piece,68.07,12865.23,EUR,12865.23,synthetic-spend-BA.csv,True,indirect
TXN-002869,BA,2026-05,2026-05-12,WLF-1002,sup-helio,Kovax,"Sanding discs 150 mm, coarse",schleif,84,piece,68.07,5717.88,EUR,5717.88,synthetic-spend-BA.csv,True,indirect
TXN-002870,BA,2026-06,2026-06-16,WLF-1002,sup-helio,Kovax,"Sanding discs 150 mm, coarse",schleif,314,piece,68.07,21373.98,EUR,21373.98,synthetic-spend-BA.csv,True,indirect
TXN-002871,BA,2026-07,2026-07-04,WLF-1002,sup-helio,Kovax,"Sanding discs 150 mm, coarse",schleif,294,piece,68.07,20012.58,EUR,20012.58,synthetic-spend-BA.csv,True,indirect
TXN-002872,BA,2026-08,2026-08-13,WLF-1002,sup-helio,Kovax,"Sanding discs 150 mm, coarse",schleif,68,piece,68.07,4628.76,EUR,4628.76,synthetic-spend-BA.csv,True,indirect
TXN-002873,BA,2026-01,2026-01-09,WLF-1003,sup-vanta,Starcke,Standard masking tape,kleb,328,piece,26.46,8678.88,EUR,8678.88,synthetic-spend-BA.csv,True,direct
TXN-002874,BA,2026-02,2026-02-26,WLF-1003,sup-vanta,Starcke,Standard masking tape,kleb,275,piece,26.46,7276.5,EUR,7276.5,synthetic-spend-BA.csv,True,direct
TXN-002875,BA,2026-03,2026-03-03,WLF-1003,sup-vanta,Starcke,Standard masking tape,kleb,214,piece,26.46,5662.44,EUR,5662.44,synthetic-spend-BA.csv,True,direct
TXN-002876,BA,2026-04,2026-04-28,WLF-1003,sup-vanta,Starcke,Standard masking tape,kleb,246,piece,26.46,6509.16,EUR,6509.16,synthetic-spend-BA.csv,True,direct
TXN-002877,BA,2026-05,2026-05-23,WLF-1003,sup-vanta,Starcke,Standard masking tape,kleb,115,piece,26.46,3042.9,EUR,3042.9,synthetic-spend-BA.csv,True,direct
TXN-002878,BA,2026-06,2026-06-21,WLF-1003,sup-vanta,Starcke,Standard masking tape,kleb,309,piece,26.46,8176.14,EUR,8176.14,synthetic-spend-BA.csv,True,direct
TXN-002879,BA,2026-07,2026-07-03,WLF-1003,sup-vanta,Starcke,Standard masking tape,kleb,217,piece,26.46,5741.82,EUR,5741.82,synthetic-spend-BA.csv,True,direct
TXN-002880,BA,2026-08,2026-08-07,WLF-1003,sup-vanta,Starcke,Standard masking tape,kleb,132,piece,26.46,3492.72,EUR,3492.72,synthetic-spend-BA.csv,True,direct
TXN-002881,BA,2026-01,2026-01-20,WLF-1004,sup-aster,3M,Cutting compound (coarse/medium),polier,29,piece,18.43,534.47,EUR,534.47,synthetic-spend-BA.csv,True,direct
TXN-002882,BA,2026-02,2026-02-25,WLF-1004,sup-aster,3M,Cutting compound (coarse/medium),polier,216,piece,18.43,3980.88,EUR,3980.88,synthetic-spend-BA.csv,True,direct
TXN-002883,BA,2026-03,2026-03-28,WLF-1004,sup-aster,3M,Cutting compound (coarse/medium),polier,186,piece,18.43,3427.98,EUR,3427.98,synthetic-spend-BA.csv,True,direct
TXN-002884,BA,2026-04,2026-04-20,WLF-1004,sup-aster,3M,Cutting compound (coarse/medium),polier,273,piece,18.43,5031.39,EUR,5031.39,synthetic-spend-BA.csv,True,direct
TXN-002885,BA,2026-05,2026-05-12,WLF-1004,sup-aster,3M,Cutting compound (coarse/medium),polier,72,piece,18.43,1326.96,EUR,1326.96,synthetic-spend-BA.csv,True,direct
TXN-002886,BA,2026-06,2026-06-26,WLF-1004,sup-aster,3M,Cutting compound (coarse/medium),polier,216,piece,18.43,3980.88,EUR,3980.88,synthetic-spend-BA.csv,True,direct
TXN-002887,BA,2026-07,2026-07-07,WLF-1004,sup-aster,3M,Cutting compound (coarse/medium),polier,249,piece,18.43,4589.07,EUR,4589.07,synthetic-spend-BA.csv,True,direct
TXN-002888,BA,2026-08,2026-08-09,WLF-1004,sup-aster,3M,Cutting compound (coarse/medium),polier,57,piece,18.43,1050.51,EUR,1050.51,synthetic-spend-BA.csv,True,direct
TXN-002889,BA,2026-01,2026-01-28,WLF-1005,sup-velora,Glasurit (BASF),Solvent-based silicone remover,kabine,29,piece,52.86,1532.94,EUR,1532.94,synthetic-spend-BA.csv,True,indirect
TXN-002890,BA,2026-02,2026-02-16,WLF-1005,sup-velora,Glasurit (BASF),Solvent-based silicone remover,kabine,250,piece,52.86,13215.0,EUR,13215.0,synthetic-spend-BA.csv,True,indirect
TXN-002891,BA,2026-03,2026-03-20,WLF-1005,sup-velora,Glasurit (BASF),Solvent-based silicone remover,kabine,210,piece,52.86,11100.6,EUR,11100.6,synthetic-spend-BA.csv,True,indirect
TXN-002892,BA,2026-04,2026-04-25,WLF-1005,sup-velora,Glasurit (BASF),Solvent-based silicone remover,kabine,228,piece,52.86,12052.08,EUR,12052.08,synthetic-spend-BA.csv,True,indirect
TXN-002893,BA,2026-05,2026-05-18,WLF-1005,sup-velora,Glasurit (BASF),Solvent-based silicone remover,kabine,74,piece,52.86,3911.64,EUR,3911.64,synthetic-spend-BA.csv,True,indirect
TXN-002894,BA,2026-06,2026-06-13,WLF-1005,sup-velora,Glasurit (BASF),Solvent-based silicone remover,kabine,113,piece,52.86,5973.18,EUR,5973.18,synthetic-spend-BA.csv,True,indirect
TXN-002895,BA,2026-07,2026-07-22,WLF-1005,sup-velora,Glasurit (BASF),Solvent-based silicone remover,kabine,318,piece,52.86,16809.48,EUR,16809.48,synthetic-spend-BA.csv,True,indirect
TXN-002896,BA,2026-08,2026-08-28,WLF-1005,sup-velora,Glasurit (BASF),Solvent-based silicone remover,kabine,140,piece,52.86,7400.4,EUR,7400.4,synthetic-spend-BA.csv,True,indirect
TXN-002897,BA,2026-01,2026-01-12,WLF-1006,sup-lumen,Finixa,Half mask / spray-painting respirator,psa,27,piece,24.01,648.27,EUR,648.27,synthetic-spend-BA.csv,True,direct
TXN-002898,BA,2026-02,2026-02-08,WLF-1006,sup-lumen,Finixa,Half mask / spray-painting respirator,psa,290,piece,24.01,6962.9,EUR,6962.9,synthetic-spend-BA.csv,True,direct
TXN-002899,BA,2026-03,2026-03-08,WLF-1006,sup-lumen,Finixa,Half mask / spray-painting respirator,psa,270,piece,24.01,6482.7,EUR,6482.7,synthetic-spend-BA.csv,True,direct
TXN-002900,BA,2026-04,2026-04-27,WLF-1006,sup-lumen,Finixa,Half mask / spray-painting respirator,psa,177,piece,24.01,4249.77,EUR,4249.77,synthetic-spend-BA.csv,True,direct
TXN-002901,BA,2026-05,2026-05-17,WLF-1006,sup-lumen,Finixa,Half mask / spray-painting respirator,psa,276,piece,24.01,6626.76,EUR,6626.76,synthetic-spend-BA.csv,True,direct
TXN-002902,BA,2026-06,2026-06-15,WLF-1006,sup-lumen,Finixa,Half mask / spray-painting respirator,psa,276,piece,24.01,6626.76,EUR,6626.76,synthetic-spend-BA.csv,True,direct
TXN-002903,BA,2026-07,2026-07-25,WLF-1006,sup-lumen,Finixa,Half mask / spray-painting respirator,psa,302,piece,24.01,7251.02,EUR,7251.02,synthetic-spend-BA.csv,True,direct
TXN-002904,BA,2026-08,2026-08-11,WLF-1006,sup-lumen,Finixa,Half mask / spray-painting respirator,psa,65,piece,24.01,1560.65,EUR,1560.65,synthetic-spend-BA.csv,True,direct
TXN-002905,BA,2026-01,2026-01-16,WLF-1007,sup-novex,Mirka,"Random orbital sander 150 mm, 5 mm orbit",werkstatt,329,piece,47.13,15505.77,EUR,15505.77,synthetic-spend-BA.csv,True,direct
TXN-002906,BA,2026-02,2026-02-26,WLF-1007,sup-novex,Mirka,"Random orbital sander 150 mm, 5 mm orbit",werkstatt,145,piece,47.13,6833.85,EUR,6833.85,synthetic-spend-BA.csv,True,direct
TXN-002907,BA,2026-03,2026-03-08,WLF-1007,sup-novex,Mirka,"Random orbital sander 150 mm, 5 mm orbit",werkstatt,159,piece,47.13,7493.67,EUR,7493.67,synthetic-spend-BA.csv,True,direct
TXN-002908,BA,2026-04,2026-04-23,WLF-1007,sup-novex,Mirka,"Random orbital sander 150 mm, 5 mm orbit",werkstatt,168,piece,47.13,7917.84,EUR,7917.84,synthetic-spend-BA.csv,True,direct
TXN-002909,BA,2026-05,2026-05-26,WLF-1007,sup-novex,Mirka,"Random orbital sander 150 mm, 5 mm orbit",werkstatt,159,piece,47.13,7493.67,EUR,7493.67,synthetic-spend-BA.csv,True,direct
TXN-002910,BA,2026-06,2026-06-19,WLF-1007,sup-novex,Mirka,"Random orbital sander 150 mm, 5 mm orbit",werkstatt,126,piece,47.13,5938.38,EUR,5938.38,synthetic-spend-BA.csv,True,direct
TXN-002911,BA,2026-07,2026-07-18,WLF-1007,sup-novex,Mirka,"Random orbital sander 150 mm, 5 mm orbit",werkstatt,329,piece,47.13,15505.77,EUR,15505.77,synthetic-spend-BA.csv,True,direct
TXN-002912,BA,2026-08,2026-08-03,WLF-1007,sup-novex,Mirka,"Random orbital sander 150 mm, 5 mm orbit",werkstatt,274,piece,47.13,12913.62,EUR,12913.62,synthetic-spend-BA.csv,True,direct
TXN-002913,BA,2026-01,2026-01-22,WLF-1008,sup-arcus,SATA,Paint cup for compressed-air spray gun,lack,311,piece,95.55,29716.05,EUR,29716.05,synthetic-spend-BA.csv,True,indirect
TXN-002914,BA,2026-02,2026-02-17,WLF-1008,sup-arcus,SATA,Paint cup for compressed-air spray gun,lack,119,piece,95.55,11370.45,EUR,11370.45,synthetic-spend-BA.csv,True,indirect
TXN-002915,BA,2026-03,2026-03-13,WLF-1008,sup-arcus,SATA,Paint cup for compressed-air spray gun,lack,52,piece,95.55,4968.6,EUR,4968.6,synthetic-spend-BA.csv,True,indirect
TXN-002916,BA,2026-04,2026-04-15,WLF-1008,sup-arcus,SATA,Paint cup for compressed-air spray gun,lack,204,piece,95.55,19492.2,EUR,19492.2,synthetic-spend-BA.csv,True,indirect
TXN-002917,BA,2026-05,2026-05-21,WLF-1008,sup-arcus,SATA,Paint cup for compressed-air spray gun,lack,330,piece,95.55,31531.5,EUR,31531.5,synthetic-spend-BA.csv,True,indirect
TXN-002918,BA,2026-06,2026-06-17,WLF-1008,sup-arcus,SATA,Paint cup for compressed-air spray gun,lack,66,piece,95.55,6306.3,EUR,6306.3,synthetic-spend-BA.csv,True,indirect
TXN-002919,BA,2026-07,2026-07-06,WLF-1008,sup-arcus,SATA,Paint cup for compressed-air spray gun,lack,81,piece,95.55,7739.55,EUR,7739.55,synthetic-spend-BA.csv,True,indirect
TXN-002920,BA,2026-08,2026-08-04,WLF-1008,sup-arcus,SATA,Paint cup for compressed-air spray gun,lack,312,piece,95.55,29811.6,EUR,29811.6,synthetic-spend-BA.csv,True,indirect
TXN-002921,BA,2026-01,2026-01-26,WLF-1009,sup-cobalt,tesa,"Sanding discs 150 mm, intermediate",schleif,304,piece,37.08,11272.32,EUR,11272.32,synthetic-spend-BA.csv,True,direct
TXN-002922,BA,2026-02,2026-02-20,WLF-1009,sup-cobalt,tesa,"Sanding discs 150 mm, intermediate",schleif,187,piece,37.08,6933.96,EUR,6933.96,synthetic-spend-BA.csv,True,direct
TXN-002923,BA,2026-03,2026-03-27,WLF-1009,sup-cobalt,tesa,"Sanding discs 150 mm, intermediate",schleif,131,piece,37.08,4857.48,EUR,4857.48,synthetic-spend-BA.csv,True,direct
TXN-002924,BA,2026-04,2026-04-25,WLF-1009,sup-cobalt,tesa,"Sanding discs 150 mm, intermediate",schleif,291,piece,37.08,10790.28,EUR,10790.28,synthetic-spend-BA.csv,True,direct
TXN-002925,BA,2026-05,2026-05-07,WLF-1009,sup-cobalt,tesa,"Sanding discs 150 mm, intermediate",schleif,212,piece,37.08,7860.96,EUR,7860.96,synthetic-spend-BA.csv,True,direct
TXN-002926,BA,2026-06,2026-06-08,WLF-1009,sup-cobalt,tesa,"Sanding discs 150 mm, intermediate",schleif,284,piece,37.08,10530.72,EUR,10530.72,synthetic-spend-BA.csv,True,direct
TXN-002927,BA,2026-07,2026-07-08,WLF-1009,sup-cobalt,tesa,"Sanding discs 150 mm, intermediate",schleif,252,piece,37.08,9344.16,EUR,9344.16,synthetic-spend-BA.csv,True,direct
TXN-002928,BA,2026-08,2026-08-09,WLF-1009,sup-cobalt,tesa,"Sanding discs 150 mm, intermediate",schleif,104,piece,37.08,3856.32,EUR,3856.32,synthetic-spend-BA.csv,True,direct
TXN-002929,BA,2026-01,2026-01-03,WLF-1010,sup-solis,PPG / Nexa,Fine-line tape,kleb,326,piece,17.01,5545.26,EUR,5545.26,synthetic-spend-BA.csv,True,direct
TXN-002930,BA,2026-02,2026-02-15,WLF-1010,sup-solis,PPG / Nexa,Fine-line tape,kleb,208,piece,17.01,3538.08,EUR,3538.08,synthetic-spend-BA.csv,True,direct
TXN-002931,BA,2026-03,2026-03-12,WLF-1010,sup-solis,PPG / Nexa,Fine-line tape,kleb,155,piece,17.01,2636.55,EUR,2636.55,synthetic-spend-BA.csv,True,direct
TXN-002932,BA,2026-04,2026-04-15,WLF-1010,sup-solis,PPG / Nexa,Fine-line tape,kleb,106,piece,17.01,1803.06,EUR,1803.06,synthetic-spend-BA.csv,True,direct
TXN-002933,BA,2026-05,2026-05-28,WLF-1010,sup-solis,PPG / Nexa,Fine-line tape,kleb,191,piece,17.01,3248.91,EUR,3248.91,synthetic-spend-BA.csv,True,direct
TXN-002934,BA,2026-06,2026-06-18,WLF-1010,sup-solis,PPG / Nexa,Fine-line tape,kleb,190,piece,17.01,3231.9,EUR,3231.9,synthetic-spend-BA.csv,True,direct
TXN-002935,BA,2026-07,2026-07-05,WLF-1010,sup-solis,PPG / Nexa,Fine-line tape,kleb,245,piece,17.01,4167.45,EUR,4167.45,synthetic-spend-BA.csv,True,direct
TXN-002936,BA,2026-08,2026-08-17,WLF-1010,sup-solis,PPG / Nexa,Fine-line tape,kleb,101,piece,17.01,1718.01,EUR,1718.01,synthetic-spend-BA.csv,True,direct
TXN-002937,BA,2026-01,2026-01-15,WLF-1011,sup-orbit,Würth,Polish (fine / anti-hologram),polier,256,piece,14.33,3668.48,EUR,3668.48,synthetic-spend-BA.csv,True,indirect
TXN-002938,BA,2026-02,2026-02-22,WLF-1011,sup-orbit,Würth,Polish (fine / anti-hologram),polier,216,piece,14.33,3095.28,EUR,3095.28,synthetic-spend-BA.csv,True,indirect
TXN-002939,BA,2026-03,2026-03-11,WLF-1011,sup-orbit,Würth,Polish (fine / anti-hologram),polier,162,piece,14.33,2321.46,EUR,2321.46,synthetic-spend-BA.csv,True,indirect
TXN-002940,BA,2026-04,2026-04-17,WLF-1011,sup-orbit,Würth,Polish (fine / anti-hologram),polier,50,piece,14.33,716.5,EUR,716.5,synthetic-spend-BA.csv,True,indirect
TXN-002941,BA,2026-05,2026-05-04,WLF-1011,sup-orbit,Würth,Polish (fine / anti-hologram),polier,38,piece,14.33,544.54,EUR,544.54,synthetic-spend-BA.csv,True,indirect
TXN-002942,BA,2026-06,2026-06-24,WLF-1011,sup-orbit,Würth,Polish (fine / anti-hologram),polier,231,piece,14.33,3310.23,EUR,3310.23,synthetic-spend-BA.csv,True,indirect
TXN-002943,BA,2026-07,2026-07-15,WLF-1011,sup-orbit,Würth,Polish (fine / anti-hologram),polier,119,piece,14.33,1705.27,EUR,1705.27,synthetic-spend-BA.csv,True,indirect
TXN-002944,BA,2026-08,2026-08-07,WLF-1011,sup-orbit,Würth,Polish (fine / anti-hologram),polier,193,piece,14.33,2765.69,EUR,2765.69,synthetic-spend-BA.csv,True,indirect
TXN-002945,BA,2026-01,2026-01-26,WLF-1012,sup-helio,Kovax,Water-based silicone remover,kabine,222,piece,33.49,7434.78,EUR,7434.78,synthetic-spend-BA.csv,True,direct
TXN-002946,BA,2026-02,2026-02-04,WLF-1012,sup-helio,Kovax,Water-based silicone remover,kabine,88,piece,33.49,2947.12,EUR,2947.12,synthetic-spend-BA.csv,True,direct
TXN-002947,BA,2026-03,2026-03-28,WLF-1012,sup-helio,Kovax,Water-based silicone remover,kabine,193,piece,33.49,6463.57,EUR,6463.57,synthetic-spend-BA.csv,True,direct
TXN-002948,BA,2026-04,2026-04-12,WLF-1012,sup-helio,Kovax,Water-based silicone remover,kabine,43,piece,33.49,1440.07,EUR,1440.07,synthetic-spend-BA.csv,True,direct
TXN-002949,BA,2026-05,2026-05-17,WLF-1012,sup-helio,Kovax,Water-based silicone remover,kabine,85,piece,33.49,2846.65,EUR,2846.65,synthetic-spend-BA.csv,True,direct
TXN-002950,BA,2026-06,2026-06-18,WLF-1012,sup-helio,Kovax,Water-based silicone remover,kabine,155,piece,33.49,5190.95,EUR,5190.95,synthetic-spend-BA.csv,True,direct
TXN-002951,BA,2026-07,2026-07-15,WLF-1012,sup-helio,Kovax,Water-based silicone remover,kabine,153,piece,33.49,5123.97,EUR,5123.97,synthetic-spend-BA.csv,True,direct
TXN-002952,BA,2026-08,2026-08-18,WLF-1012,sup-helio,Kovax,Water-based silicone remover,kabine,192,piece,33.49,6430.08,EUR,6430.08,synthetic-spend-BA.csv,True,direct
TXN-002953,BA,2026-01,2026-01-20,WLF-1013,sup-vanta,Starcke,A2 filter cartridges,psa,38,piece,5.95,226.1,EUR,226.1,synthetic-spend-BA.csv,True,direct
TXN-002954,BA,2026-02,2026-02-20,WLF-1013,sup-vanta,Starcke,A2 filter cartridges,psa,204,piece,5.95,1213.8,EUR,1213.8,synthetic-spend-BA.csv,True,direct
TXN-002955,BA,2026-03,2026-03-05,WLF-1013,sup-vanta,Starcke,A2 filter cartridges,psa,24,piece,5.95,142.8,EUR,142.8,synthetic-spend-BA.csv,True,direct
TXN-002956,BA,2026-04,2026-04-03,WLF-1013,sup-vanta,Starcke,A2 filter cartridges,psa,277,piece,5.95,1648.15,EUR,1648.15,synthetic-spend-BA.csv,True,direct
TXN-002957,BA,2026-05,2026-05-24,WLF-1013,sup-vanta,Starcke,A2 filter cartridges,psa,44,piece,5.95,261.8,EUR,261.8,synthetic-spend-BA.csv,True,direct
TXN-002958,BA,2026-06,2026-06-16,WLF-1013,sup-vanta,Starcke,A2 filter cartridges,psa,25,piece,5.95,148.75,EUR,148.75,synthetic-spend-BA.csv,True,direct
TXN-002959,BA,2026-07,2026-07-02,WLF-1013,sup-vanta,Starcke,A2 filter cartridges,psa,258,piece,5.95,1535.1,EUR,1535.1,synthetic-spend-BA.csv,True,direct
TXN-002960,BA,2026-08,2026-08-19,WLF-1013,sup-vanta,Starcke,A2 filter cartridges,psa,237,piece,5.95,1410.15,EUR,1410.15,synthetic-spend-BA.csv,True,direct
TXN-002961,BA,2026-01,2026-01-19,WLF-1014,sup-aster,3M,Random orbital sander 77 mm,werkstatt,206,piece,33.55,6911.3,EUR,6911.3,synthetic-spend-BA.csv,True,indirect
TXN-002962,BA,2026-02,2026-02-10,WLF-1014,sup-aster,3M,Random orbital sander 77 mm,werkstatt,130,piece,33.55,4361.5,EUR,4361.5,synthetic-spend-BA.csv,True,indirect
TXN-002963,BA,2026-03,2026-03-26,WLF-1014,sup-aster,3M,Random orbital sander 77 mm,werkstatt,130,piece,33.55,4361.5,EUR,4361.5,synthetic-spend-BA.csv,True,indirect
TXN-002964,BA,2026-04,2026-04-24,WLF-1014,sup-aster,3M,Random orbital sander 77 mm,werkstatt,293,piece,33.55,9830.15,EUR,9830.15,synthetic-spend-BA.csv,True,indirect
TXN-002965,BA,2026-05,2026-05-02,WLF-1014,sup-aster,3M,Random orbital sander 77 mm,werkstatt,306,piece,33.55,10266.3,EUR,10266.3,synthetic-spend-BA.csv,True,indirect
TXN-002966,BA,2026-06,2026-06-18,WLF-1014,sup-aster,3M,Random orbital sander 77 mm,werkstatt,178,piece,33.55,5971.9,EUR,5971.9,synthetic-spend-BA.csv,True,indirect
TXN-002967,BA,2026-07,2026-07-23,WLF-1014,sup-aster,3M,Random orbital sander 77 mm,werkstatt,231,piece,33.55,7750.05,EUR,7750.05,synthetic-spend-BA.csv,True,indirect
TXN-002968,BA,2026-08,2026-08-09,WLF-1014,sup-aster,3M,Random orbital sander 77 mm,werkstatt,309,piece,33.55,10366.95,EUR,10366.95,synthetic-spend-BA.csv,True,indirect
TXN-002969,BA,2026-01,2026-01-16,WLF-1015,sup-velora,Glasurit (BASF),Paint strainers 125 µ / 200 µ,lack,156,piece,36.92,5759.52,EUR,5759.52,synthetic-spend-BA.csv,True,direct
TXN-002970,BA,2026-02,2026-02-13,WLF-1015,sup-velora,Glasurit (BASF),Paint strainers 125 µ / 200 µ,lack,322,piece,36.92,11888.24,EUR,11888.24,synthetic-spend-BA.csv,True,direct
TXN-002971,BA,2026-03,2026-03-23,WLF-1015,sup-velora,Glasurit (BASF),Paint strainers 125 µ / 200 µ,lack,157,piece,36.92,5796.44,EUR,5796.44,synthetic-spend-BA.csv,True,direct
TXN-002972,BA,2026-04,2026-04-21,WLF-1015,sup-velora,Glasurit (BASF),Paint strainers 125 µ / 200 µ,lack,39,piece,36.92,1439.88,EUR,1439.88,synthetic-spend-BA.csv,True,direct
TXN-002973,BA,2026-05,2026-05-11,WLF-1015,sup-velora,Glasurit (BASF),Paint strainers 125 µ / 200 µ,lack,37,piece,36.92,1366.04,EUR,1366.04,synthetic-spend-BA.csv,True,direct
TXN-002974,BA,2026-06,2026-06-16,WLF-1015,sup-velora,Glasurit (BASF),Paint strainers 125 µ / 200 µ,lack,224,piece,36.92,8270.08,EUR,8270.08,synthetic-spend-BA.csv,True,direct
TXN-002975,BA,2026-07,2026-07-07,WLF-1015,sup-velora,Glasurit (BASF),Paint strainers 125 µ / 200 µ,lack,66,piece,36.92,2436.72,EUR,2436.72,synthetic-spend-BA.csv,True,direct
TXN-002976,BA,2026-08,2026-08-08,WLF-1015,sup-velora,Glasurit (BASF),Paint strainers 125 µ / 200 µ,lack,307,piece,36.92,11334.44,EUR,11334.44,synthetic-spend-BA.csv,True,direct
TXN-002977,BA,2026-01,2026-01-01,WLF-1016,sup-lumen,Finixa,"Sanding discs 150 mm, fine",schleif,130,piece,64.72,8413.6,EUR,8413.6,synthetic-spend-BA.csv,True,direct
TXN-002978,BA,2026-02,2026-02-12,WLF-1016,sup-lumen,Finixa,"Sanding discs 150 mm, fine",schleif,273,piece,64.72,17668.56,EUR,17668.56,synthetic-spend-BA.csv,True,direct
TXN-002979,BA,2026-03,2026-03-27,WLF-1016,sup-lumen,Finixa,"Sanding discs 150 mm, fine",schleif,267,piece,64.72,17280.24,EUR,17280.24,synthetic-spend-BA.csv,True,direct
TXN-002980,BA,2026-04,2026-04-18,WLF-1016,sup-lumen,Finixa,"Sanding discs 150 mm, fine",schleif,54,piece,64.72,3494.88,EUR,3494.88,synthetic-spend-BA.csv,True,direct
TXN-002981,BA,2026-05,2026-05-13,WLF-1016,sup-lumen,Finixa,"Sanding discs 150 mm, fine",schleif,163,piece,64.72,10549.36,EUR,10549.36,synthetic-spend-BA.csv,True,direct
TXN-002982,BA,2026-06,2026-06-04,WLF-1016,sup-lumen,Finixa,"Sanding discs 150 mm, fine",schleif,100,piece,64.72,6472.0,EUR,6472.0,synthetic-spend-BA.csv,True,direct
TXN-002983,BA,2026-07,2026-07-04,WLF-1016,sup-lumen,Finixa,"Sanding discs 150 mm, fine",schleif,105,piece,64.72,6795.6,EUR,6795.6,synthetic-spend-BA.csv,True,direct
TXN-002984,BA,2026-08,2026-08-25,WLF-1016,sup-lumen,Finixa,"Sanding discs 150 mm, fine",schleif,175,piece,64.72,11326.0,EUR,11326.0,synthetic-spend-BA.csv,True,direct
TXN-002985,BA,2026-01,2026-01-11,WLF-1017,sup-novex,Mirka,Contour tape,kleb,301,piece,19.54,5881.54,EUR,5881.54,synthetic-spend-BA.csv,False,indirect
TXN-002986,BA,2026-02,2026-02-23,WLF-1017,sup-novex,Mirka,Contour tape,kleb,315,piece,19.54,6155.1,EUR,6155.1,synthetic-spend-BA.csv,False,indirect
TXN-002987,BA,2026-03,2026-03-12,WLF-1017,sup-novex,Mirka,Contour tape,kleb,61,piece,19.54,1191.94,EUR,1191.94,synthetic-spend-BA.csv,False,indirect
TXN-002988,BA,2026-04,2026-04-02,WLF-1017,sup-novex,Mirka,Contour tape,kleb,52,piece,19.54,1016.08,EUR,1016.08,synthetic-spend-BA.csv,False,indirect
TXN-002989,BA,2026-05,2026-05-10,WLF-1017,sup-novex,Mirka,Contour tape,kleb,197,piece,19.54,3849.38,EUR,3849.38,synthetic-spend-BA.csv,False,indirect
TXN-002990,BA,2026-06,2026-06-14,WLF-1017,sup-novex,Mirka,Contour tape,kleb,289,piece,19.54,5647.06,EUR,5647.06,synthetic-spend-BA.csv,False,indirect
TXN-002991,BA,2026-07,2026-07-21,WLF-1017,sup-novex,Mirka,Contour tape,kleb,37,piece,19.54,722.98,EUR,722.98,synthetic-spend-BA.csv,False,indirect
TXN-002992,BA,2026-08,2026-08-23,WLF-1017,sup-novex,Mirka,Contour tape,kleb,263,piece,19.54,5139.02,EUR,5139.02,synthetic-spend-BA.csv,False,indirect
TXN-002993,BA,2026-01,2026-01-28,WLF-1018,sup-arcus,SATA,One-step cutting and polishing compound,polier,122,piece,27.13,3309.86,EUR,3309.86,synthetic-spend-BA.csv,False,direct
TXN-002994,BA,2026-02,2026-02-20,WLF-1018,sup-arcus,SATA,One-step cutting and polishing compound,polier,287,piece,27.13,7786.31,EUR,7786.31,synthetic-spend-BA.csv,False,direct
TXN-002995,BA,2026-03,2026-03-08,WLF-1018,sup-arcus,SATA,One-step cutting and polishing compound,polier,109,piece,27.13,2957.17,EUR,2957.17,synthetic-spend-BA.csv,False,direct
TXN-002996,BA,2026-04,2026-04-01,WLF-1018,sup-arcus,SATA,One-step cutting and polishing compound,polier,198,piece,27.13,5371.74,EUR,5371.74,synthetic-spend-BA.csv,False,direct
TXN-002997,BA,2026-05,2026-05-27,WLF-1018,sup-arcus,SATA,One-step cutting and polishing compound,polier,79,piece,27.13,2143.27,EUR,2143.27,synthetic-spend-BA.csv,False,direct
TXN-002998,BA,2026-06,2026-06-26,WLF-1018,sup-arcus,SATA,One-step cutting and polishing compound,polier,259,piece,27.13,7026.67,EUR,7026.67,synthetic-spend-BA.csv,False,direct
TXN-002999,BA,2026-07,2026-07-05,WLF-1018,sup-arcus,SATA,One-step cutting and polishing compound,polier,244,piece,27.13,6619.72,EUR,6619.72,synthetic-spend-BA.csv,False,direct
TXN-003000,BA,2026-08,2026-08-25,WLF-1018,sup-arcus,SATA,One-step cutting and polishing compound,polier,259,piece,27.13,7026.67,EUR,7026.67,synthetic-spend-BA.csv,False,direct
TXN-003001,BA,2026-01,2026-01-09,WLF-1019,sup-cobalt,tesa,Pre-saturated cleaning wipes,kabine,264,piece,111.48,29430.72,EUR,29430.72,synthetic-spend-BA.csv,False,direct
TXN-003002,BA,2026-02,2026-02-15,WLF-1019,sup-cobalt,tesa,Pre-saturated cleaning wipes,kabine,113,piece,111.48,12597.24,EUR,12597.24,synthetic-spend-BA.csv,False,direct
TXN-003003,BA,2026-03,2026-03-23,WLF-1019,sup-cobalt,tesa,Pre-saturated cleaning wipes,kabine,59,piece,111.48,6577.32,EUR,6577.32,synthetic-spend-BA.csv,False,direct
TXN-003004,BA,2026-04,2026-04-23,WLF-1019,sup-cobalt,tesa,Pre-saturated cleaning wipes,kabine,116,piece,111.48,12931.68,EUR,12931.68,synthetic-spend-BA.csv,False,direct
TXN-003005,BA,2026-05,2026-05-10,WLF-1019,sup-cobalt,tesa,Pre-saturated cleaning wipes,kabine,239,piece,111.48,26643.72,EUR,26643.72,synthetic-spend-BA.csv,False,direct
TXN-003006,BA,2026-06,2026-06-16,WLF-1019,sup-cobalt,tesa,Pre-saturated cleaning wipes,kabine,79,piece,111.48,8806.92,EUR,8806.92,synthetic-spend-BA.csv,False,direct
TXN-003007,BA,2026-07,2026-07-11,WLF-1019,sup-cobalt,tesa,Pre-saturated cleaning wipes,kabine,72,piece,111.48,8026.56,EUR,8026.56,synthetic-spend-BA.csv,False,direct
TXN-003008,BA,2026-08,2026-08-23,WLF-1019,sup-cobalt,tesa,Pre-saturated cleaning wipes,kabine,185,piece,111.48,20623.8,EUR,20623.8,synthetic-spend-BA.csv,False,direct
TXN-003009,BA,2026-01,2026-01-12,WLF-1020,sup-solis,PPG / Nexa,P3 particulate filters,psa,232,piece,41.35,9593.2,EUR,9593.2,synthetic-spend-BA.csv,False,indirect
TXN-003010,BA,2026-02,2026-02-10,WLF-1020,sup-solis,PPG / Nexa,P3 particulate filters,psa,156,piece,41.35,6450.6,EUR,6450.6,synthetic-spend-BA.csv,False,indirect
TXN-003011,BA,2026-03,2026-03-20,WLF-1020,sup-solis,PPG / Nexa,P3 particulate filters,psa,182,piece,41.35,7525.7,EUR,7525.7,synthetic-spend-BA.csv,False,indirect
TXN-003012,BA,2026-04,2026-04-24,WLF-1020,sup-solis,PPG / Nexa,P3 particulate filters,psa,224,piece,41.35,9262.4,EUR,9262.4,synthetic-spend-BA.csv,False,indirect
TXN-003013,BA,2026-05,2026-05-13,WLF-1020,sup-solis,PPG / Nexa,P3 particulate filters,psa,93,piece,41.35,3845.55,EUR,3845.55,synthetic-spend-BA.csv,False,indirect
TXN-003014,BA,2026-06,2026-06-03,WLF-1020,sup-solis,PPG / Nexa,P3 particulate filters,psa,308,piece,41.35,12735.8,EUR,12735.8,synthetic-spend-BA.csv,False,indirect
TXN-003015,BA,2026-07,2026-07-06,WLF-1020,sup-solis,PPG / Nexa,P3 particulate filters,psa,287,piece,41.35,11867.45,EUR,11867.45,synthetic-spend-BA.csv,False,indirect
TXN-003016,BA,2026-08,2026-08-28,WLF-1020,sup-solis,PPG / Nexa,P3 particulate filters,psa,43,piece,41.35,1778.05,EUR,1778.05,synthetic-spend-BA.csv,False,indirect
TXN-003017,BA,2026-01,2026-01-15,WLF-1021,sup-orbit,Würth,Electric random orbital sander 150 mm,werkstatt,186,piece,14.77,2747.22,EUR,2747.22,synthetic-spend-BA.csv,False,direct
TXN-003018,BA,2026-02,2026-02-19,WLF-1021,sup-orbit,Würth,Electric random orbital sander 150 mm,werkstatt,286,piece,14.77,4224.22,EUR,4224.22,synthetic-spend-BA.csv,False,direct
TXN-003019,BA,2026-03,2026-03-19,WLF-1021,sup-orbit,Würth,Electric random orbital sander 150 mm,werkstatt,97,piece,14.77,1432.69,EUR,1432.69,synthetic-spend-BA.csv,False,direct
TXN-003020,BA,2026-04,2026-04-23,WLF-1021,sup-orbit,Würth,Electric random orbital sander 150 mm,werkstatt,172,piece,14.77,2540.44,EUR,2540.44,synthetic-spend-BA.csv,False,direct
TXN-003021,BA,2026-05,2026-05-21,WLF-1021,sup-orbit,Würth,Electric random orbital sander 150 mm,werkstatt,38,piece,14.77,561.26,EUR,561.26,synthetic-spend-BA.csv,False,direct
TXN-003022,BA,2026-06,2026-06-21,WLF-1021,sup-orbit,Würth,Electric random orbital sander 150 mm,werkstatt,282,piece,14.77,4165.14,EUR,4165.14,synthetic-spend-BA.csv,False,direct
TXN-003023,BA,2026-07,2026-07-10,WLF-1021,sup-orbit,Würth,Electric random orbital sander 150 mm,werkstatt,309,piece,14.77,4563.93,EUR,4563.93,synthetic-spend-BA.csv,False,direct
TXN-003024,BA,2026-08,2026-08-02,WLF-1021,sup-orbit,Würth,Electric random orbital sander 150 mm,werkstatt,110,piece,14.77,1624.7,EUR,1624.7,synthetic-spend-BA.csv,False,direct
TXN-003025,AL,2026-01,2026-01-28,WLF-1001,sup-helio,Kovax,Graduated mixing cup,lack,108,piece,17.6,1900.8,EUR,1900.8,synthetic-spend-AL.csv,True,indirect
TXN-003026,AL,2026-02,2026-02-20,WLF-1001,sup-helio,Kovax,Graduated mixing cup,lack,115,piece,17.6,2024.0,EUR,2024.0,synthetic-spend-AL.csv,True,indirect
TXN-003027,AL,2026-03,2026-03-12,WLF-1001,sup-helio,Kovax,Graduated mixing cup,lack,328,piece,17.6,5772.8,EUR,5772.8,synthetic-spend-AL.csv,True,indirect
TXN-003028,AL,2026-04,2026-04-25,WLF-1001,sup-helio,Kovax,Graduated mixing cup,lack,214,piece,17.6,3766.4,EUR,3766.4,synthetic-spend-AL.csv,True,indirect
TXN-003029,AL,2026-05,2026-05-14,WLF-1001,sup-helio,Kovax,Graduated mixing cup,lack,123,piece,17.6,2164.8,EUR,2164.8,synthetic-spend-AL.csv,True,indirect
TXN-003030,AL,2026-06,2026-06-13,WLF-1001,sup-helio,Kovax,Graduated mixing cup,lack,32,piece,17.6,563.2,EUR,563.2,synthetic-spend-AL.csv,True,indirect
TXN-003031,AL,2026-07,2026-07-02,WLF-1001,sup-helio,Kovax,Graduated mixing cup,lack,275,piece,17.6,4840.0,EUR,4840.0,synthetic-spend-AL.csv,True,indirect
TXN-003032,AL,2026-08,2026-08-01,WLF-1001,sup-helio,Kovax,Graduated mixing cup,lack,161,piece,17.6,2833.6,EUR,2833.6,synthetic-spend-AL.csv,True,indirect
TXN-003033,AL,2026-01,2026-01-28,WLF-1002,sup-vanta,Starcke,"Sanding discs 150 mm, coarse",schleif,165,piece,46.45,7664.25,EUR,7664.25,synthetic-spend-AL.csv,True,direct
TXN-003034,AL,2026-02,2026-02-26,WLF-1002,sup-vanta,Starcke,"Sanding discs 150 mm, coarse",schleif,29,piece,46.45,1347.05,EUR,1347.05,synthetic-spend-AL.csv,True,direct
TXN-003035,AL,2026-03,2026-03-05,WLF-1002,sup-vanta,Starcke,"Sanding discs 150 mm, coarse",schleif,296,piece,46.45,13749.2,EUR,13749.2,synthetic-spend-AL.csv,True,direct
TXN-003036,AL,2026-04,2026-04-27,WLF-1002,sup-vanta,Starcke,"Sanding discs 150 mm, coarse",schleif,64,piece,46.45,2972.8,EUR,2972.8,synthetic-spend-AL.csv,True,direct
TXN-003037,AL,2026-05,2026-05-17,WLF-1002,sup-vanta,Starcke,"Sanding discs 150 mm, coarse",schleif,191,piece,46.45,8871.95,EUR,8871.95,synthetic-spend-AL.csv,True,direct
TXN-003038,AL,2026-06,2026-06-12,WLF-1002,sup-vanta,Starcke,"Sanding discs 150 mm, coarse",schleif,139,piece,46.45,6456.55,EUR,6456.55,synthetic-spend-AL.csv,True,direct
TXN-003039,AL,2026-07,2026-07-26,WLF-1002,sup-vanta,Starcke,"Sanding discs 150 mm, coarse",schleif,213,piece,46.45,9893.85,EUR,9893.85,synthetic-spend-AL.csv,True,direct
TXN-003040,AL,2026-08,2026-08-27,WLF-1002,sup-vanta,Starcke,"Sanding discs 150 mm, coarse",schleif,126,piece,46.45,5852.7,EUR,5852.7,synthetic-spend-AL.csv,True,direct
TXN-003041,AL,2026-01,2026-01-13,WLF-1003,sup-aster,3M,Standard masking tape,kleb,136,piece,19.51,2653.36,EUR,2653.36,synthetic-spend-AL.csv,True,direct
TXN-003042,AL,2026-02,2026-02-21,WLF-1003,sup-aster,3M,Standard masking tape,kleb,282,piece,19.51,5501.82,EUR,5501.82,synthetic-spend-AL.csv,True,direct
TXN-003043,AL,2026-03,2026-03-21,WLF-1003,sup-aster,3M,Standard masking tape,kleb,252,piece,19.51,4916.52,EUR,4916.52,synthetic-spend-AL.csv,True,direct
TXN-003044,AL,2026-04,2026-04-22,WLF-1003,sup-aster,3M,Standard masking tape,kleb,301,piece,19.51,5872.51,EUR,5872.51,synthetic-spend-AL.csv,True,direct
TXN-003045,AL,2026-05,2026-05-18,WLF-1003,sup-aster,3M,Standard masking tape,kleb,39,piece,19.51,760.89,EUR,760.89,synthetic-spend-AL.csv,True,direct
TXN-003046,AL,2026-06,2026-06-03,WLF-1003,sup-aster,3M,Standard masking tape,kleb,89,piece,19.51,1736.39,EUR,1736.39,synthetic-spend-AL.csv,True,direct
TXN-003047,AL,2026-07,2026-07-22,WLF-1003,sup-aster,3M,Standard masking tape,kleb,296,piece,19.51,5774.96,EUR,5774.96,synthetic-spend-AL.csv,True,direct
TXN-003048,AL,2026-08,2026-08-20,WLF-1003,sup-aster,3M,Standard masking tape,kleb,36,piece,19.51,702.36,EUR,702.36,synthetic-spend-AL.csv,True,direct
TXN-003049,AL,2026-01,2026-01-19,WLF-1004,sup-velora,Glasurit (BASF),Cutting compound (coarse/medium),polier,38,piece,18.88,717.44,EUR,717.44,synthetic-spend-AL.csv,True,indirect
TXN-003050,AL,2026-02,2026-02-24,WLF-1004,sup-velora,Glasurit (BASF),Cutting compound (coarse/medium),polier,196,piece,18.88,3700.48,EUR,3700.48,synthetic-spend-AL.csv,True,indirect
TXN-003051,AL,2026-03,2026-03-22,WLF-1004,sup-velora,Glasurit (BASF),Cutting compound (coarse/medium),polier,221,piece,18.88,4172.48,EUR,4172.48,synthetic-spend-AL.csv,True,indirect
TXN-003052,AL,2026-04,2026-04-19,WLF-1004,sup-velora,Glasurit (BASF),Cutting compound (coarse/medium),polier,138,piece,18.88,2605.44,EUR,2605.44,synthetic-spend-AL.csv,True,indirect
TXN-003053,AL,2026-05,2026-05-11,WLF-1004,sup-velora,Glasurit (BASF),Cutting compound (coarse/medium),polier,52,piece,18.88,981.76,EUR,981.76,synthetic-spend-AL.csv,True,indirect
TXN-003054,AL,2026-06,2026-06-20,WLF-1004,sup-velora,Glasurit (BASF),Cutting compound (coarse/medium),polier,45,piece,18.88,849.6,EUR,849.6,synthetic-spend-AL.csv,True,indirect
TXN-003055,AL,2026-07,2026-07-10,WLF-1004,sup-velora,Glasurit (BASF),Cutting compound (coarse/medium),polier,276,piece,18.88,5210.88,EUR,5210.88,synthetic-spend-AL.csv,True,indirect
TXN-003056,AL,2026-08,2026-08-19,WLF-1004,sup-velora,Glasurit (BASF),Cutting compound (coarse/medium),polier,312,piece,18.88,5890.56,EUR,5890.56,synthetic-spend-AL.csv,True,indirect
TXN-003057,AL,2026-01,2026-01-10,WLF-1005,sup-lumen,Finixa,Solvent-based silicone remover,kabine,205,piece,55.3,11336.5,EUR,11336.5,synthetic-spend-AL.csv,True,direct
TXN-003058,AL,2026-02,2026-02-11,WLF-1005,sup-lumen,Finixa,Solvent-based silicone remover,kabine,330,piece,55.3,18249.0,EUR,18249.0,synthetic-spend-AL.csv,True,direct
TXN-003059,AL,2026-03,2026-03-05,WLF-1005,sup-lumen,Finixa,Solvent-based silicone remover,kabine,190,piece,55.3,10507.0,EUR,10507.0,synthetic-spend-AL.csv,True,direct
TXN-003060,AL,2026-04,2026-04-21,WLF-1005,sup-lumen,Finixa,Solvent-based silicone remover,kabine,166,piece,55.3,9179.8,EUR,9179.8,synthetic-spend-AL.csv,True,direct
TXN-003061,AL,2026-05,2026-05-06,WLF-1005,sup-lumen,Finixa,Solvent-based silicone remover,kabine,314,piece,55.3,17364.2,EUR,17364.2,synthetic-spend-AL.csv,True,direct
TXN-003062,AL,2026-06,2026-06-19,WLF-1005,sup-lumen,Finixa,Solvent-based silicone remover,kabine,47,piece,55.3,2599.1,EUR,2599.1,synthetic-spend-AL.csv,True,direct
TXN-003063,AL,2026-07,2026-07-23,WLF-1005,sup-lumen,Finixa,Solvent-based silicone remover,kabine,163,piece,55.3,9013.9,EUR,9013.9,synthetic-spend-AL.csv,True,direct
TXN-003064,AL,2026-08,2026-08-19,WLF-1005,sup-lumen,Finixa,Solvent-based silicone remover,kabine,276,piece,55.3,15262.8,EUR,15262.8,synthetic-spend-AL.csv,True,direct
TXN-003065,AL,2026-01,2026-01-10,WLF-1006,sup-novex,Mirka,Half mask / spray-painting respirator,psa,307,piece,32.54,9989.78,EUR,9989.78,synthetic-spend-AL.csv,True,direct
TXN-003066,AL,2026-02,2026-02-24,WLF-1006,sup-novex,Mirka,Half mask / spray-painting respirator,psa,153,piece,32.54,4978.62,EUR,4978.62,synthetic-spend-AL.csv,True,direct
TXN-003067,AL,2026-03,2026-03-09,WLF-1006,sup-novex,Mirka,Half mask / spray-painting respirator,psa,224,piece,32.54,7288.96,EUR,7288.96,synthetic-spend-AL.csv,True,direct
TXN-003068,AL,2026-04,2026-04-23,WLF-1006,sup-novex,Mirka,Half mask / spray-painting respirator,psa,63,piece,32.54,2050.02,EUR,2050.02,synthetic-spend-AL.csv,True,direct
TXN-003069,AL,2026-05,2026-05-07,WLF-1006,sup-novex,Mirka,Half mask / spray-painting respirator,psa,221,piece,32.54,7191.34,EUR,7191.34,synthetic-spend-AL.csv,True,direct
TXN-003070,AL,2026-06,2026-06-24,WLF-1006,sup-novex,Mirka,Half mask / spray-painting respirator,psa,37,piece,32.54,1203.98,EUR,1203.98,synthetic-spend-AL.csv,True,direct
TXN-003071,AL,2026-07,2026-07-22,WLF-1006,sup-novex,Mirka,Half mask / spray-painting respirator,psa,123,piece,32.54,4002.42,EUR,4002.42,synthetic-spend-AL.csv,True,direct
TXN-003072,AL,2026-08,2026-08-20,WLF-1006,sup-novex,Mirka,Half mask / spray-painting respirator,psa,64,piece,32.54,2082.56,EUR,2082.56,synthetic-spend-AL.csv,True,direct
TXN-003073,AL,2026-01,2026-01-19,WLF-1007,sup-arcus,SATA,"Random orbital sander 150 mm, 5 mm orbit",werkstatt,274,piece,35.36,9688.64,EUR,9688.64,synthetic-spend-AL.csv,True,indirect
TXN-003074,AL,2026-02,2026-02-18,WLF-1007,sup-arcus,SATA,"Random orbital sander 150 mm, 5 mm orbit",werkstatt,70,piece,35.36,2475.2,EUR,2475.2,synthetic-spend-AL.csv,True,indirect
TXN-003075,AL,2026-03,2026-03-07,WLF-1007,sup-arcus,SATA,"Random orbital sander 150 mm, 5 mm orbit",werkstatt,123,piece,35.36,4349.28,EUR,4349.28,synthetic-spend-AL.csv,True,indirect
TXN-003076,AL,2026-04,2026-04-24,WLF-1007,sup-arcus,SATA,"Random orbital sander 150 mm, 5 mm orbit",werkstatt,322,piece,35.36,11385.92,EUR,11385.92,synthetic-spend-AL.csv,True,indirect
TXN-003077,AL,2026-05,2026-05-04,WLF-1007,sup-arcus,SATA,"Random orbital sander 150 mm, 5 mm orbit",werkstatt,215,piece,35.36,7602.4,EUR,7602.4,synthetic-spend-AL.csv,True,indirect
TXN-003078,AL,2026-06,2026-06-20,WLF-1007,sup-arcus,SATA,"Random orbital sander 150 mm, 5 mm orbit",werkstatt,194,piece,35.36,6859.84,EUR,6859.84,synthetic-spend-AL.csv,True,indirect
TXN-003079,AL,2026-07,2026-07-07,WLF-1007,sup-arcus,SATA,"Random orbital sander 150 mm, 5 mm orbit",werkstatt,211,piece,35.36,7460.96,EUR,7460.96,synthetic-spend-AL.csv,True,indirect
TXN-003080,AL,2026-08,2026-08-09,WLF-1007,sup-arcus,SATA,"Random orbital sander 150 mm, 5 mm orbit",werkstatt,278,piece,35.36,9830.08,EUR,9830.08,synthetic-spend-AL.csv,True,indirect
TXN-003081,AL,2026-01,2026-01-13,WLF-1008,sup-cobalt,tesa,Paint cup for compressed-air spray gun,lack,217,piece,53.15,11533.55,EUR,11533.55,synthetic-spend-AL.csv,True,direct
TXN-003082,AL,2026-02,2026-02-07,WLF-1008,sup-cobalt,tesa,Paint cup for compressed-air spray gun,lack,308,piece,53.15,16370.2,EUR,16370.2,synthetic-spend-AL.csv,True,direct
TXN-003083,AL,2026-03,2026-03-04,WLF-1008,sup-cobalt,tesa,Paint cup for compressed-air spray gun,lack,152,piece,53.15,8078.8,EUR,8078.8,synthetic-spend-AL.csv,True,direct
TXN-003084,AL,2026-04,2026-04-17,WLF-1008,sup-cobalt,tesa,Paint cup for compressed-air spray gun,lack,49,piece,53.15,2604.35,EUR,2604.35,synthetic-spend-AL.csv,True,direct
TXN-003085,AL,2026-05,2026-05-03,WLF-1008,sup-cobalt,tesa,Paint cup for compressed-air spray gun,lack,130,piece,53.15,6909.5,EUR,6909.5,synthetic-spend-AL.csv,True,direct
TXN-003086,AL,2026-06,2026-06-16,WLF-1008,sup-cobalt,tesa,Paint cup for compressed-air spray gun,lack,305,piece,53.15,16210.75,EUR,16210.75,synthetic-spend-AL.csv,True,direct
TXN-003087,AL,2026-07,2026-07-04,WLF-1008,sup-cobalt,tesa,Paint cup for compressed-air spray gun,lack,113,piece,53.15,6005.95,EUR,6005.95,synthetic-spend-AL.csv,True,direct
TXN-003088,AL,2026-08,2026-08-13,WLF-1008,sup-cobalt,tesa,Paint cup for compressed-air spray gun,lack,311,piece,53.15,16529.65,EUR,16529.65,synthetic-spend-AL.csv,True,direct
TXN-003089,AL,2026-01,2026-01-13,WLF-1009,sup-solis,PPG / Nexa,"Sanding discs 150 mm, intermediate",schleif,48,piece,54.39,2610.72,EUR,2610.72,synthetic-spend-AL.csv,True,direct
TXN-003090,AL,2026-02,2026-02-20,WLF-1009,sup-solis,PPG / Nexa,"Sanding discs 150 mm, intermediate",schleif,329,piece,54.39,17894.31,EUR,17894.31,synthetic-spend-AL.csv,True,direct
TXN-003091,AL,2026-03,2026-03-17,WLF-1009,sup-solis,PPG / Nexa,"Sanding discs 150 mm, intermediate",schleif,228,piece,54.39,12400.92,EUR,12400.92,synthetic-spend-AL.csv,True,direct
TXN-003092,AL,2026-04,2026-04-05,WLF-1009,sup-solis,PPG / Nexa,"Sanding discs 150 mm, intermediate",schleif,65,piece,54.39,3535.35,EUR,3535.35,synthetic-spend-AL.csv,True,direct
TXN-003093,AL,2026-05,2026-05-19,WLF-1009,sup-solis,PPG / Nexa,"Sanding discs 150 mm, intermediate",schleif,204,piece,54.39,11095.56,EUR,11095.56,synthetic-spend-AL.csv,True,direct
TXN-003094,AL,2026-06,2026-06-01,WLF-1009,sup-solis,PPG / Nexa,"Sanding discs 150 mm, intermediate",schleif,68,piece,54.39,3698.52,EUR,3698.52,synthetic-spend-AL.csv,True,direct
TXN-003095,AL,2026-07,2026-07-11,WLF-1009,sup-solis,PPG / Nexa,"Sanding discs 150 mm, intermediate",schleif,255,piece,54.39,13869.45,EUR,13869.45,synthetic-spend-AL.csv,True,direct
TXN-003096,AL,2026-08,2026-08-13,WLF-1009,sup-solis,PPG / Nexa,"Sanding discs 150 mm, intermediate",schleif,31,piece,54.39,1686.09,EUR,1686.09,synthetic-spend-AL.csv,True,direct
TXN-003097,AL,2026-01,2026-01-27,WLF-1010,sup-orbit,Würth,Fine-line tape,kleb,69,piece,14.8,1021.2,EUR,1021.2,synthetic-spend-AL.csv,True,indirect
TXN-003098,AL,2026-02,2026-02-19,WLF-1010,sup-orbit,Würth,Fine-line tape,kleb,213,piece,14.8,3152.4,EUR,3152.4,synthetic-spend-AL.csv,True,indirect
TXN-003099,AL,2026-03,2026-03-20,WLF-1010,sup-orbit,Würth,Fine-line tape,kleb,221,piece,14.8,3270.8,EUR,3270.8,synthetic-spend-AL.csv,True,indirect
TXN-003100,AL,2026-04,2026-04-24,WLF-1010,sup-orbit,Würth,Fine-line tape,kleb,165,piece,14.8,2442.0,EUR,2442.0,synthetic-spend-AL.csv,True,indirect
TXN-003101,AL,2026-05,2026-05-09,WLF-1010,sup-orbit,Würth,Fine-line tape,kleb,161,piece,14.8,2382.8,EUR,2382.8,synthetic-spend-AL.csv,True,indirect
TXN-003102,AL,2026-06,2026-06-04,WLF-1010,sup-orbit,Würth,Fine-line tape,kleb,269,piece,14.8,3981.2,EUR,3981.2,synthetic-spend-AL.csv,True,indirect
TXN-003103,AL,2026-07,2026-07-19,WLF-1010,sup-orbit,Würth,Fine-line tape,kleb,131,piece,14.8,1938.8,EUR,1938.8,synthetic-spend-AL.csv,True,indirect
TXN-003104,AL,2026-08,2026-08-11,WLF-1010,sup-orbit,Würth,Fine-line tape,kleb,96,piece,14.8,1420.8,EUR,1420.8,synthetic-spend-AL.csv,True,indirect
TXN-003105,AL,2026-01,2026-01-13,WLF-1011,sup-helio,Kovax,Polish (fine / anti-hologram),polier,207,piece,13.72,2840.04,EUR,2840.04,synthetic-spend-AL.csv,True,direct
TXN-003106,AL,2026-02,2026-02-24,WLF-1011,sup-helio,Kovax,Polish (fine / anti-hologram),polier,266,piece,13.72,3649.52,EUR,3649.52,synthetic-spend-AL.csv,True,direct
TXN-003107,AL,2026-03,2026-03-22,WLF-1011,sup-helio,Kovax,Polish (fine / anti-hologram),polier,278,piece,13.72,3814.16,EUR,3814.16,synthetic-spend-AL.csv,True,direct
TXN-003108,AL,2026-04,2026-04-17,WLF-1011,sup-helio,Kovax,Polish (fine / anti-hologram),polier,213,piece,13.72,2922.36,EUR,2922.36,synthetic-spend-AL.csv,True,direct
TXN-003109,AL,2026-05,2026-05-14,WLF-1011,sup-helio,Kovax,Polish (fine / anti-hologram),polier,263,piece,13.72,3608.36,EUR,3608.36,synthetic-spend-AL.csv,True,direct
TXN-003110,AL,2026-06,2026-06-04,WLF-1011,sup-helio,Kovax,Polish (fine / anti-hologram),polier,45,piece,13.72,617.4,EUR,617.4,synthetic-spend-AL.csv,True,direct
TXN-003111,AL,2026-07,2026-07-05,WLF-1011,sup-helio,Kovax,Polish (fine / anti-hologram),polier,298,piece,13.72,4088.56,EUR,4088.56,synthetic-spend-AL.csv,True,direct
TXN-003112,AL,2026-08,2026-08-24,WLF-1011,sup-helio,Kovax,Polish (fine / anti-hologram),polier,308,piece,13.72,4225.76,EUR,4225.76,synthetic-spend-AL.csv,True,direct
TXN-003113,AL,2026-01,2026-01-16,WLF-1012,sup-vanta,Starcke,Water-based silicone remover,kabine,71,piece,27.06,1921.26,EUR,1921.26,synthetic-spend-AL.csv,True,direct
TXN-003114,AL,2026-02,2026-02-24,WLF-1012,sup-vanta,Starcke,Water-based silicone remover,kabine,201,piece,27.06,5439.06,EUR,5439.06,synthetic-spend-AL.csv,True,direct
TXN-003115,AL,2026-03,2026-03-05,WLF-1012,sup-vanta,Starcke,Water-based silicone remover,kabine,250,piece,27.06,6765.0,EUR,6765.0,synthetic-spend-AL.csv,True,direct
TXN-003116,AL,2026-04,2026-04-27,WLF-1012,sup-vanta,Starcke,Water-based silicone remover,kabine,183,piece,27.06,4951.98,EUR,4951.98,synthetic-spend-AL.csv,True,direct
TXN-003117,AL,2026-05,2026-05-05,WLF-1012,sup-vanta,Starcke,Water-based silicone remover,kabine,233,piece,27.06,6304.98,EUR,6304.98,synthetic-spend-AL.csv,True,direct
TXN-003118,AL,2026-06,2026-06-28,WLF-1012,sup-vanta,Starcke,Water-based silicone remover,kabine,28,piece,27.06,757.68,EUR,757.68,synthetic-spend-AL.csv,True,direct
TXN-003119,AL,2026-07,2026-07-23,WLF-1012,sup-vanta,Starcke,Water-based silicone remover,kabine,176,piece,27.06,4762.56,EUR,4762.56,synthetic-spend-AL.csv,True,direct
TXN-003120,AL,2026-08,2026-08-10,WLF-1012,sup-vanta,Starcke,Water-based silicone remover,kabine,124,piece,27.06,3355.44,EUR,3355.44,synthetic-spend-AL.csv,True,direct
TXN-003121,AL,2026-01,2026-01-07,WLF-1013,sup-aster,3M,A2 filter cartridges,psa,252,piece,4.69,1181.88,EUR,1181.88,synthetic-spend-AL.csv,True,indirect
TXN-003122,AL,2026-02,2026-02-13,WLF-1013,sup-aster,3M,A2 filter cartridges,psa,91,piece,4.69,426.79,EUR,426.79,synthetic-spend-AL.csv,True,indirect
TXN-003123,AL,2026-03,2026-03-28,WLF-1013,sup-aster,3M,A2 filter cartridges,psa,50,piece,4.69,234.5,EUR,234.5,synthetic-spend-AL.csv,True,indirect
TXN-003124,AL,2026-04,2026-04-23,WLF-1013,sup-aster,3M,A2 filter cartridges,psa,287,piece,4.69,1346.03,EUR,1346.03,synthetic-spend-AL.csv,True,indirect
TXN-003125,AL,2026-05,2026-05-13,WLF-1013,sup-aster,3M,A2 filter cartridges,psa,149,piece,4.69,698.81,EUR,698.81,synthetic-spend-AL.csv,True,indirect
TXN-003126,AL,2026-06,2026-06-05,WLF-1013,sup-aster,3M,A2 filter cartridges,psa,326,piece,4.69,1528.94,EUR,1528.94,synthetic-spend-AL.csv,True,indirect
TXN-003127,AL,2026-07,2026-07-12,WLF-1013,sup-aster,3M,A2 filter cartridges,psa,49,piece,4.69,229.81,EUR,229.81,synthetic-spend-AL.csv,True,indirect
TXN-003128,AL,2026-08,2026-08-22,WLF-1013,sup-aster,3M,A2 filter cartridges,psa,280,piece,4.69,1313.2,EUR,1313.2,synthetic-spend-AL.csv,True,indirect
TXN-003129,AL,2026-01,2026-01-27,WLF-1014,sup-velora,Glasurit (BASF),Random orbital sander 77 mm,werkstatt,110,piece,47.05,5175.5,EUR,5175.5,synthetic-spend-AL.csv,True,direct
TXN-003130,AL,2026-02,2026-02-06,WLF-1014,sup-velora,Glasurit (BASF),Random orbital sander 77 mm,werkstatt,146,piece,47.05,6869.3,EUR,6869.3,synthetic-spend-AL.csv,True,direct
TXN-003131,AL,2026-03,2026-03-20,WLF-1014,sup-velora,Glasurit (BASF),Random orbital sander 77 mm,werkstatt,65,piece,47.05,3058.25,EUR,3058.25,synthetic-spend-AL.csv,True,direct
TXN-003132,AL,2026-04,2026-04-11,WLF-1014,sup-velora,Glasurit (BASF),Random orbital sander 77 mm,werkstatt,121,piece,47.05,5693.05,EUR,5693.05,synthetic-spend-AL.csv,True,direct
TXN-003133,AL,2026-05,2026-05-05,WLF-1014,sup-velora,Glasurit (BASF),Random orbital sander 77 mm,werkstatt,158,piece,47.05,7433.9,EUR,7433.9,synthetic-spend-AL.csv,True,direct
TXN-003134,AL,2026-06,2026-06-03,WLF-1014,sup-velora,Glasurit (BASF),Random orbital sander 77 mm,werkstatt,313,piece,47.05,14726.65,EUR,14726.65,synthetic-spend-AL.csv,True,direct
TXN-003135,AL,2026-07,2026-07-18,WLF-1014,sup-velora,Glasurit (BASF),Random orbital sander 77 mm,werkstatt,77,piece,47.05,3622.85,EUR,3622.85,synthetic-spend-AL.csv,True,direct
TXN-003136,AL,2026-08,2026-08-03,WLF-1014,sup-velora,Glasurit (BASF),Random orbital sander 77 mm,werkstatt,44,piece,47.05,2070.2,EUR,2070.2,synthetic-spend-AL.csv,True,direct
TXN-003137,AL,2026-01,2026-01-03,WLF-1015,sup-lumen,Finixa,Paint strainers 125 µ / 200 µ,lack,87,piece,59.72,5195.64,EUR,5195.64,synthetic-spend-AL.csv,True,direct
TXN-003138,AL,2026-02,2026-02-03,WLF-1015,sup-lumen,Finixa,Paint strainers 125 µ / 200 µ,lack,194,piece,59.72,11585.68,EUR,11585.68,synthetic-spend-AL.csv,True,direct
TXN-003139,AL,2026-03,2026-03-05,WLF-1015,sup-lumen,Finixa,Paint strainers 125 µ / 200 µ,lack,159,piece,59.72,9495.48,EUR,9495.48,synthetic-spend-AL.csv,True,direct
TXN-003140,AL,2026-04,2026-04-24,WLF-1015,sup-lumen,Finixa,Paint strainers 125 µ / 200 µ,lack,82,piece,59.72,4897.04,EUR,4897.04,synthetic-spend-AL.csv,True,direct
TXN-003141,AL,2026-05,2026-05-09,WLF-1015,sup-lumen,Finixa,Paint strainers 125 µ / 200 µ,lack,25,piece,59.72,1493.0,EUR,1493.0,synthetic-spend-AL.csv,True,direct
TXN-003142,AL,2026-06,2026-06-17,WLF-1015,sup-lumen,Finixa,Paint strainers 125 µ / 200 µ,lack,171,piece,59.72,10212.12,EUR,10212.12,synthetic-spend-AL.csv,True,direct
TXN-003143,AL,2026-07,2026-07-13,WLF-1015,sup-lumen,Finixa,Paint strainers 125 µ / 200 µ,lack,153,piece,59.72,9137.16,EUR,9137.16,synthetic-spend-AL.csv,True,direct
TXN-003144,AL,2026-08,2026-08-12,WLF-1015,sup-lumen,Finixa,Paint strainers 125 µ / 200 µ,lack,36,piece,59.72,2149.92,EUR,2149.92,synthetic-spend-AL.csv,True,direct
TXN-003145,AL,2026-01,2026-01-07,WLF-1016,sup-novex,Mirka,"Sanding discs 150 mm, fine",schleif,72,piece,34.0,2448.0,EUR,2448.0,synthetic-spend-AL.csv,True,indirect
TXN-003146,AL,2026-02,2026-02-24,WLF-1016,sup-novex,Mirka,"Sanding discs 150 mm, fine",schleif,229,piece,34.0,7786.0,EUR,7786.0,synthetic-spend-AL.csv,True,indirect
TXN-003147,AL,2026-03,2026-03-09,WLF-1016,sup-novex,Mirka,"Sanding discs 150 mm, fine",schleif,134,piece,34.0,4556.0,EUR,4556.0,synthetic-spend-AL.csv,True,indirect
TXN-003148,AL,2026-04,2026-04-02,WLF-1016,sup-novex,Mirka,"Sanding discs 150 mm, fine",schleif,81,piece,34.0,2754.0,EUR,2754.0,synthetic-spend-AL.csv,True,indirect
TXN-003149,AL,2026-05,2026-05-09,WLF-1016,sup-novex,Mirka,"Sanding discs 150 mm, fine",schleif,224,piece,34.0,7616.0,EUR,7616.0,synthetic-spend-AL.csv,True,indirect
TXN-003150,AL,2026-06,2026-06-20,WLF-1016,sup-novex,Mirka,"Sanding discs 150 mm, fine",schleif,177,piece,34.0,6018.0,EUR,6018.0,synthetic-spend-AL.csv,True,indirect
TXN-003151,AL,2026-07,2026-07-14,WLF-1016,sup-novex,Mirka,"Sanding discs 150 mm, fine",schleif,121,piece,34.0,4114.0,EUR,4114.0,synthetic-spend-AL.csv,True,indirect
TXN-003152,AL,2026-08,2026-08-21,WLF-1016,sup-novex,Mirka,"Sanding discs 150 mm, fine",schleif,234,piece,34.0,7956.0,EUR,7956.0,synthetic-spend-AL.csv,True,indirect
TXN-003153,AL,2026-01,2026-01-12,WLF-1017,sup-arcus,SATA,Contour tape,kleb,120,piece,11.19,1342.8,EUR,1342.8,synthetic-spend-AL.csv,False,direct
TXN-003154,AL,2026-02,2026-02-22,WLF-1017,sup-arcus,SATA,Contour tape,kleb,32,piece,11.19,358.08,EUR,358.08,synthetic-spend-AL.csv,False,direct
TXN-003155,AL,2026-03,2026-03-27,WLF-1017,sup-arcus,SATA,Contour tape,kleb,266,piece,11.19,2976.54,EUR,2976.54,synthetic-spend-AL.csv,False,direct
TXN-003156,AL,2026-04,2026-04-11,WLF-1017,sup-arcus,SATA,Contour tape,kleb,73,piece,11.19,816.87,EUR,816.87,synthetic-spend-AL.csv,False,direct
TXN-003157,AL,2026-05,2026-05-16,WLF-1017,sup-arcus,SATA,Contour tape,kleb,259,piece,11.19,2898.21,EUR,2898.21,synthetic-spend-AL.csv,False,direct
TXN-003158,AL,2026-06,2026-06-19,WLF-1017,sup-arcus,SATA,Contour tape,kleb,57,piece,11.19,637.83,EUR,637.83,synthetic-spend-AL.csv,False,direct
TXN-003159,AL,2026-07,2026-07-28,WLF-1017,sup-arcus,SATA,Contour tape,kleb,282,piece,11.19,3155.58,EUR,3155.58,synthetic-spend-AL.csv,False,direct
TXN-003160,AL,2026-08,2026-08-12,WLF-1017,sup-arcus,SATA,Contour tape,kleb,212,piece,11.19,2372.28,EUR,2372.28,synthetic-spend-AL.csv,False,direct
TXN-003161,AL,2026-01,2026-01-04,WLF-1018,sup-cobalt,tesa,One-step cutting and polishing compound,polier,43,piece,20.11,864.73,EUR,864.73,synthetic-spend-AL.csv,False,direct
TXN-003162,AL,2026-02,2026-02-02,WLF-1018,sup-cobalt,tesa,One-step cutting and polishing compound,polier,217,piece,20.11,4363.87,EUR,4363.87,synthetic-spend-AL.csv,False,direct
TXN-003163,AL,2026-03,2026-03-04,WLF-1018,sup-cobalt,tesa,One-step cutting and polishing compound,polier,241,piece,20.11,4846.51,EUR,4846.51,synthetic-spend-AL.csv,False,direct
TXN-003164,AL,2026-04,2026-04-06,WLF-1018,sup-cobalt,tesa,One-step cutting and polishing compound,polier,116,piece,20.11,2332.76,EUR,2332.76,synthetic-spend-AL.csv,False,direct
TXN-003165,AL,2026-05,2026-05-22,WLF-1018,sup-cobalt,tesa,One-step cutting and polishing compound,polier,134,piece,20.11,2694.74,EUR,2694.74,synthetic-spend-AL.csv,False,direct
TXN-003166,AL,2026-06,2026-06-09,WLF-1018,sup-cobalt,tesa,One-step cutting and polishing compound,polier,111,piece,20.11,2232.21,EUR,2232.21,synthetic-spend-AL.csv,False,direct
TXN-003167,AL,2026-07,2026-07-01,WLF-1018,sup-cobalt,tesa,One-step cutting and polishing compound,polier,264,piece,20.11,5309.04,EUR,5309.04,synthetic-spend-AL.csv,False,direct
TXN-003168,AL,2026-08,2026-08-16,WLF-1018,sup-cobalt,tesa,One-step cutting and polishing compound,polier,186,piece,20.11,3740.46,EUR,3740.46,synthetic-spend-AL.csv,False,direct
TXN-003169,AL,2026-01,2026-01-19,WLF-1019,sup-solis,PPG / Nexa,Pre-saturated cleaning wipes,kabine,317,piece,86.64,27464.88,EUR,27464.88,synthetic-spend-AL.csv,False,indirect
TXN-003170,AL,2026-02,2026-02-22,WLF-1019,sup-solis,PPG / Nexa,Pre-saturated cleaning wipes,kabine,81,piece,86.64,7017.84,EUR,7017.84,synthetic-spend-AL.csv,False,indirect
TXN-003171,AL,2026-03,2026-03-02,WLF-1019,sup-solis,PPG / Nexa,Pre-saturated cleaning wipes,kabine,308,piece,86.64,26685.12,EUR,26685.12,synthetic-spend-AL.csv,False,indirect
TXN-003172,AL,2026-04,2026-04-04,WLF-1019,sup-solis,PPG / Nexa,Pre-saturated cleaning wipes,kabine,240,piece,86.64,20793.6,EUR,20793.6,synthetic-spend-AL.csv,False,indirect
TXN-003173,AL,2026-05,2026-05-15,WLF-1019,sup-solis,PPG / Nexa,Pre-saturated cleaning wipes,kabine,243,piece,86.64,21053.52,EUR,21053.52,synthetic-spend-AL.csv,False,indirect
TXN-003174,AL,2026-06,2026-06-03,WLF-1019,sup-solis,PPG / Nexa,Pre-saturated cleaning wipes,kabine,295,piece,86.64,25558.8,EUR,25558.8,synthetic-spend-AL.csv,False,indirect
TXN-003175,AL,2026-07,2026-07-27,WLF-1019,sup-solis,PPG / Nexa,Pre-saturated cleaning wipes,kabine,139,piece,86.64,12042.96,EUR,12042.96,synthetic-spend-AL.csv,False,indirect
TXN-003176,AL,2026-08,2026-08-13,WLF-1019,sup-solis,PPG / Nexa,Pre-saturated cleaning wipes,kabine,43,piece,86.64,3725.52,EUR,3725.52,synthetic-spend-AL.csv,False,indirect
TXN-003177,AL,2026-01,2026-01-11,WLF-1020,sup-orbit,Würth,P3 particulate filters,psa,256,piece,19.64,5027.84,EUR,5027.84,synthetic-spend-AL.csv,False,direct
TXN-003178,AL,2026-02,2026-02-15,WLF-1020,sup-orbit,Würth,P3 particulate filters,psa,173,piece,19.64,3397.72,EUR,3397.72,synthetic-spend-AL.csv,False,direct
TXN-003179,AL,2026-03,2026-03-14,WLF-1020,sup-orbit,Würth,P3 particulate filters,psa,282,piece,19.64,5538.48,EUR,5538.48,synthetic-spend-AL.csv,False,direct
TXN-003180,AL,2026-04,2026-04-22,WLF-1020,sup-orbit,Würth,P3 particulate filters,psa,238,piece,19.64,4674.32,EUR,4674.32,synthetic-spend-AL.csv,False,direct
TXN-003181,AL,2026-05,2026-05-21,WLF-1020,sup-orbit,Würth,P3 particulate filters,psa,311,piece,19.64,6108.04,EUR,6108.04,synthetic-spend-AL.csv,False,direct
TXN-003182,AL,2026-06,2026-06-26,WLF-1020,sup-orbit,Würth,P3 particulate filters,psa,263,piece,19.64,5165.32,EUR,5165.32,synthetic-spend-AL.csv,False,direct
TXN-003183,AL,2026-07,2026-07-18,WLF-1020,sup-orbit,Würth,P3 particulate filters,psa,166,piece,19.64,3260.24,EUR,3260.24,synthetic-spend-AL.csv,False,direct
TXN-003184,AL,2026-08,2026-08-11,WLF-1020,sup-orbit,Würth,P3 particulate filters,psa,132,piece,19.64,2592.48,EUR,2592.48,synthetic-spend-AL.csv,False,direct
TXN-003185,AL,2026-01,2026-01-23,WLF-1021,sup-helio,Kovax,Electric random orbital sander 150 mm,werkstatt,230,piece,19.16,4406.8,EUR,4406.8,synthetic-spend-AL.csv,False,direct
TXN-003186,AL,2026-02,2026-02-05,WLF-1021,sup-helio,Kovax,Electric random orbital sander 150 mm,werkstatt,49,piece,19.16,938.84,EUR,938.84,synthetic-spend-AL.csv,False,direct
TXN-003187,AL,2026-03,2026-03-18,WLF-1021,sup-helio,Kovax,Electric random orbital sander 150 mm,werkstatt,236,piece,19.16,4521.76,EUR,4521.76,synthetic-spend-AL.csv,False,direct
TXN-003188,AL,2026-04,2026-04-09,WLF-1021,sup-helio,Kovax,Electric random orbital sander 150 mm,werkstatt,221,piece,19.16,4234.36,EUR,4234.36,synthetic-spend-AL.csv,False,direct
TXN-003189,AL,2026-05,2026-05-01,WLF-1021,sup-helio,Kovax,Electric random orbital sander 150 mm,werkstatt,312,piece,19.16,5977.92,EUR,5977.92,synthetic-spend-AL.csv,False,direct
TXN-003190,AL,2026-06,2026-06-22,WLF-1021,sup-helio,Kovax,Electric random orbital sander 150 mm,werkstatt,233,piece,19.16,4464.28,EUR,4464.28,synthetic-spend-AL.csv,False,direct
TXN-003191,AL,2026-07,2026-07-10,WLF-1021,sup-helio,Kovax,Electric random orbital sander 150 mm,werkstatt,78,piece,19.16,1494.48,EUR,1494.48,synthetic-spend-AL.csv,False,direct
TXN-003192,AL,2026-08,2026-08-03,WLF-1021,sup-helio,Kovax,Electric random orbital sander 150 mm,werkstatt,105,piece,19.16,2011.8,EUR,2011.8,synthetic-spend-AL.csv,False,direct
TXN-003193,MK,2026-01,2026-01-25,WLF-1001,sup-vanta,Starcke,Graduated mixing cup,lack,76,piece,26.45,2010.2,EUR,2010.2,synthetic-spend-MK.csv,True,direct
TXN-003194,MK,2026-02,2026-02-08,WLF-1001,sup-vanta,Starcke,Graduated mixing cup,lack,330,piece,26.45,8728.5,EUR,8728.5,synthetic-spend-MK.csv,True,direct
TXN-003195,MK,2026-03,2026-03-21,WLF-1001,sup-vanta,Starcke,Graduated mixing cup,lack,114,piece,26.45,3015.3,EUR,3015.3,synthetic-spend-MK.csv,True,direct
TXN-003196,MK,2026-04,2026-04-18,WLF-1001,sup-vanta,Starcke,Graduated mixing cup,lack,135,piece,26.45,3570.75,EUR,3570.75,synthetic-spend-MK.csv,True,direct
TXN-003197,MK,2026-05,2026-05-10,WLF-1001,sup-vanta,Starcke,Graduated mixing cup,lack,103,piece,26.45,2724.35,EUR,2724.35,synthetic-spend-MK.csv,True,direct
TXN-003198,MK,2026-06,2026-06-05,WLF-1001,sup-vanta,Starcke,Graduated mixing cup,lack,28,piece,26.45,740.6,EUR,740.6,synthetic-spend-MK.csv,True,direct
TXN-003199,MK,2026-07,2026-07-02,WLF-1001,sup-vanta,Starcke,Graduated mixing cup,lack,145,piece,26.45,3835.25,EUR,3835.25,synthetic-spend-MK.csv,True,direct
TXN-003200,MK,2026-08,2026-08-19,WLF-1001,sup-vanta,Starcke,Graduated mixing cup,lack,159,piece,26.45,4205.55,EUR,4205.55,synthetic-spend-MK.csv,True,direct
TXN-003201,MK,2026-01,2026-01-05,WLF-1002,sup-aster,3M,"Sanding discs 150 mm, coarse",schleif,327,piece,45.99,15038.73,EUR,15038.73,synthetic-spend-MK.csv,True,direct
TXN-003202,MK,2026-02,2026-02-21,WLF-1002,sup-aster,3M,"Sanding discs 150 mm, coarse",schleif,179,piece,45.99,8232.21,EUR,8232.21,synthetic-spend-MK.csv,True,direct
TXN-003203,MK,2026-03,2026-03-24,WLF-1002,sup-aster,3M,"Sanding discs 150 mm, coarse",schleif,235,piece,45.99,10807.65,EUR,10807.65,synthetic-spend-MK.csv,True,direct
TXN-003204,MK,2026-04,2026-04-05,WLF-1002,sup-aster,3M,"Sanding discs 150 mm, coarse",schleif,280,piece,45.99,12877.2,EUR,12877.2,synthetic-spend-MK.csv,True,direct
TXN-003205,MK,2026-05,2026-05-03,WLF-1002,sup-aster,3M,"Sanding discs 150 mm, coarse",schleif,52,piece,45.99,2391.48,EUR,2391.48,synthetic-spend-MK.csv,True,direct
TXN-003206,MK,2026-06,2026-06-18,WLF-1002,sup-aster,3M,"Sanding discs 150 mm, coarse",schleif,126,piece,45.99,5794.74,EUR,5794.74,synthetic-spend-MK.csv,True,direct
TXN-003207,MK,2026-07,2026-07-11,WLF-1002,sup-aster,3M,"Sanding discs 150 mm, coarse",schleif,150,piece,45.99,6898.5,EUR,6898.5,synthetic-spend-MK.csv,True,direct
TXN-003208,MK,2026-08,2026-08-26,WLF-1002,sup-aster,3M,"Sanding discs 150 mm, coarse",schleif,146,piece,45.99,6714.54,EUR,6714.54,synthetic-spend-MK.csv,True,direct
TXN-003209,MK,2026-01,2026-01-16,WLF-1003,sup-velora,Glasurit (BASF),Standard masking tape,kleb,318,piece,17.59,5593.62,EUR,5593.62,synthetic-spend-MK.csv,True,indirect
TXN-003210,MK,2026-02,2026-02-22,WLF-1003,sup-velora,Glasurit (BASF),Standard masking tape,kleb,254,piece,17.59,4467.86,EUR,4467.86,synthetic-spend-MK.csv,True,indirect
TXN-003211,MK,2026-03,2026-03-20,WLF-1003,sup-velora,Glasurit (BASF),Standard masking tape,kleb,75,piece,17.59,1319.25,EUR,1319.25,synthetic-spend-MK.csv,True,indirect
TXN-003212,MK,2026-04,2026-04-23,WLF-1003,sup-velora,Glasurit (BASF),Standard masking tape,kleb,168,piece,17.59,2955.12,EUR,2955.12,synthetic-spend-MK.csv,True,indirect
TXN-003213,MK,2026-05,2026-05-08,WLF-1003,sup-velora,Glasurit (BASF),Standard masking tape,kleb,50,piece,17.59,879.5,EUR,879.5,synthetic-spend-MK.csv,True,indirect
TXN-003214,MK,2026-06,2026-06-12,WLF-1003,sup-velora,Glasurit (BASF),Standard masking tape,kleb,89,piece,17.59,1565.51,EUR,1565.51,synthetic-spend-MK.csv,True,indirect
TXN-003215,MK,2026-07,2026-07-02,WLF-1003,sup-velora,Glasurit (BASF),Standard masking tape,kleb,35,piece,17.59,615.65,EUR,615.65,synthetic-spend-MK.csv,True,indirect
TXN-003216,MK,2026-08,2026-08-25,WLF-1003,sup-velora,Glasurit (BASF),Standard masking tape,kleb,29,piece,17.59,510.11,EUR,510.11,synthetic-spend-MK.csv,True,indirect
TXN-003217,MK,2026-01,2026-01-07,WLF-1004,sup-lumen,Finixa,Cutting compound (coarse/medium),polier,54,piece,32.55,1757.7,EUR,1757.7,synthetic-spend-MK.csv,True,direct
TXN-003218,MK,2026-02,2026-02-22,WLF-1004,sup-lumen,Finixa,Cutting compound (coarse/medium),polier,160,piece,32.55,5208.0,EUR,5208.0,synthetic-spend-MK.csv,True,direct
TXN-003219,MK,2026-03,2026-03-17,WLF-1004,sup-lumen,Finixa,Cutting compound (coarse/medium),polier,202,piece,32.55,6575.1,EUR,6575.1,synthetic-spend-MK.csv,True,direct
TXN-003220,MK,2026-04,2026-04-07,WLF-1004,sup-lumen,Finixa,Cutting compound (coarse/medium),polier,115,piece,32.55,3743.25,EUR,3743.25,synthetic-spend-MK.csv,True,direct
TXN-003221,MK,2026-05,2026-05-11,WLF-1004,sup-lumen,Finixa,Cutting compound (coarse/medium),polier,311,piece,32.55,10123.05,EUR,10123.05,synthetic-spend-MK.csv,True,direct
TXN-003222,MK,2026-06,2026-06-21,WLF-1004,sup-lumen,Finixa,Cutting compound (coarse/medium),polier,230,piece,32.55,7486.5,EUR,7486.5,synthetic-spend-MK.csv,True,direct
TXN-003223,MK,2026-07,2026-07-17,WLF-1004,sup-lumen,Finixa,Cutting compound (coarse/medium),polier,319,piece,32.55,10383.45,EUR,10383.45,synthetic-spend-MK.csv,True,direct
TXN-003224,MK,2026-08,2026-08-07,WLF-1004,sup-lumen,Finixa,Cutting compound (coarse/medium),polier,47,piece,32.55,1529.85,EUR,1529.85,synthetic-spend-MK.csv,True,direct
TXN-003225,MK,2026-01,2026-01-20,WLF-1005,sup-novex,Mirka,Solvent-based silicone remover,kabine,78,piece,51.88,4046.64,EUR,4046.64,synthetic-spend-MK.csv,True,direct
TXN-003226,MK,2026-02,2026-02-10,WLF-1005,sup-novex,Mirka,Solvent-based silicone remover,kabine,145,piece,51.88,7522.6,EUR,7522.6,synthetic-spend-MK.csv,True,direct
TXN-003227,MK,2026-03,2026-03-06,WLF-1005,sup-novex,Mirka,Solvent-based silicone remover,kabine,238,piece,51.88,12347.44,EUR,12347.44,synthetic-spend-MK.csv,True,direct
TXN-003228,MK,2026-04,2026-04-23,WLF-1005,sup-novex,Mirka,Solvent-based silicone remover,kabine,113,piece,51.88,5862.44,EUR,5862.44,synthetic-spend-MK.csv,True,direct
TXN-003229,MK,2026-05,2026-05-22,WLF-1005,sup-novex,Mirka,Solvent-based silicone remover,kabine,143,piece,51.88,7418.84,EUR,7418.84,synthetic-spend-MK.csv,True,direct
TXN-003230,MK,2026-06,2026-06-16,WLF-1005,sup-novex,Mirka,Solvent-based silicone remover,kabine,319,piece,51.88,16549.72,EUR,16549.72,synthetic-spend-MK.csv,True,direct
TXN-003231,MK,2026-07,2026-07-15,WLF-1005,sup-novex,Mirka,Solvent-based silicone remover,kabine,194,piece,51.88,10064.72,EUR,10064.72,synthetic-spend-MK.csv,True,direct
TXN-003232,MK,2026-08,2026-08-19,WLF-1005,sup-novex,Mirka,Solvent-based silicone remover,kabine,45,piece,51.88,2334.6,EUR,2334.6,synthetic-spend-MK.csv,True,direct
TXN-003233,MK,2026-01,2026-01-11,WLF-1006,sup-arcus,SATA,Half mask / spray-painting respirator,psa,283,piece,23.43,6630.69,EUR,6630.69,synthetic-spend-MK.csv,True,indirect
TXN-003234,MK,2026-02,2026-02-15,WLF-1006,sup-arcus,SATA,Half mask / spray-painting respirator,psa,161,piece,23.43,3772.23,EUR,3772.23,synthetic-spend-MK.csv,True,indirect
TXN-003235,MK,2026-03,2026-03-14,WLF-1006,sup-arcus,SATA,Half mask / spray-painting respirator,psa,173,piece,23.43,4053.39,EUR,4053.39,synthetic-spend-MK.csv,True,indirect
TXN-003236,MK,2026-04,2026-04-08,WLF-1006,sup-arcus,SATA,Half mask / spray-painting respirator,psa,302,piece,23.43,7075.86,EUR,7075.86,synthetic-spend-MK.csv,True,indirect
TXN-003237,MK,2026-05,2026-05-10,WLF-1006,sup-arcus,SATA,Half mask / spray-painting respirator,psa,289,piece,23.43,6771.27,EUR,6771.27,synthetic-spend-MK.csv,True,indirect
TXN-003238,MK,2026-06,2026-06-28,WLF-1006,sup-arcus,SATA,Half mask / spray-painting respirator,psa,112,piece,23.43,2624.16,EUR,2624.16,synthetic-spend-MK.csv,True,indirect
TXN-003239,MK,2026-07,2026-07-18,WLF-1006,sup-arcus,SATA,Half mask / spray-painting respirator,psa,268,piece,23.43,6279.24,EUR,6279.24,synthetic-spend-MK.csv,True,indirect
TXN-003240,MK,2026-08,2026-08-26,WLF-1006,sup-arcus,SATA,Half mask / spray-painting respirator,psa,86,piece,23.43,2014.98,EUR,2014.98,synthetic-spend-MK.csv,True,indirect
TXN-003241,MK,2026-01,2026-01-26,WLF-1007,sup-cobalt,tesa,"Random orbital sander 150 mm, 5 mm orbit",werkstatt,265,piece,34.78,9216.7,EUR,9216.7,synthetic-spend-MK.csv,True,direct
TXN-003242,MK,2026-02,2026-02-16,WLF-1007,sup-cobalt,tesa,"Random orbital sander 150 mm, 5 mm orbit",werkstatt,215,piece,34.78,7477.7,EUR,7477.7,synthetic-spend-MK.csv,True,direct
TXN-003243,MK,2026-03,2026-03-01,WLF-1007,sup-cobalt,tesa,"Random orbital sander 150 mm, 5 mm orbit",werkstatt,132,piece,34.78,4590.96,EUR,4590.96,synthetic-spend-MK.csv,True,direct
TXN-003244,MK,2026-04,2026-04-04,WLF-1007,sup-cobalt,tesa,"Random orbital sander 150 mm, 5 mm orbit",werkstatt,271,piece,34.78,9425.38,EUR,9425.38,synthetic-spend-MK.csv,True,direct
TXN-003245,MK,2026-05,2026-05-12,WLF-1007,sup-cobalt,tesa,"Random orbital sander 150 mm, 5 mm orbit",werkstatt,313,piece,34.78,10886.14,EUR,10886.14,synthetic-spend-MK.csv,True,direct
TXN-003246,MK,2026-06,2026-06-26,WLF-1007,sup-cobalt,tesa,"Random orbital sander 150 mm, 5 mm orbit",werkstatt,317,piece,34.78,11025.26,EUR,11025.26,synthetic-spend-MK.csv,True,direct
TXN-003247,MK,2026-07,2026-07-27,WLF-1007,sup-cobalt,tesa,"Random orbital sander 150 mm, 5 mm orbit",werkstatt,52,piece,34.78,1808.56,EUR,1808.56,synthetic-spend-MK.csv,True,direct
TXN-003248,MK,2026-08,2026-08-07,WLF-1007,sup-cobalt,tesa,"Random orbital sander 150 mm, 5 mm orbit",werkstatt,64,piece,34.78,2225.92,EUR,2225.92,synthetic-spend-MK.csv,True,direct
TXN-003249,MK,2026-01,2026-01-03,WLF-1008,sup-solis,PPG / Nexa,Paint cup for compressed-air spray gun,lack,151,piece,82.17,12407.67,EUR,12407.67,synthetic-spend-MK.csv,True,direct
TXN-003250,MK,2026-02,2026-02-10,WLF-1008,sup-solis,PPG / Nexa,Paint cup for compressed-air spray gun,lack,58,piece,82.17,4765.86,EUR,4765.86,synthetic-spend-MK.csv,True,direct
TXN-003251,MK,2026-03,2026-03-14,WLF-1008,sup-solis,PPG / Nexa,Paint cup for compressed-air spray gun,lack,146,piece,82.17,11996.82,EUR,11996.82,synthetic-spend-MK.csv,True,direct
TXN-003252,MK,2026-04,2026-04-22,WLF-1008,sup-solis,PPG / Nexa,Paint cup for compressed-air spray gun,lack,201,piece,82.17,16516.17,EUR,16516.17,synthetic-spend-MK.csv,True,direct
TXN-003253,MK,2026-05,2026-05-15,WLF-1008,sup-solis,PPG / Nexa,Paint cup for compressed-air spray gun,lack,268,piece,82.17,22021.56,EUR,22021.56,synthetic-spend-MK.csv,True,direct
TXN-003254,MK,2026-06,2026-06-17,WLF-1008,sup-solis,PPG / Nexa,Paint cup for compressed-air spray gun,lack,301,piece,82.17,24733.17,EUR,24733.17,synthetic-spend-MK.csv,True,direct
TXN-003255,MK,2026-07,2026-07-07,WLF-1008,sup-solis,PPG / Nexa,Paint cup for compressed-air spray gun,lack,264,piece,82.17,21692.88,EUR,21692.88,synthetic-spend-MK.csv,True,direct
TXN-003256,MK,2026-08,2026-08-14,WLF-1008,sup-solis,PPG / Nexa,Paint cup for compressed-air spray gun,lack,325,piece,82.17,26705.25,EUR,26705.25,synthetic-spend-MK.csv,True,direct
TXN-003257,MK,2026-01,2026-01-20,WLF-1009,sup-orbit,Würth,"Sanding discs 150 mm, intermediate",schleif,52,piece,80.73,4197.96,EUR,4197.96,synthetic-spend-MK.csv,True,indirect
TXN-003258,MK,2026-02,2026-02-25,WLF-1009,sup-orbit,Würth,"Sanding discs 150 mm, intermediate",schleif,292,piece,80.73,23573.16,EUR,23573.16,synthetic-spend-MK.csv,True,indirect
TXN-003259,MK,2026-03,2026-03-22,WLF-1009,sup-orbit,Würth,"Sanding discs 150 mm, intermediate",schleif,273,piece,80.73,22039.29,EUR,22039.29,synthetic-spend-MK.csv,True,indirect
TXN-003260,MK,2026-04,2026-04-17,WLF-1009,sup-orbit,Würth,"Sanding discs 150 mm, intermediate",schleif,204,piece,80.73,16468.92,EUR,16468.92,synthetic-spend-MK.csv,True,indirect
TXN-003261,MK,2026-05,2026-05-11,WLF-1009,sup-orbit,Würth,"Sanding discs 150 mm, intermediate",schleif,121,piece,80.73,9768.33,EUR,9768.33,synthetic-spend-MK.csv,True,indirect
TXN-003262,MK,2026-06,2026-06-01,WLF-1009,sup-orbit,Würth,"Sanding discs 150 mm, intermediate",schleif,237,piece,80.73,19133.01,EUR,19133.01,synthetic-spend-MK.csv,True,indirect
TXN-003263,MK,2026-07,2026-07-13,WLF-1009,sup-orbit,Würth,"Sanding discs 150 mm, intermediate",schleif,178,piece,80.73,14369.94,EUR,14369.94,synthetic-spend-MK.csv,True,indirect
TXN-003264,MK,2026-08,2026-08-22,WLF-1009,sup-orbit,Würth,"Sanding discs 150 mm, intermediate",schleif,162,piece,80.73,13078.26,EUR,13078.26,synthetic-spend-MK.csv,True,indirect
TXN-003265,MK,2026-01,2026-01-16,WLF-1010,sup-helio,Kovax,Fine-line tape,kleb,235,piece,22.22,5221.7,EUR,5221.7,synthetic-spend-MK.csv,True,direct
TXN-003266,MK,2026-02,2026-02-12,WLF-1010,sup-helio,Kovax,Fine-line tape,kleb,282,piece,22.22,6266.04,EUR,6266.04,synthetic-spend-MK.csv,True,direct
TXN-003267,MK,2026-03,2026-03-22,WLF-1010,sup-helio,Kovax,Fine-line tape,kleb,260,piece,22.22,5777.2,EUR,5777.2,synthetic-spend-MK.csv,True,direct
TXN-003268,MK,2026-04,2026-04-07,WLF-1010,sup-helio,Kovax,Fine-line tape,kleb,142,piece,22.22,3155.24,EUR,3155.24,synthetic-spend-MK.csv,True,direct
TXN-003269,MK,2026-05,2026-05-01,WLF-1010,sup-helio,Kovax,Fine-line tape,kleb,186,piece,22.22,4132.92,EUR,4132.92,synthetic-spend-MK.csv,True,direct
TXN-003270,MK,2026-06,2026-06-05,WLF-1010,sup-helio,Kovax,Fine-line tape,kleb,42,piece,22.22,933.24,EUR,933.24,synthetic-spend-MK.csv,True,direct
TXN-003271,MK,2026-07,2026-07-19,WLF-1010,sup-helio,Kovax,Fine-line tape,kleb,203,piece,22.22,4510.66,EUR,4510.66,synthetic-spend-MK.csv,True,direct
TXN-003272,MK,2026-08,2026-08-14,WLF-1010,sup-helio,Kovax,Fine-line tape,kleb,239,piece,22.22,5310.58,EUR,5310.58,synthetic-spend-MK.csv,True,direct
TXN-003273,MK,2026-01,2026-01-28,WLF-1011,sup-vanta,Starcke,Polish (fine / anti-hologram),polier,320,piece,6.89,2204.8,EUR,2204.8,synthetic-spend-MK.csv,True,direct
TXN-003274,MK,2026-02,2026-02-24,WLF-1011,sup-vanta,Starcke,Polish (fine / anti-hologram),polier,198,piece,6.89,1364.22,EUR,1364.22,synthetic-spend-MK.csv,True,direct
TXN-003275,MK,2026-03,2026-03-28,WLF-1011,sup-vanta,Starcke,Polish (fine / anti-hologram),polier,122,piece,6.89,840.58,EUR,840.58,synthetic-spend-MK.csv,True,direct
TXN-003276,MK,2026-04,2026-04-19,WLF-1011,sup-vanta,Starcke,Polish (fine / anti-hologram),polier,262,piece,6.89,1805.18,EUR,1805.18,synthetic-spend-MK.csv,True,direct
TXN-003277,MK,2026-05,2026-05-21,WLF-1011,sup-vanta,Starcke,Polish (fine / anti-hologram),polier,277,piece,6.89,1908.53,EUR,1908.53,synthetic-spend-MK.csv,True,direct
TXN-003278,MK,2026-06,2026-06-13,WLF-1011,sup-vanta,Starcke,Polish (fine / anti-hologram),polier,49,piece,6.89,337.61,EUR,337.61,synthetic-spend-MK.csv,True,direct
TXN-003279,MK,2026-07,2026-07-25,WLF-1011,sup-vanta,Starcke,Polish (fine / anti-hologram),polier,245,piece,6.89,1688.05,EUR,1688.05,synthetic-spend-MK.csv,True,direct
TXN-003280,MK,2026-08,2026-08-01,WLF-1011,sup-vanta,Starcke,Polish (fine / anti-hologram),polier,199,piece,6.89,1371.11,EUR,1371.11,synthetic-spend-MK.csv,True,direct
TXN-003281,MK,2026-01,2026-01-12,WLF-1012,sup-aster,3M,Water-based silicone remover,kabine,90,piece,38.95,3505.5,EUR,3505.5,synthetic-spend-MK.csv,True,indirect
TXN-003282,MK,2026-02,2026-02-14,WLF-1012,sup-aster,3M,Water-based silicone remover,kabine,207,piece,38.95,8062.65,EUR,8062.65,synthetic-spend-MK.csv,True,indirect
TXN-003283,MK,2026-03,2026-03-17,WLF-1012,sup-aster,3M,Water-based silicone remover,kabine,101,piece,38.95,3933.95,EUR,3933.95,synthetic-spend-MK.csv,True,indirect
TXN-003284,MK,2026-04,2026-04-17,WLF-1012,sup-aster,3M,Water-based silicone remover,kabine,157,piece,38.95,6115.15,EUR,6115.15,synthetic-spend-MK.csv,True,indirect
TXN-003285,MK,2026-05,2026-05-18,WLF-1012,sup-aster,3M,Water-based silicone remover,kabine,67,piece,38.95,2609.65,EUR,2609.65,synthetic-spend-MK.csv,True,indirect
TXN-003286,MK,2026-06,2026-06-06,WLF-1012,sup-aster,3M,Water-based silicone remover,kabine,72,piece,38.95,2804.4,EUR,2804.4,synthetic-spend-MK.csv,True,indirect
TXN-003287,MK,2026-07,2026-07-01,WLF-1012,sup-aster,3M,Water-based silicone remover,kabine,93,piece,38.95,3622.35,EUR,3622.35,synthetic-spend-MK.csv,True,indirect
TXN-003288,MK,2026-08,2026-08-27,WLF-1012,sup-aster,3M,Water-based silicone remover,kabine,261,piece,38.95,10165.95,EUR,10165.95,synthetic-spend-MK.csv,True,indirect
TXN-003289,MK,2026-01,2026-01-27,WLF-1013,sup-velora,Glasurit (BASF),A2 filter cartridges,psa,272,piece,5.68,1544.96,EUR,1544.96,synthetic-spend-MK.csv,True,direct
TXN-003290,MK,2026-02,2026-02-25,WLF-1013,sup-velora,Glasurit (BASF),A2 filter cartridges,psa,49,piece,5.68,278.32,EUR,278.32,synthetic-spend-MK.csv,True,direct
TXN-003291,MK,2026-03,2026-03-15,WLF-1013,sup-velora,Glasurit (BASF),A2 filter cartridges,psa,249,piece,5.68,1414.32,EUR,1414.32,synthetic-spend-MK.csv,True,direct
TXN-003292,MK,2026-04,2026-04-17,WLF-1013,sup-velora,Glasurit (BASF),A2 filter cartridges,psa,197,piece,5.68,1118.96,EUR,1118.96,synthetic-spend-MK.csv,True,direct
TXN-003293,MK,2026-05,2026-05-20,WLF-1013,sup-velora,Glasurit (BASF),A2 filter cartridges,psa,276,piece,5.68,1567.68,EUR,1567.68,synthetic-spend-MK.csv,True,direct
TXN-003294,MK,2026-06,2026-06-20,WLF-1013,sup-velora,Glasurit (BASF),A2 filter cartridges,psa,153,piece,5.68,869.04,EUR,869.04,synthetic-spend-MK.csv,True,direct
TXN-003295,MK,2026-07,2026-07-23,WLF-1013,sup-velora,Glasurit (BASF),A2 filter cartridges,psa,278,piece,5.68,1579.04,EUR,1579.04,synthetic-spend-MK.csv,True,direct
TXN-003296,MK,2026-08,2026-08-07,WLF-1013,sup-velora,Glasurit (BASF),A2 filter cartridges,psa,94,piece,5.68,533.92,EUR,533.92,synthetic-spend-MK.csv,True,direct
TXN-003297,MK,2026-01,2026-01-20,WLF-1014,sup-lumen,Finixa,Random orbital sander 77 mm,werkstatt,326,piece,43.42,14154.92,EUR,14154.92,synthetic-spend-MK.csv,True,direct
TXN-003298,MK,2026-02,2026-02-03,WLF-1014,sup-lumen,Finixa,Random orbital sander 77 mm,werkstatt,313,piece,43.42,13590.46,EUR,13590.46,synthetic-spend-MK.csv,True,direct
TXN-003299,MK,2026-03,2026-03-27,WLF-1014,sup-lumen,Finixa,Random orbital sander 77 mm,werkstatt,182,piece,43.42,7902.44,EUR,7902.44,synthetic-spend-MK.csv,True,direct
TXN-003300,MK,2026-04,2026-04-05,WLF-1014,sup-lumen,Finixa,Random orbital sander 77 mm,werkstatt,77,piece,43.42,3343.34,EUR,3343.34,synthetic-spend-MK.csv,True,direct
TXN-003301,MK,2026-05,2026-05-23,WLF-1014,sup-lumen,Finixa,Random orbital sander 77 mm,werkstatt,298,piece,43.42,12939.16,EUR,12939.16,synthetic-spend-MK.csv,True,direct
TXN-003302,MK,2026-06,2026-06-06,WLF-1014,sup-lumen,Finixa,Random orbital sander 77 mm,werkstatt,227,piece,43.42,9856.34,EUR,9856.34,synthetic-spend-MK.csv,True,direct
TXN-003303,MK,2026-07,2026-07-14,WLF-1014,sup-lumen,Finixa,Random orbital sander 77 mm,werkstatt,205,piece,43.42,8901.1,EUR,8901.1,synthetic-spend-MK.csv,True,direct
TXN-003304,MK,2026-08,2026-08-25,WLF-1014,sup-lumen,Finixa,Random orbital sander 77 mm,werkstatt,211,piece,43.42,9161.62,EUR,9161.62,synthetic-spend-MK.csv,True,direct
TXN-003305,MK,2026-01,2026-01-20,WLF-1015,sup-novex,Mirka,Paint strainers 125 µ / 200 µ,lack,320,piece,84.18,26937.6,EUR,26937.6,synthetic-spend-MK.csv,True,indirect
TXN-003306,MK,2026-02,2026-02-24,WLF-1015,sup-novex,Mirka,Paint strainers 125 µ / 200 µ,lack,288,piece,84.18,24243.84,EUR,24243.84,synthetic-spend-MK.csv,True,indirect
TXN-003307,MK,2026-03,2026-03-14,WLF-1015,sup-novex,Mirka,Paint strainers 125 µ / 200 µ,lack,199,piece,84.18,16751.82,EUR,16751.82,synthetic-spend-MK.csv,True,indirect
TXN-003308,MK,2026-04,2026-04-25,WLF-1015,sup-novex,Mirka,Paint strainers 125 µ / 200 µ,lack,267,piece,84.18,22476.06,EUR,22476.06,synthetic-spend-MK.csv,True,indirect
TXN-003309,MK,2026-05,2026-05-02,WLF-1015,sup-novex,Mirka,Paint strainers 125 µ / 200 µ,lack,94,piece,84.18,7912.92,EUR,7912.92,synthetic-spend-MK.csv,True,indirect
TXN-003310,MK,2026-06,2026-06-04,WLF-1015,sup-novex,Mirka,Paint strainers 125 µ / 200 µ,lack,292,piece,84.18,24580.56,EUR,24580.56,synthetic-spend-MK.csv,True,indirect
TXN-003311,MK,2026-07,2026-07-21,WLF-1015,sup-novex,Mirka,Paint strainers 125 µ / 200 µ,lack,80,piece,84.18,6734.4,EUR,6734.4,synthetic-spend-MK.csv,True,indirect
TXN-003312,MK,2026-08,2026-08-05,WLF-1015,sup-novex,Mirka,Paint strainers 125 µ / 200 µ,lack,288,piece,84.18,24243.84,EUR,24243.84,synthetic-spend-MK.csv,True,indirect
TXN-003313,MK,2026-01,2026-01-20,WLF-1016,sup-arcus,SATA,"Sanding discs 150 mm, fine",schleif,271,piece,53.55,14512.05,EUR,14512.05,synthetic-spend-MK.csv,True,direct
TXN-003314,MK,2026-02,2026-02-26,WLF-1016,sup-arcus,SATA,"Sanding discs 150 mm, fine",schleif,243,piece,53.55,13012.65,EUR,13012.65,synthetic-spend-MK.csv,True,direct
TXN-003315,MK,2026-03,2026-03-11,WLF-1016,sup-arcus,SATA,"Sanding discs 150 mm, fine",schleif,325,piece,53.55,17403.75,EUR,17403.75,synthetic-spend-MK.csv,True,direct
TXN-003316,MK,2026-04,2026-04-11,WLF-1016,sup-arcus,SATA,"Sanding discs 150 mm, fine",schleif,123,piece,53.55,6586.65,EUR,6586.65,synthetic-spend-MK.csv,True,direct
TXN-003317,MK,2026-05,2026-05-09,WLF-1016,sup-arcus,SATA,"Sanding discs 150 mm, fine",schleif,47,piece,53.55,2516.85,EUR,2516.85,synthetic-spend-MK.csv,True,direct
TXN-003318,MK,2026-06,2026-06-19,WLF-1016,sup-arcus,SATA,"Sanding discs 150 mm, fine",schleif,313,piece,53.55,16761.15,EUR,16761.15,synthetic-spend-MK.csv,True,direct
TXN-003319,MK,2026-07,2026-07-10,WLF-1016,sup-arcus,SATA,"Sanding discs 150 mm, fine",schleif,139,piece,53.55,7443.45,EUR,7443.45,synthetic-spend-MK.csv,True,direct
TXN-003320,MK,2026-08,2026-08-25,WLF-1016,sup-arcus,SATA,"Sanding discs 150 mm, fine",schleif,89,piece,53.55,4765.95,EUR,4765.95,synthetic-spend-MK.csv,True,direct
TXN-003321,MK,2026-01,2026-01-15,WLF-1017,sup-cobalt,tesa,Contour tape,kleb,147,piece,23.5,3454.5,EUR,3454.5,synthetic-spend-MK.csv,False,direct
TXN-003322,MK,2026-02,2026-02-09,WLF-1017,sup-cobalt,tesa,Contour tape,kleb,94,piece,23.5,2209.0,EUR,2209.0,synthetic-spend-MK.csv,False,direct
TXN-003323,MK,2026-03,2026-03-03,WLF-1017,sup-cobalt,tesa,Contour tape,kleb,325,piece,23.5,7637.5,EUR,7637.5,synthetic-spend-MK.csv,False,direct
TXN-003324,MK,2026-04,2026-04-05,WLF-1017,sup-cobalt,tesa,Contour tape,kleb,151,piece,23.5,3548.5,EUR,3548.5,synthetic-spend-MK.csv,False,direct
TXN-003325,MK,2026-05,2026-05-25,WLF-1017,sup-cobalt,tesa,Contour tape,kleb,63,piece,23.5,1480.5,EUR,1480.5,synthetic-spend-MK.csv,False,direct
TXN-003326,MK,2026-06,2026-06-01,WLF-1017,sup-cobalt,tesa,Contour tape,kleb,286,piece,23.5,6721.0,EUR,6721.0,synthetic-spend-MK.csv,False,direct
TXN-003327,MK,2026-07,2026-07-06,WLF-1017,sup-cobalt,tesa,Contour tape,kleb,87,piece,23.5,2044.5,EUR,2044.5,synthetic-spend-MK.csv,False,direct
TXN-003328,MK,2026-08,2026-08-21,WLF-1017,sup-cobalt,tesa,Contour tape,kleb,71,piece,23.5,1668.5,EUR,1668.5,synthetic-spend-MK.csv,False,direct
TXN-003329,MK,2026-01,2026-01-23,WLF-1018,sup-solis,PPG / Nexa,One-step cutting and polishing compound,polier,148,piece,28.03,4148.44,EUR,4148.44,synthetic-spend-MK.csv,False,indirect
TXN-003330,MK,2026-02,2026-02-17,WLF-1018,sup-solis,PPG / Nexa,One-step cutting and polishing compound,polier,162,piece,28.03,4540.86,EUR,4540.86,synthetic-spend-MK.csv,False,indirect
TXN-003331,MK,2026-03,2026-03-01,WLF-1018,sup-solis,PPG / Nexa,One-step cutting and polishing compound,polier,185,piece,28.03,5185.55,EUR,5185.55,synthetic-spend-MK.csv,False,indirect
TXN-003332,MK,2026-04,2026-04-05,WLF-1018,sup-solis,PPG / Nexa,One-step cutting and polishing compound,polier,269,piece,28.03,7540.07,EUR,7540.07,synthetic-spend-MK.csv,False,indirect
TXN-003333,MK,2026-05,2026-05-27,WLF-1018,sup-solis,PPG / Nexa,One-step cutting and polishing compound,polier,75,piece,28.03,2102.25,EUR,2102.25,synthetic-spend-MK.csv,False,indirect
TXN-003334,MK,2026-06,2026-06-11,WLF-1018,sup-solis,PPG / Nexa,One-step cutting and polishing compound,polier,306,piece,28.03,8577.18,EUR,8577.18,synthetic-spend-MK.csv,False,indirect
TXN-003335,MK,2026-07,2026-07-03,WLF-1018,sup-solis,PPG / Nexa,One-step cutting and polishing compound,polier,48,piece,28.03,1345.44,EUR,1345.44,synthetic-spend-MK.csv,False,indirect
TXN-003336,MK,2026-08,2026-08-09,WLF-1018,sup-solis,PPG / Nexa,One-step cutting and polishing compound,polier,202,piece,28.03,5662.06,EUR,5662.06,synthetic-spend-MK.csv,False,indirect
TXN-003337,MK,2026-01,2026-01-05,WLF-1019,sup-orbit,Würth,Pre-saturated cleaning wipes,kabine,82,piece,108.31,8881.42,EUR,8881.42,synthetic-spend-MK.csv,False,direct
TXN-003338,MK,2026-02,2026-02-06,WLF-1019,sup-orbit,Würth,Pre-saturated cleaning wipes,kabine,209,piece,108.31,22636.79,EUR,22636.79,synthetic-spend-MK.csv,False,direct
TXN-003339,MK,2026-03,2026-03-22,WLF-1019,sup-orbit,Würth,Pre-saturated cleaning wipes,kabine,158,piece,108.31,17112.98,EUR,17112.98,synthetic-spend-MK.csv,False,direct
TXN-003340,MK,2026-04,2026-04-22,WLF-1019,sup-orbit,Würth,Pre-saturated cleaning wipes,kabine,168,piece,108.31,18196.08,EUR,18196.08,synthetic-spend-MK.csv,False,direct
TXN-003341,MK,2026-05,2026-05-19,WLF-1019,sup-orbit,Würth,Pre-saturated cleaning wipes,kabine,280,piece,108.31,30326.8,EUR,30326.8,synthetic-spend-MK.csv,False,direct
TXN-003342,MK,2026-06,2026-06-27,WLF-1019,sup-orbit,Würth,Pre-saturated cleaning wipes,kabine,165,piece,108.31,17871.15,EUR,17871.15,synthetic-spend-MK.csv,False,direct
TXN-003343,MK,2026-07,2026-07-22,WLF-1019,sup-orbit,Würth,Pre-saturated cleaning wipes,kabine,303,piece,108.31,32817.93,EUR,32817.93,synthetic-spend-MK.csv,False,direct
TXN-003344,MK,2026-08,2026-08-18,WLF-1019,sup-orbit,Würth,Pre-saturated cleaning wipes,kabine,187,piece,108.31,20253.97,EUR,20253.97,synthetic-spend-MK.csv,False,direct
TXN-003345,MK,2026-01,2026-01-19,WLF-1020,sup-helio,Kovax,P3 particulate filters,psa,136,piece,16.06,2184.16,EUR,2184.16,synthetic-spend-MK.csv,False,direct
TXN-003346,MK,2026-02,2026-02-28,WLF-1020,sup-helio,Kovax,P3 particulate filters,psa,146,piece,16.06,2344.76,EUR,2344.76,synthetic-spend-MK.csv,False,direct
TXN-003347,MK,2026-03,2026-03-16,WLF-1020,sup-helio,Kovax,P3 particulate filters,psa,109,piece,16.06,1750.54,EUR,1750.54,synthetic-spend-MK.csv,False,direct
TXN-003348,MK,2026-04,2026-04-12,WLF-1020,sup-helio,Kovax,P3 particulate filters,psa,154,piece,16.06,2473.24,EUR,2473.24,synthetic-spend-MK.csv,False,direct
TXN-003349,MK,2026-05,2026-05-27,WLF-1020,sup-helio,Kovax,P3 particulate filters,psa,110,piece,16.06,1766.6,EUR,1766.6,synthetic-spend-MK.csv,False,direct
TXN-003350,MK,2026-06,2026-06-23,WLF-1020,sup-helio,Kovax,P3 particulate filters,psa,249,piece,16.06,3998.94,EUR,3998.94,synthetic-spend-MK.csv,False,direct
TXN-003351,MK,2026-07,2026-07-13,WLF-1020,sup-helio,Kovax,P3 particulate filters,psa,114,piece,16.06,1830.84,EUR,1830.84,synthetic-spend-MK.csv,False,direct
TXN-003352,MK,2026-08,2026-08-07,WLF-1020,sup-helio,Kovax,P3 particulate filters,psa,91,piece,16.06,1461.46,EUR,1461.46,synthetic-spend-MK.csv,False,direct
TXN-003353,MK,2026-01,2026-01-22,WLF-1021,sup-vanta,Starcke,Electric random orbital sander 150 mm,werkstatt,192,piece,12.67,2432.64,EUR,2432.64,synthetic-spend-MK.csv,False,indirect
TXN-003354,MK,2026-02,2026-02-07,WLF-1021,sup-vanta,Starcke,Electric random orbital sander 150 mm,werkstatt,266,piece,12.67,3370.22,EUR,3370.22,synthetic-spend-MK.csv,False,indirect
TXN-003355,MK,2026-03,2026-03-05,WLF-1021,sup-vanta,Starcke,Electric random orbital sander 150 mm,werkstatt,236,piece,12.67,2990.12,EUR,2990.12,synthetic-spend-MK.csv,False,indirect
TXN-003356,MK,2026-04,2026-04-23,WLF-1021,sup-vanta,Starcke,Electric random orbital sander 150 mm,werkstatt,169,piece,12.67,2141.23,EUR,2141.23,synthetic-spend-MK.csv,False,indirect
TXN-003357,MK,2026-05,2026-05-05,WLF-1021,sup-vanta,Starcke,Electric random orbital sander 150 mm,werkstatt,163,piece,12.67,2065.21,EUR,2065.21,synthetic-spend-MK.csv,False,indirect
TXN-003358,MK,2026-06,2026-06-27,WLF-1021,sup-vanta,Starcke,Electric random orbital sander 150 mm,werkstatt,39,piece,12.67,494.13,EUR,494.13,synthetic-spend-MK.csv,False,indirect
TXN-003359,MK,2026-07,2026-07-23,WLF-1021,sup-vanta,Starcke,Electric random orbital sander 150 mm,werkstatt,174,piece,12.67,2204.58,EUR,2204.58,synthetic-spend-MK.csv,False,indirect
TXN-003360,MK,2026-08,2026-08-07,WLF-1021,sup-vanta,Starcke,Electric random orbital sander 150 mm,werkstatt,185,piece,12.67,2343.95,EUR,2343.95,synthetic-spend-MK.csv,False,indirect
TXN-003361,ME,2026-01,2026-01-03,WLF-1001,sup-aster,3M,Graduated mixing cup,lack,59,piece,20.41,1204.19,EUR,1204.19,synthetic-spend-ME.csv,True,direct
TXN-003362,ME,2026-02,2026-02-21,WLF-1001,sup-aster,3M,Graduated mixing cup,lack,143,piece,20.41,2918.63,EUR,2918.63,synthetic-spend-ME.csv,True,direct
TXN-003363,ME,2026-03,2026-03-08,WLF-1001,sup-aster,3M,Graduated mixing cup,lack,123,piece,20.41,2510.43,EUR,2510.43,synthetic-spend-ME.csv,True,direct
TXN-003364,ME,2026-04,2026-04-01,WLF-1001,sup-aster,3M,Graduated mixing cup,lack,138,piece,20.41,2816.58,EUR,2816.58,synthetic-spend-ME.csv,True,direct
TXN-003365,ME,2026-05,2026-05-26,WLF-1001,sup-aster,3M,Graduated mixing cup,lack,193,piece,20.41,3939.13,EUR,3939.13,synthetic-spend-ME.csv,True,direct
TXN-003366,ME,2026-06,2026-06-05,WLF-1001,sup-aster,3M,Graduated mixing cup,lack,240,piece,20.41,4898.4,EUR,4898.4,synthetic-spend-ME.csv,True,direct
TXN-003367,ME,2026-07,2026-07-16,WLF-1001,sup-aster,3M,Graduated mixing cup,lack,177,piece,20.41,3612.57,EUR,3612.57,synthetic-spend-ME.csv,True,direct
TXN-003368,ME,2026-08,2026-08-20,WLF-1001,sup-aster,3M,Graduated mixing cup,lack,279,piece,20.41,5694.39,EUR,5694.39,synthetic-spend-ME.csv,True,direct
TXN-003369,ME,2026-01,2026-01-07,WLF-1002,sup-velora,Glasurit (BASF),"Sanding discs 150 mm, coarse",schleif,213,piece,51.04,10871.52,EUR,10871.52,synthetic-spend-ME.csv,True,indirect
TXN-003370,ME,2026-02,2026-02-08,WLF-1002,sup-velora,Glasurit (BASF),"Sanding discs 150 mm, coarse",schleif,150,piece,51.04,7656.0,EUR,7656.0,synthetic-spend-ME.csv,True,indirect
TXN-003371,ME,2026-03,2026-03-16,WLF-1002,sup-velora,Glasurit (BASF),"Sanding discs 150 mm, coarse",schleif,308,piece,51.04,15720.32,EUR,15720.32,synthetic-spend-ME.csv,True,indirect
TXN-003372,ME,2026-04,2026-04-12,WLF-1002,sup-velora,Glasurit (BASF),"Sanding discs 150 mm, coarse",schleif,161,piece,51.04,8217.44,EUR,8217.44,synthetic-spend-ME.csv,True,indirect
TXN-003373,ME,2026-05,2026-05-19,WLF-1002,sup-velora,Glasurit (BASF),"Sanding discs 150 mm, coarse",schleif,227,piece,51.04,11586.08,EUR,11586.08,synthetic-spend-ME.csv,True,indirect
TXN-003374,ME,2026-06,2026-06-16,WLF-1002,sup-velora,Glasurit (BASF),"Sanding discs 150 mm, coarse",schleif,286,piece,51.04,14597.44,EUR,14597.44,synthetic-spend-ME.csv,True,indirect
TXN-003375,ME,2026-07,2026-07-26,WLF-1002,sup-velora,Glasurit (BASF),"Sanding discs 150 mm, coarse",schleif,91,piece,51.04,4644.64,EUR,4644.64,synthetic-spend-ME.csv,True,indirect
TXN-003376,ME,2026-08,2026-08-11,WLF-1002,sup-velora,Glasurit (BASF),"Sanding discs 150 mm, coarse",schleif,100,piece,51.04,5104.0,EUR,5104.0,synthetic-spend-ME.csv,True,indirect
TXN-003377,ME,2026-01,2026-01-28,WLF-1003,sup-lumen,Finixa,Standard masking tape,kleb,177,piece,19.33,3421.41,EUR,3421.41,synthetic-spend-ME.csv,True,direct
TXN-003378,ME,2026-02,2026-02-17,WLF-1003,sup-lumen,Finixa,Standard masking tape,kleb,246,piece,19.33,4755.18,EUR,4755.18,synthetic-spend-ME.csv,True,direct
TXN-003379,ME,2026-03,2026-03-16,WLF-1003,sup-lumen,Finixa,Standard masking tape,kleb,311,piece,19.33,6011.63,EUR,6011.63,synthetic-spend-ME.csv,True,direct
TXN-003380,ME,2026-04,2026-04-27,WLF-1003,sup-lumen,Finixa,Standard masking tape,kleb,184,piece,19.33,3556.72,EUR,3556.72,synthetic-spend-ME.csv,True,direct
TXN-003381,ME,2026-05,2026-05-14,WLF-1003,sup-lumen,Finixa,Standard masking tape,kleb,299,piece,19.33,5779.67,EUR,5779.67,synthetic-spend-ME.csv,True,direct
TXN-003382,ME,2026-06,2026-06-22,WLF-1003,sup-lumen,Finixa,Standard masking tape,kleb,207,piece,19.33,4001.31,EUR,4001.31,synthetic-spend-ME.csv,True,direct
TXN-003383,ME,2026-07,2026-07-04,WLF-1003,sup-lumen,Finixa,Standard masking tape,kleb,65,piece,19.33,1256.45,EUR,1256.45,synthetic-spend-ME.csv,True,direct
TXN-003384,ME,2026-08,2026-08-05,WLF-1003,sup-lumen,Finixa,Standard masking tape,kleb,310,piece,19.33,5992.3,EUR,5992.3,synthetic-spend-ME.csv,True,direct
TXN-003385,ME,2026-01,2026-01-04,WLF-1004,sup-novex,Mirka,Cutting compound (coarse/medium),polier,281,piece,41.25,11591.25,EUR,11591.25,synthetic-spend-ME.csv,True,direct
TXN-003386,ME,2026-02,2026-02-20,WLF-1004,sup-novex,Mirka,Cutting compound (coarse/medium),polier,72,piece,41.25,2970.0,EUR,2970.0,synthetic-spend-ME.csv,True,direct
TXN-003387,ME,2026-03,2026-03-27,WLF-1004,sup-novex,Mirka,Cutting compound (coarse/medium),polier,145,piece,41.25,5981.25,EUR,5981.25,synthetic-spend-ME.csv,True,direct
TXN-003388,ME,2026-04,2026-04-04,WLF-1004,sup-novex,Mirka,Cutting compound (coarse/medium),polier,179,piece,41.25,7383.75,EUR,7383.75,synthetic-spend-ME.csv,True,direct
TXN-003389,ME,2026-05,2026-05-13,WLF-1004,sup-novex,Mirka,Cutting compound (coarse/medium),polier,287,piece,41.25,11838.75,EUR,11838.75,synthetic-spend-ME.csv,True,direct
TXN-003390,ME,2026-06,2026-06-06,WLF-1004,sup-novex,Mirka,Cutting compound (coarse/medium),polier,303,piece,41.25,12498.75,EUR,12498.75,synthetic-spend-ME.csv,True,direct
TXN-003391,ME,2026-07,2026-07-14,WLF-1004,sup-novex,Mirka,Cutting compound (coarse/medium),polier,33,piece,41.25,1361.25,EUR,1361.25,synthetic-spend-ME.csv,True,direct
TXN-003392,ME,2026-08,2026-08-10,WLF-1004,sup-novex,Mirka,Cutting compound (coarse/medium),polier,180,piece,41.25,7425.0,EUR,7425.0,synthetic-spend-ME.csv,True,direct
TXN-003393,ME,2026-01,2026-01-08,WLF-1005,sup-arcus,SATA,Solvent-based silicone remover,kabine,30,piece,49.01,1470.3,EUR,1470.3,synthetic-spend-ME.csv,True,indirect
TXN-003394,ME,2026-02,2026-02-17,WLF-1005,sup-arcus,SATA,Solvent-based silicone remover,kabine,323,piece,49.01,15830.23,EUR,15830.23,synthetic-spend-ME.csv,True,indirect
TXN-003395,ME,2026-03,2026-03-11,WLF-1005,sup-arcus,SATA,Solvent-based silicone remover,kabine,172,piece,49.01,8429.72,EUR,8429.72,synthetic-spend-ME.csv,True,indirect
TXN-003396,ME,2026-04,2026-04-09,WLF-1005,sup-arcus,SATA,Solvent-based silicone remover,kabine,278,piece,49.01,13624.78,EUR,13624.78,synthetic-spend-ME.csv,True,indirect
TXN-003397,ME,2026-05,2026-05-19,WLF-1005,sup-arcus,SATA,Solvent-based silicone remover,kabine,151,piece,49.01,7400.51,EUR,7400.51,synthetic-spend-ME.csv,True,indirect
TXN-003398,ME,2026-06,2026-06-16,WLF-1005,sup-arcus,SATA,Solvent-based silicone remover,kabine,204,piece,49.01,9998.04,EUR,9998.04,synthetic-spend-ME.csv,True,indirect
TXN-003399,ME,2026-07,2026-07-23,WLF-1005,sup-arcus,SATA,Solvent-based silicone remover,kabine,284,piece,49.01,13918.84,EUR,13918.84,synthetic-spend-ME.csv,True,indirect
TXN-003400,ME,2026-08,2026-08-18,WLF-1005,sup-arcus,SATA,Solvent-based silicone remover,kabine,39,piece,49.01,1911.39,EUR,1911.39,synthetic-spend-ME.csv,True,indirect
TXN-003401,ME,2026-01,2026-01-16,WLF-1006,sup-cobalt,tesa,Half mask / spray-painting respirator,psa,168,piece,42.37,7118.16,EUR,7118.16,synthetic-spend-ME.csv,True,direct
TXN-003402,ME,2026-02,2026-02-24,WLF-1006,sup-cobalt,tesa,Half mask / spray-painting respirator,psa,76,piece,42.37,3220.12,EUR,3220.12,synthetic-spend-ME.csv,True,direct
TXN-003403,ME,2026-03,2026-03-18,WLF-1006,sup-cobalt,tesa,Half mask / spray-painting respirator,psa,239,piece,42.37,10126.43,EUR,10126.43,synthetic-spend-ME.csv,True,direct
TXN-003404,ME,2026-04,2026-04-26,WLF-1006,sup-cobalt,tesa,Half mask / spray-painting respirator,psa,104,piece,42.37,4406.48,EUR,4406.48,synthetic-spend-ME.csv,True,direct
TXN-003405,ME,2026-05,2026-05-16,WLF-1006,sup-cobalt,tesa,Half mask / spray-painting respirator,psa,230,piece,42.37,9745.1,EUR,9745.1,synthetic-spend-ME.csv,True,direct
TXN-003406,ME,2026-06,2026-06-14,WLF-1006,sup-cobalt,tesa,Half mask / spray-painting respirator,psa,246,piece,42.37,10423.02,EUR,10423.02,synthetic-spend-ME.csv,True,direct
TXN-003407,ME,2026-07,2026-07-06,WLF-1006,sup-cobalt,tesa,Half mask / spray-painting respirator,psa,115,piece,42.37,4872.55,EUR,4872.55,synthetic-spend-ME.csv,True,direct
TXN-003408,ME,2026-08,2026-08-03,WLF-1006,sup-cobalt,tesa,Half mask / spray-painting respirator,psa,87,piece,42.37,3686.19,EUR,3686.19,synthetic-spend-ME.csv,True,direct
TXN-003409,ME,2026-01,2026-01-19,WLF-1007,sup-solis,PPG / Nexa,"Random orbital sander 150 mm, 5 mm orbit",werkstatt,211,piece,41.08,8667.88,EUR,8667.88,synthetic-spend-ME.csv,True,direct
TXN-003410,ME,2026-02,2026-02-18,WLF-1007,sup-solis,PPG / Nexa,"Random orbital sander 150 mm, 5 mm orbit",werkstatt,188,piece,41.08,7723.04,EUR,7723.04,synthetic-spend-ME.csv,True,direct
TXN-003411,ME,2026-03,2026-03-04,WLF-1007,sup-solis,PPG / Nexa,"Random orbital sander 150 mm, 5 mm orbit",werkstatt,49,piece,41.08,2012.92,EUR,2012.92,synthetic-spend-ME.csv,True,direct
TXN-003412,ME,2026-04,2026-04-08,WLF-1007,sup-solis,PPG / Nexa,"Random orbital sander 150 mm, 5 mm orbit",werkstatt,111,piece,41.08,4559.88,EUR,4559.88,synthetic-spend-ME.csv,True,direct
TXN-003413,ME,2026-05,2026-05-22,WLF-1007,sup-solis,PPG / Nexa,"Random orbital sander 150 mm, 5 mm orbit",werkstatt,105,piece,41.08,4313.4,EUR,4313.4,synthetic-spend-ME.csv,True,direct
TXN-003414,ME,2026-06,2026-06-05,WLF-1007,sup-solis,PPG / Nexa,"Random orbital sander 150 mm, 5 mm orbit",werkstatt,80,piece,41.08,3286.4,EUR,3286.4,synthetic-spend-ME.csv,True,direct
TXN-003415,ME,2026-07,2026-07-22,WLF-1007,sup-solis,PPG / Nexa,"Random orbital sander 150 mm, 5 mm orbit",werkstatt,227,piece,41.08,9325.16,EUR,9325.16,synthetic-spend-ME.csv,True,direct
TXN-003416,ME,2026-08,2026-08-12,WLF-1007,sup-solis,PPG / Nexa,"Random orbital sander 150 mm, 5 mm orbit",werkstatt,180,piece,41.08,7394.4,EUR,7394.4,synthetic-spend-ME.csv,True,direct
TXN-003417,ME,2026-01,2026-01-24,WLF-1008,sup-orbit,Würth,Paint cup for compressed-air spray gun,lack,111,piece,99.67,11063.37,EUR,11063.37,synthetic-spend-ME.csv,True,indirect
TXN-003418,ME,2026-02,2026-02-24,WLF-1008,sup-orbit,Würth,Paint cup for compressed-air spray gun,lack,103,piece,99.67,10266.01,EUR,10266.01,synthetic-spend-ME.csv,True,indirect
TXN-003419,ME,2026-03,2026-03-23,WLF-1008,sup-orbit,Würth,Paint cup for compressed-air spray gun,lack,52,piece,99.67,5182.84,EUR,5182.84,synthetic-spend-ME.csv,True,indirect
TXN-003420,ME,2026-04,2026-04-23,WLF-1008,sup-orbit,Würth,Paint cup for compressed-air spray gun,lack,75,piece,99.67,7475.25,EUR,7475.25,synthetic-spend-ME.csv,True,indirect
TXN-003421,ME,2026-05,2026-05-10,WLF-1008,sup-orbit,Würth,Paint cup for compressed-air spray gun,lack,287,piece,99.67,28605.29,EUR,28605.29,synthetic-spend-ME.csv,True,indirect
TXN-003422,ME,2026-06,2026-06-19,WLF-1008,sup-orbit,Würth,Paint cup for compressed-air spray gun,lack,73,piece,99.67,7275.91,EUR,7275.91,synthetic-spend-ME.csv,True,indirect
TXN-003423,ME,2026-07,2026-07-27,WLF-1008,sup-orbit,Würth,Paint cup for compressed-air spray gun,lack,143,piece,99.67,14252.81,EUR,14252.81,synthetic-spend-ME.csv,True,indirect
TXN-003424,ME,2026-08,2026-08-09,WLF-1008,sup-orbit,Würth,Paint cup for compressed-air spray gun,lack,143,piece,99.67,14252.81,EUR,14252.81,synthetic-spend-ME.csv,True,indirect
TXN-003425,ME,2026-01,2026-01-13,WLF-1009,sup-helio,Kovax,"Sanding discs 150 mm, intermediate",schleif,212,piece,37.77,8007.24,EUR,8007.24,synthetic-spend-ME.csv,True,direct
TXN-003426,ME,2026-02,2026-02-07,WLF-1009,sup-helio,Kovax,"Sanding discs 150 mm, intermediate",schleif,329,piece,37.77,12426.33,EUR,12426.33,synthetic-spend-ME.csv,True,direct
TXN-003427,ME,2026-03,2026-03-14,WLF-1009,sup-helio,Kovax,"Sanding discs 150 mm, intermediate",schleif,184,piece,37.77,6949.68,EUR,6949.68,synthetic-spend-ME.csv,True,direct
TXN-003428,ME,2026-04,2026-04-12,WLF-1009,sup-helio,Kovax,"Sanding discs 150 mm, intermediate",schleif,317,piece,37.77,11973.09,EUR,11973.09,synthetic-spend-ME.csv,True,direct
TXN-003429,ME,2026-05,2026-05-26,WLF-1009,sup-helio,Kovax,"Sanding discs 150 mm, intermediate",schleif,157,piece,37.77,5929.89,EUR,5929.89,synthetic-spend-ME.csv,True,direct
TXN-003430,ME,2026-06,2026-06-26,WLF-1009,sup-helio,Kovax,"Sanding discs 150 mm, intermediate",schleif,123,piece,37.77,4645.71,EUR,4645.71,synthetic-spend-ME.csv,True,direct
TXN-003431,ME,2026-07,2026-07-28,WLF-1009,sup-helio,Kovax,"Sanding discs 150 mm, intermediate",schleif,111,piece,37.77,4192.47,EUR,4192.47,synthetic-spend-ME.csv,True,direct
TXN-003432,ME,2026-08,2026-08-16,WLF-1009,sup-helio,Kovax,"Sanding discs 150 mm, intermediate",schleif,46,piece,37.77,1737.42,EUR,1737.42,synthetic-spend-ME.csv,True,direct
TXN-003433,ME,2026-01,2026-01-26,WLF-1010,sup-vanta,Starcke,Fine-line tape,kleb,201,piece,15.99,3213.99,EUR,3213.99,synthetic-spend-ME.csv,True,direct
TXN-003434,ME,2026-02,2026-02-11,WLF-1010,sup-vanta,Starcke,Fine-line tape,kleb,117,piece,15.99,1870.83,EUR,1870.83,synthetic-spend-ME.csv,True,direct
TXN-003435,ME,2026-03,2026-03-07,WLF-1010,sup-vanta,Starcke,Fine-line tape,kleb,138,piece,15.99,2206.62,EUR,2206.62,synthetic-spend-ME.csv,True,direct
TXN-003436,ME,2026-04,2026-04-22,WLF-1010,sup-vanta,Starcke,Fine-line tape,kleb,25,piece,15.99,399.75,EUR,399.75,synthetic-spend-ME.csv,True,direct
TXN-003437,ME,2026-05,2026-05-03,WLF-1010,sup-vanta,Starcke,Fine-line tape,kleb,53,piece,15.99,847.47,EUR,847.47,synthetic-spend-ME.csv,True,direct
TXN-003438,ME,2026-06,2026-06-16,WLF-1010,sup-vanta,Starcke,Fine-line tape,kleb,311,piece,15.99,4972.89,EUR,4972.89,synthetic-spend-ME.csv,True,direct
TXN-003439,ME,2026-07,2026-07-21,WLF-1010,sup-vanta,Starcke,Fine-line tape,kleb,234,piece,15.99,3741.66,EUR,3741.66,synthetic-spend-ME.csv,True,direct
TXN-003440,ME,2026-08,2026-08-12,WLF-1010,sup-vanta,Starcke,Fine-line tape,kleb,219,piece,15.99,3501.81,EUR,3501.81,synthetic-spend-ME.csv,True,direct
TXN-003441,ME,2026-01,2026-01-08,WLF-1011,sup-aster,3M,Polish (fine / anti-hologram),polier,286,piece,16.17,4624.62,EUR,4624.62,synthetic-spend-ME.csv,True,indirect
TXN-003442,ME,2026-02,2026-02-09,WLF-1011,sup-aster,3M,Polish (fine / anti-hologram),polier,140,piece,16.17,2263.8,EUR,2263.8,synthetic-spend-ME.csv,True,indirect
TXN-003443,ME,2026-03,2026-03-13,WLF-1011,sup-aster,3M,Polish (fine / anti-hologram),polier,155,piece,16.17,2506.35,EUR,2506.35,synthetic-spend-ME.csv,True,indirect
TXN-003444,ME,2026-04,2026-04-04,WLF-1011,sup-aster,3M,Polish (fine / anti-hologram),polier,262,piece,16.17,4236.54,EUR,4236.54,synthetic-spend-ME.csv,True,indirect
TXN-003445,ME,2026-05,2026-05-26,WLF-1011,sup-aster,3M,Polish (fine / anti-hologram),polier,192,piece,16.17,3104.64,EUR,3104.64,synthetic-spend-ME.csv,True,indirect
TXN-003446,ME,2026-06,2026-06-12,WLF-1011,sup-aster,3M,Polish (fine / anti-hologram),polier,79,piece,16.17,1277.43,EUR,1277.43,synthetic-spend-ME.csv,True,indirect
TXN-003447,ME,2026-07,2026-07-07,WLF-1011,sup-aster,3M,Polish (fine / anti-hologram),polier,236,piece,16.17,3816.12,EUR,3816.12,synthetic-spend-ME.csv,True,indirect
TXN-003448,ME,2026-08,2026-08-10,WLF-1011,sup-aster,3M,Polish (fine / anti-hologram),polier,247,piece,16.17,3993.99,EUR,3993.99,synthetic-spend-ME.csv,True,indirect
TXN-003449,ME,2026-01,2026-01-06,WLF-1012,sup-velora,Glasurit (BASF),Water-based silicone remover,kabine,287,piece,34.18,9809.66,EUR,9809.66,synthetic-spend-ME.csv,True,direct
TXN-003450,ME,2026-02,2026-02-24,WLF-1012,sup-velora,Glasurit (BASF),Water-based silicone remover,kabine,143,piece,34.18,4887.74,EUR,4887.74,synthetic-spend-ME.csv,True,direct
TXN-003451,ME,2026-03,2026-03-17,WLF-1012,sup-velora,Glasurit (BASF),Water-based silicone remover,kabine,165,piece,34.18,5639.7,EUR,5639.7,synthetic-spend-ME.csv,True,direct
TXN-003452,ME,2026-04,2026-04-20,WLF-1012,sup-velora,Glasurit (BASF),Water-based silicone remover,kabine,287,piece,34.18,9809.66,EUR,9809.66,synthetic-spend-ME.csv,True,direct
TXN-003453,ME,2026-05,2026-05-04,WLF-1012,sup-velora,Glasurit (BASF),Water-based silicone remover,kabine,80,piece,34.18,2734.4,EUR,2734.4,synthetic-spend-ME.csv,True,direct
TXN-003454,ME,2026-06,2026-06-07,WLF-1012,sup-velora,Glasurit (BASF),Water-based silicone remover,kabine,130,piece,34.18,4443.4,EUR,4443.4,synthetic-spend-ME.csv,True,direct
TXN-003455,ME,2026-07,2026-07-28,WLF-1012,sup-velora,Glasurit (BASF),Water-based silicone remover,kabine,207,piece,34.18,7075.26,EUR,7075.26,synthetic-spend-ME.csv,True,direct
TXN-003456,ME,2026-08,2026-08-25,WLF-1012,sup-velora,Glasurit (BASF),Water-based silicone remover,kabine,139,piece,34.18,4751.02,EUR,4751.02,synthetic-spend-ME.csv,True,direct
TXN-003457,ME,2026-01,2026-01-19,WLF-1013,sup-lumen,Finixa,A2 filter cartridges,psa,238,piece,6.58,1566.04,EUR,1566.04,synthetic-spend-ME.csv,True,direct
TXN-003458,ME,2026-02,2026-02-28,WLF-1013,sup-lumen,Finixa,A2 filter cartridges,psa,326,piece,6.58,2145.08,EUR,2145.08,synthetic-spend-ME.csv,True,direct
TXN-003459,ME,2026-03,2026-03-22,WLF-1013,sup-lumen,Finixa,A2 filter cartridges,psa,71,piece,6.58,467.18,EUR,467.18,synthetic-spend-ME.csv,True,direct
TXN-003460,ME,2026-04,2026-04-14,WLF-1013,sup-lumen,Finixa,A2 filter cartridges,psa,31,piece,6.58,203.98,EUR,203.98,synthetic-spend-ME.csv,True,direct
TXN-003461,ME,2026-05,2026-05-11,WLF-1013,sup-lumen,Finixa,A2 filter cartridges,psa,94,piece,6.58,618.52,EUR,618.52,synthetic-spend-ME.csv,True,direct
TXN-003462,ME,2026-06,2026-06-27,WLF-1013,sup-lumen,Finixa,A2 filter cartridges,psa,145,piece,6.58,954.1,EUR,954.1,synthetic-spend-ME.csv,True,direct
TXN-003463,ME,2026-07,2026-07-12,WLF-1013,sup-lumen,Finixa,A2 filter cartridges,psa,172,piece,6.58,1131.76,EUR,1131.76,synthetic-spend-ME.csv,True,direct
TXN-003464,ME,2026-08,2026-08-10,WLF-1013,sup-lumen,Finixa,A2 filter cartridges,psa,161,piece,6.58,1059.38,EUR,1059.38,synthetic-spend-ME.csv,True,direct
TXN-003465,ME,2026-01,2026-01-05,WLF-1014,sup-novex,Mirka,Random orbital sander 77 mm,werkstatt,237,piece,51.64,12238.68,EUR,12238.68,synthetic-spend-ME.csv,True,indirect
TXN-003466,ME,2026-02,2026-02-15,WLF-1014,sup-novex,Mirka,Random orbital sander 77 mm,werkstatt,126,piece,51.64,6506.64,EUR,6506.64,synthetic-spend-ME.csv,True,indirect
TXN-003467,ME,2026-03,2026-03-23,WLF-1014,sup-novex,Mirka,Random orbital sander 77 mm,werkstatt,101,piece,51.64,5215.64,EUR,5215.64,synthetic-spend-ME.csv,True,indirect
TXN-003468,ME,2026-04,2026-04-08,WLF-1014,sup-novex,Mirka,Random orbital sander 77 mm,werkstatt,184,piece,51.64,9501.76,EUR,9501.76,synthetic-spend-ME.csv,True,indirect
TXN-003469,ME,2026-05,2026-05-11,WLF-1014,sup-novex,Mirka,Random orbital sander 77 mm,werkstatt,200,piece,51.64,10328.0,EUR,10328.0,synthetic-spend-ME.csv,True,indirect
TXN-003470,ME,2026-06,2026-06-17,WLF-1014,sup-novex,Mirka,Random orbital sander 77 mm,werkstatt,272,piece,51.64,14046.08,EUR,14046.08,synthetic-spend-ME.csv,True,indirect
TXN-003471,ME,2026-07,2026-07-02,WLF-1014,sup-novex,Mirka,Random orbital sander 77 mm,werkstatt,292,piece,51.64,15078.88,EUR,15078.88,synthetic-spend-ME.csv,True,indirect
TXN-003472,ME,2026-08,2026-08-04,WLF-1014,sup-novex,Mirka,Random orbital sander 77 mm,werkstatt,109,piece,51.64,5628.76,EUR,5628.76,synthetic-spend-ME.csv,True,indirect
TXN-003473,ME,2026-01,2026-01-26,WLF-1015,sup-arcus,SATA,Paint strainers 125 µ / 200 µ,lack,37,piece,60.59,2241.83,EUR,2241.83,synthetic-spend-ME.csv,True,direct
TXN-003474,ME,2026-02,2026-02-15,WLF-1015,sup-arcus,SATA,Paint strainers 125 µ / 200 µ,lack,164,piece,60.59,9936.76,EUR,9936.76,synthetic-spend-ME.csv,True,direct
TXN-003475,ME,2026-03,2026-03-22,WLF-1015,sup-arcus,SATA,Paint strainers 125 µ / 200 µ,lack,324,piece,60.59,19631.16,EUR,19631.16,synthetic-spend-ME.csv,True,direct
TXN-003476,ME,2026-04,2026-04-05,WLF-1015,sup-arcus,SATA,Paint strainers 125 µ / 200 µ,lack,231,piece,60.59,13996.29,EUR,13996.29,synthetic-spend-ME.csv,True,direct
TXN-003477,ME,2026-05,2026-05-11,WLF-1015,sup-arcus,SATA,Paint strainers 125 µ / 200 µ,lack,234,piece,60.59,14178.06,EUR,14178.06,synthetic-spend-ME.csv,True,direct
TXN-003478,ME,2026-06,2026-06-05,WLF-1015,sup-arcus,SATA,Paint strainers 125 µ / 200 µ,lack,208,piece,60.59,12602.72,EUR,12602.72,synthetic-spend-ME.csv,True,direct
TXN-003479,ME,2026-07,2026-07-08,WLF-1015,sup-arcus,SATA,Paint strainers 125 µ / 200 µ,lack,116,piece,60.59,7028.44,EUR,7028.44,synthetic-spend-ME.csv,True,direct
TXN-003480,ME,2026-08,2026-08-02,WLF-1015,sup-arcus,SATA,Paint strainers 125 µ / 200 µ,lack,170,piece,60.59,10300.3,EUR,10300.3,synthetic-spend-ME.csv,True,direct
TXN-003481,ME,2026-01,2026-01-08,WLF-1016,sup-cobalt,tesa,"Sanding discs 150 mm, fine",schleif,32,piece,41.59,1330.88,EUR,1330.88,synthetic-spend-ME.csv,True,direct
TXN-003482,ME,2026-02,2026-02-20,WLF-1016,sup-cobalt,tesa,"Sanding discs 150 mm, fine",schleif,284,piece,41.59,11811.56,EUR,11811.56,synthetic-spend-ME.csv,True,direct
TXN-003483,ME,2026-03,2026-03-05,WLF-1016,sup-cobalt,tesa,"Sanding discs 150 mm, fine",schleif,209,piece,41.59,8692.31,EUR,8692.31,synthetic-spend-ME.csv,True,direct
TXN-003484,ME,2026-04,2026-04-10,WLF-1016,sup-cobalt,tesa,"Sanding discs 150 mm, fine",schleif,234,piece,41.59,9732.06,EUR,9732.06,synthetic-spend-ME.csv,True,direct
TXN-003485,ME,2026-05,2026-05-04,WLF-1016,sup-cobalt,tesa,"Sanding discs 150 mm, fine",schleif,178,piece,41.59,7403.02,EUR,7403.02,synthetic-spend-ME.csv,True,direct
TXN-003486,ME,2026-06,2026-06-27,WLF-1016,sup-cobalt,tesa,"Sanding discs 150 mm, fine",schleif,306,piece,41.59,12726.54,EUR,12726.54,synthetic-spend-ME.csv,True,direct
TXN-003487,ME,2026-07,2026-07-08,WLF-1016,sup-cobalt,tesa,"Sanding discs 150 mm, fine",schleif,201,piece,41.59,8359.59,EUR,8359.59,synthetic-spend-ME.csv,True,direct
TXN-003488,ME,2026-08,2026-08-21,WLF-1016,sup-cobalt,tesa,"Sanding discs 150 mm, fine",schleif,34,piece,41.59,1414.06,EUR,1414.06,synthetic-spend-ME.csv,True,direct
TXN-003489,ME,2026-01,2026-01-04,WLF-1017,sup-solis,PPG / Nexa,Contour tape,kleb,318,piece,15.84,5037.12,EUR,5037.12,synthetic-spend-ME.csv,False,indirect
TXN-003490,ME,2026-02,2026-02-20,WLF-1017,sup-solis,PPG / Nexa,Contour tape,kleb,81,piece,15.84,1283.04,EUR,1283.04,synthetic-spend-ME.csv,False,indirect
TXN-003491,ME,2026-03,2026-03-26,WLF-1017,sup-solis,PPG / Nexa,Contour tape,kleb,60,piece,15.84,950.4,EUR,950.4,synthetic-spend-ME.csv,False,indirect
TXN-003492,ME,2026-04,2026-04-07,WLF-1017,sup-solis,PPG / Nexa,Contour tape,kleb,192,piece,15.84,3041.28,EUR,3041.28,synthetic-spend-ME.csv,False,indirect
TXN-003493,ME,2026-05,2026-05-19,WLF-1017,sup-solis,PPG / Nexa,Contour tape,kleb,260,piece,15.84,4118.4,EUR,4118.4,synthetic-spend-ME.csv,False,indirect
TXN-003494,ME,2026-06,2026-06-07,WLF-1017,sup-solis,PPG / Nexa,Contour tape,kleb,66,piece,15.84,1045.44,EUR,1045.44,synthetic-spend-ME.csv,False,indirect
TXN-003495,ME,2026-07,2026-07-24,WLF-1017,sup-solis,PPG / Nexa,Contour tape,kleb,69,piece,15.84,1092.96,EUR,1092.96,synthetic-spend-ME.csv,False,indirect
TXN-003496,ME,2026-08,2026-08-19,WLF-1017,sup-solis,PPG / Nexa,Contour tape,kleb,63,piece,15.84,997.92,EUR,997.92,synthetic-spend-ME.csv,False,indirect
TXN-003497,ME,2026-01,2026-01-22,WLF-1018,sup-orbit,Würth,One-step cutting and polishing compound,polier,79,piece,31.22,2466.38,EUR,2466.38,synthetic-spend-ME.csv,False,direct
TXN-003498,ME,2026-02,2026-02-06,WLF-1018,sup-orbit,Würth,One-step cutting and polishing compound,polier,220,piece,31.22,6868.4,EUR,6868.4,synthetic-spend-ME.csv,False,direct
TXN-003499,ME,2026-03,2026-03-02,WLF-1018,sup-orbit,Würth,One-step cutting and polishing compound,polier,54,piece,31.22,1685.88,EUR,1685.88,synthetic-spend-ME.csv,False,direct
TXN-003500,ME,2026-04,2026-04-12,WLF-1018,sup-orbit,Würth,One-step cutting and polishing compound,polier,226,piece,31.22,7055.72,EUR,7055.72,synthetic-spend-ME.csv,False,direct
TXN-003501,ME,2026-05,2026-05-27,WLF-1018,sup-orbit,Würth,One-step cutting and polishing compound,polier,34,piece,31.22,1061.48,EUR,1061.48,synthetic-spend-ME.csv,False,direct
TXN-003502,ME,2026-06,2026-06-18,WLF-1018,sup-orbit,Würth,One-step cutting and polishing compound,polier,288,piece,31.22,8991.36,EUR,8991.36,synthetic-spend-ME.csv,False,direct
TXN-003503,ME,2026-07,2026-07-17,WLF-1018,sup-orbit,Würth,One-step cutting and polishing compound,polier,54,piece,31.22,1685.88,EUR,1685.88,synthetic-spend-ME.csv,False,direct
TXN-003504,ME,2026-08,2026-08-13,WLF-1018,sup-orbit,Würth,One-step cutting and polishing compound,polier,33,piece,31.22,1030.26,EUR,1030.26,synthetic-spend-ME.csv,False,direct
TXN-003505,ME,2026-01,2026-01-09,WLF-1019,sup-helio,Kovax,Pre-saturated cleaning wipes,kabine,301,piece,47.65,14342.65,EUR,14342.65,synthetic-spend-ME.csv,False,direct
TXN-003506,ME,2026-02,2026-02-22,WLF-1019,sup-helio,Kovax,Pre-saturated cleaning wipes,kabine,72,piece,47.65,3430.8,EUR,3430.8,synthetic-spend-ME.csv,False,direct
TXN-003507,ME,2026-03,2026-03-09,WLF-1019,sup-helio,Kovax,Pre-saturated cleaning wipes,kabine,135,piece,47.65,6432.75,EUR,6432.75,synthetic-spend-ME.csv,False,direct
TXN-003508,ME,2026-04,2026-04-12,WLF-1019,sup-helio,Kovax,Pre-saturated cleaning wipes,kabine,47,piece,47.65,2239.55,EUR,2239.55,synthetic-spend-ME.csv,False,direct
TXN-003509,ME,2026-05,2026-05-08,WLF-1019,sup-helio,Kovax,Pre-saturated cleaning wipes,kabine,54,piece,47.65,2573.1,EUR,2573.1,synthetic-spend-ME.csv,False,direct
TXN-003510,ME,2026-06,2026-06-01,WLF-1019,sup-helio,Kovax,Pre-saturated cleaning wipes,kabine,171,piece,47.65,8148.15,EUR,8148.15,synthetic-spend-ME.csv,False,direct
TXN-003511,ME,2026-07,2026-07-26,WLF-1019,sup-helio,Kovax,Pre-saturated cleaning wipes,kabine,293,piece,47.65,13961.45,EUR,13961.45,synthetic-spend-ME.csv,False,direct
TXN-003512,ME,2026-08,2026-08-22,WLF-1019,sup-helio,Kovax,Pre-saturated cleaning wipes,kabine,128,piece,47.65,6099.2,EUR,6099.2,synthetic-spend-ME.csv,False,direct
TXN-003513,ME,2026-01,2026-01-23,WLF-1020,sup-vanta,Starcke,P3 particulate filters,psa,101,piece,17.12,1729.12,EUR,1729.12,synthetic-spend-ME.csv,False,indirect
TXN-003514,ME,2026-02,2026-02-21,WLF-1020,sup-vanta,Starcke,P3 particulate filters,psa,104,piece,17.12,1780.48,EUR,1780.48,synthetic-spend-ME.csv,False,indirect
TXN-003515,ME,2026-03,2026-03-28,WLF-1020,sup-vanta,Starcke,P3 particulate filters,psa,210,piece,17.12,3595.2,EUR,3595.2,synthetic-spend-ME.csv,False,indirect
TXN-003516,ME,2026-04,2026-04-01,WLF-1020,sup-vanta,Starcke,P3 particulate filters,psa,250,piece,17.12,4280.0,EUR,4280.0,synthetic-spend-ME.csv,False,indirect
TXN-003517,ME,2026-05,2026-05-09,WLF-1020,sup-vanta,Starcke,P3 particulate filters,psa,279,piece,17.12,4776.48,EUR,4776.48,synthetic-spend-ME.csv,False,indirect
TXN-003518,ME,2026-06,2026-06-24,WLF-1020,sup-vanta,Starcke,P3 particulate filters,psa,43,piece,17.12,736.16,EUR,736.16,synthetic-spend-ME.csv,False,indirect
TXN-003519,ME,2026-07,2026-07-14,WLF-1020,sup-vanta,Starcke,P3 particulate filters,psa,244,piece,17.12,4177.28,EUR,4177.28,synthetic-spend-ME.csv,False,indirect
TXN-003520,ME,2026-08,2026-08-23,WLF-1020,sup-vanta,Starcke,P3 particulate filters,psa,163,piece,17.12,2790.56,EUR,2790.56,synthetic-spend-ME.csv,False,indirect
TXN-003521,ME,2026-01,2026-01-18,WLF-1021,sup-aster,3M,Electric random orbital sander 150 mm,werkstatt,142,piece,10.6,1505.2,EUR,1505.2,synthetic-spend-ME.csv,False,direct
TXN-003522,ME,2026-02,2026-02-06,WLF-1021,sup-aster,3M,Electric random orbital sander 150 mm,werkstatt,237,piece,10.6,2512.2,EUR,2512.2,synthetic-spend-ME.csv,False,direct
TXN-003523,ME,2026-03,2026-03-15,WLF-1021,sup-aster,3M,Electric random orbital sander 150 mm,werkstatt,216,piece,10.6,2289.6,EUR,2289.6,synthetic-spend-ME.csv,False,direct
TXN-003524,ME,2026-04,2026-04-26,WLF-1021,sup-aster,3M,Electric random orbital sander 150 mm,werkstatt,129,piece,10.6,1367.4,EUR,1367.4,synthetic-spend-ME.csv,False,direct
TXN-003525,ME,2026-05,2026-05-24,WLF-1021,sup-aster,3M,Electric random orbital sander 150 mm,werkstatt,30,piece,10.6,318.0,EUR,318.0,synthetic-spend-ME.csv,False,direct
TXN-003526,ME,2026-06,2026-06-22,WLF-1021,sup-aster,3M,Electric random orbital sander 150 mm,werkstatt,81,piece,10.6,858.6,EUR,858.6,synthetic-spend-ME.csv,False,direct
TXN-003527,ME,2026-07,2026-07-02,WLF-1021,sup-aster,3M,Electric random orbital sander 150 mm,werkstatt,41,piece,10.6,434.6,EUR,434.6,synthetic-spend-ME.csv,False,direct
TXN-003528,ME,2026-08,2026-08-19,WLF-1021,sup-aster,3M,Electric random orbital sander 150 mm,werkstatt,114,piece,10.6,1208.4,EUR,1208.4,synthetic-spend-ME.csv,False,direct
TXN-003529,UA,2026-01,2026-01-02,WLF-1001,sup-velora,Glasurit (BASF),Graduated mixing cup,lack,308,piece,18.14,5587.12,EUR,5587.12,synthetic-spend-UA.csv,True,indirect
TXN-003530,UA,2026-02,2026-02-04,WLF-1001,sup-velora,Glasurit (BASF),Graduated mixing cup,lack,295,piece,18.14,5351.3,EUR,5351.3,synthetic-spend-UA.csv,True,indirect
TXN-003531,UA,2026-03,2026-03-02,WLF-1001,sup-velora,Glasurit (BASF),Graduated mixing cup,lack,171,piece,18.14,3101.94,EUR,3101.94,synthetic-spend-UA.csv,True,indirect
TXN-003532,UA,2026-04,2026-04-27,WLF-1001,sup-velora,Glasurit (BASF),Graduated mixing cup,lack,188,piece,18.14,3410.32,EUR,3410.32,synthetic-spend-UA.csv,True,indirect
TXN-003533,UA,2026-05,2026-05-13,WLF-1001,sup-velora,Glasurit (BASF),Graduated mixing cup,lack,280,piece,18.14,5079.2,EUR,5079.2,synthetic-spend-UA.csv,True,indirect
TXN-003534,UA,2026-06,2026-06-02,WLF-1001,sup-velora,Glasurit (BASF),Graduated mixing cup,lack,70,piece,18.14,1269.8,EUR,1269.8,synthetic-spend-UA.csv,True,indirect
TXN-003535,UA,2026-07,2026-07-13,WLF-1001,sup-velora,Glasurit (BASF),Graduated mixing cup,lack,180,piece,18.14,3265.2,EUR,3265.2,synthetic-spend-UA.csv,True,indirect
TXN-003536,UA,2026-08,2026-08-13,WLF-1001,sup-velora,Glasurit (BASF),Graduated mixing cup,lack,75,piece,18.14,1360.5,EUR,1360.5,synthetic-spend-UA.csv,True,indirect
TXN-003537,UA,2026-01,2026-01-18,WLF-1002,sup-lumen,Finixa,"Sanding discs 150 mm, coarse",schleif,187,piece,55.82,10438.34,EUR,10438.34,synthetic-spend-UA.csv,True,direct
TXN-003538,UA,2026-02,2026-02-14,WLF-1002,sup-lumen,Finixa,"Sanding discs 150 mm, coarse",schleif,239,piece,55.82,13340.98,EUR,13340.98,synthetic-spend-UA.csv,True,direct
TXN-003539,UA,2026-03,2026-03-08,WLF-1002,sup-lumen,Finixa,"Sanding discs 150 mm, coarse",schleif,113,piece,55.82,6307.66,EUR,6307.66,synthetic-spend-UA.csv,True,direct
TXN-003540,UA,2026-04,2026-04-22,WLF-1002,sup-lumen,Finixa,"Sanding discs 150 mm, coarse",schleif,323,piece,55.82,18029.86,EUR,18029.86,synthetic-spend-UA.csv,True,direct
TXN-003541,UA,2026-05,2026-05-17,WLF-1002,sup-lumen,Finixa,"Sanding discs 150 mm, coarse",schleif,205,piece,55.82,11443.1,EUR,11443.1,synthetic-spend-UA.csv,True,direct
TXN-003542,UA,2026-06,2026-06-11,WLF-1002,sup-lumen,Finixa,"Sanding discs 150 mm, coarse",schleif,96,piece,55.82,5358.72,EUR,5358.72,synthetic-spend-UA.csv,True,direct
TXN-003543,UA,2026-07,2026-07-12,WLF-1002,sup-lumen,Finixa,"Sanding discs 150 mm, coarse",schleif,269,piece,55.82,15015.58,EUR,15015.58,synthetic-spend-UA.csv,True,direct
TXN-003544,UA,2026-08,2026-08-12,WLF-1002,sup-lumen,Finixa,"Sanding discs 150 mm, coarse",schleif,294,piece,55.82,16411.08,EUR,16411.08,synthetic-spend-UA.csv,True,direct
TXN-003545,UA,2026-01,2026-01-11,WLF-1003,sup-novex,Mirka,Standard masking tape,kleb,27,piece,13.52,365.04,EUR,365.04,synthetic-spend-UA.csv,True,direct
TXN-003546,UA,2026-02,2026-02-11,WLF-1003,sup-novex,Mirka,Standard masking tape,kleb,312,piece,13.52,4218.24,EUR,4218.24,synthetic-spend-UA.csv,True,direct
TXN-003547,UA,2026-03,2026-03-09,WLF-1003,sup-novex,Mirka,Standard masking tape,kleb,122,piece,13.52,1649.44,EUR,1649.44,synthetic-spend-UA.csv,True,direct
TXN-003548,UA,2026-04,2026-04-27,WLF-1003,sup-novex,Mirka,Standard masking tape,kleb,133,piece,13.52,1798.16,EUR,1798.16,synthetic-spend-UA.csv,True,direct
TXN-003549,UA,2026-05,2026-05-20,WLF-1003,sup-novex,Mirka,Standard masking tape,kleb,45,piece,13.52,608.4,EUR,608.4,synthetic-spend-UA.csv,True,direct
TXN-003550,UA,2026-06,2026-06-05,WLF-1003,sup-novex,Mirka,Standard masking tape,kleb,307,piece,13.52,4150.64,EUR,4150.64,synthetic-spend-UA.csv,True,direct
TXN-003551,UA,2026-07,2026-07-02,WLF-1003,sup-novex,Mirka,Standard masking tape,kleb,238,piece,13.52,3217.76,EUR,3217.76,synthetic-spend-UA.csv,True,direct
TXN-003552,UA,2026-08,2026-08-11,WLF-1003,sup-novex,Mirka,Standard masking tape,kleb,268,piece,13.52,3623.36,EUR,3623.36,synthetic-spend-UA.csv,True,direct
TXN-003553,UA,2026-01,2026-01-11,WLF-1004,sup-arcus,SATA,Cutting compound (coarse/medium),polier,112,piece,21.54,2412.48,EUR,2412.48,synthetic-spend-UA.csv,True,indirect
TXN-003554,UA,2026-02,2026-02-01,WLF-1004,sup-arcus,SATA,Cutting compound (coarse/medium),polier,135,piece,21.54,2907.9,EUR,2907.9,synthetic-spend-UA.csv,True,indirect
TXN-003555,UA,2026-03,2026-03-05,WLF-1004,sup-arcus,SATA,Cutting compound (coarse/medium),polier,237,piece,21.54,5104.98,EUR,5104.98,synthetic-spend-UA.csv,True,indirect
TXN-003556,UA,2026-04,2026-04-16,WLF-1004,sup-arcus,SATA,Cutting compound (coarse/medium),polier,234,piece,21.54,5040.36,EUR,5040.36,synthetic-spend-UA.csv,True,indirect
TXN-003557,UA,2026-05,2026-05-27,WLF-1004,sup-arcus,SATA,Cutting compound (coarse/medium),polier,329,piece,21.54,7086.66,EUR,7086.66,synthetic-spend-UA.csv,True,indirect
TXN-003558,UA,2026-06,2026-06-08,WLF-1004,sup-arcus,SATA,Cutting compound (coarse/medium),polier,92,piece,21.54,1981.68,EUR,1981.68,synthetic-spend-UA.csv,True,indirect
TXN-003559,UA,2026-07,2026-07-05,WLF-1004,sup-arcus,SATA,Cutting compound (coarse/medium),polier,114,piece,21.54,2455.56,EUR,2455.56,synthetic-spend-UA.csv,True,indirect
TXN-003560,UA,2026-08,2026-08-18,WLF-1004,sup-arcus,SATA,Cutting compound (coarse/medium),polier,283,piece,21.54,6095.82,EUR,6095.82,synthetic-spend-UA.csv,True,indirect
TXN-003561,UA,2026-01,2026-01-24,WLF-1005,sup-cobalt,tesa,Solvent-based silicone remover,kabine,296,piece,53.56,15853.76,EUR,15853.76,synthetic-spend-UA.csv,True,direct
TXN-003562,UA,2026-02,2026-02-13,WLF-1005,sup-cobalt,tesa,Solvent-based silicone remover,kabine,307,piece,53.56,16442.92,EUR,16442.92,synthetic-spend-UA.csv,True,direct
TXN-003563,UA,2026-03,2026-03-16,WLF-1005,sup-cobalt,tesa,Solvent-based silicone remover,kabine,309,piece,53.56,16550.04,EUR,16550.04,synthetic-spend-UA.csv,True,direct
TXN-003564,UA,2026-04,2026-04-17,WLF-1005,sup-cobalt,tesa,Solvent-based silicone remover,kabine,102,piece,53.56,5463.12,EUR,5463.12,synthetic-spend-UA.csv,True,direct
TXN-003565,UA,2026-05,2026-05-06,WLF-1005,sup-cobalt,tesa,Solvent-based silicone remover,kabine,180,piece,53.56,9640.8,EUR,9640.8,synthetic-spend-UA.csv,True,direct
TXN-003566,UA,2026-06,2026-06-02,WLF-1005,sup-cobalt,tesa,Solvent-based silicone remover,kabine,304,piece,53.56,16282.24,EUR,16282.24,synthetic-spend-UA.csv,True,direct
TXN-003567,UA,2026-07,2026-07-12,WLF-1005,sup-cobalt,tesa,Solvent-based silicone remover,kabine,221,piece,53.56,11836.76,EUR,11836.76,synthetic-spend-UA.csv,True,direct
TXN-003568,UA,2026-08,2026-08-10,WLF-1005,sup-cobalt,tesa,Solvent-based silicone remover,kabine,285,piece,53.56,15264.6,EUR,15264.6,synthetic-spend-UA.csv,True,direct
TXN-003569,UA,2026-01,2026-01-10,WLF-1006,sup-solis,PPG / Nexa,Half mask / spray-painting respirator,psa,256,piece,24.32,6225.92,EUR,6225.92,synthetic-spend-UA.csv,True,direct
TXN-003570,UA,2026-02,2026-02-02,WLF-1006,sup-solis,PPG / Nexa,Half mask / spray-painting respirator,psa,310,piece,24.32,7539.2,EUR,7539.2,synthetic-spend-UA.csv,True,direct
TXN-003571,UA,2026-03,2026-03-20,WLF-1006,sup-solis,PPG / Nexa,Half mask / spray-painting respirator,psa,57,piece,24.32,1386.24,EUR,1386.24,synthetic-spend-UA.csv,True,direct
TXN-003572,UA,2026-04,2026-04-01,WLF-1006,sup-solis,PPG / Nexa,Half mask / spray-painting respirator,psa,164,piece,24.32,3988.48,EUR,3988.48,synthetic-spend-UA.csv,True,direct
TXN-003573,UA,2026-05,2026-05-12,WLF-1006,sup-solis,PPG / Nexa,Half mask / spray-painting respirator,psa,117,piece,24.32,2845.44,EUR,2845.44,synthetic-spend-UA.csv,True,direct
TXN-003574,UA,2026-06,2026-06-06,WLF-1006,sup-solis,PPG / Nexa,Half mask / spray-painting respirator,psa,50,piece,24.32,1216.0,EUR,1216.0,synthetic-spend-UA.csv,True,direct
TXN-003575,UA,2026-07,2026-07-11,WLF-1006,sup-solis,PPG / Nexa,Half mask / spray-painting respirator,psa,200,piece,24.32,4864.0,EUR,4864.0,synthetic-spend-UA.csv,True,direct
TXN-003576,UA,2026-08,2026-08-03,WLF-1006,sup-solis,PPG / Nexa,Half mask / spray-painting respirator,psa,74,piece,24.32,1799.68,EUR,1799.68,synthetic-spend-UA.csv,True,direct
TXN-003577,UA,2026-01,2026-01-12,WLF-1007,sup-orbit,Würth,"Random orbital sander 150 mm, 5 mm orbit",werkstatt,81,piece,40.18,3254.58,EUR,3254.58,synthetic-spend-UA.csv,True,indirect
TXN-003578,UA,2026-02,2026-02-11,WLF-1007,sup-orbit,Würth,"Random orbital sander 150 mm, 5 mm orbit",werkstatt,60,piece,40.18,2410.8,EUR,2410.8,synthetic-spend-UA.csv,True,indirect
TXN-003579,UA,2026-03,2026-03-15,WLF-1007,sup-orbit,Würth,"Random orbital sander 150 mm, 5 mm orbit",werkstatt,195,piece,40.18,7835.1,EUR,7835.1,synthetic-spend-UA.csv,True,indirect
TXN-003580,UA,2026-04,2026-04-06,WLF-1007,sup-orbit,Würth,"Random orbital sander 150 mm, 5 mm orbit",werkstatt,144,piece,40.18,5785.92,EUR,5785.92,synthetic-spend-UA.csv,True,indirect
TXN-003581,UA,2026-05,2026-05-25,WLF-1007,sup-orbit,Würth,"Random orbital sander 150 mm, 5 mm orbit",werkstatt,30,piece,40.18,1205.4,EUR,1205.4,synthetic-spend-UA.csv,True,indirect
TXN-003582,UA,2026-06,2026-06-16,WLF-1007,sup-orbit,Würth,"Random orbital sander 150 mm, 5 mm orbit",werkstatt,98,piece,40.18,3937.64,EUR,3937.64,synthetic-spend-UA.csv,True,indirect
TXN-003583,UA,2026-07,2026-07-06,WLF-1007,sup-orbit,Würth,"Random orbital sander 150 mm, 5 mm orbit",werkstatt,324,piece,40.18,13018.32,EUR,13018.32,synthetic-spend-UA.csv,True,indirect
TXN-003584,UA,2026-08,2026-08-02,WLF-1007,sup-orbit,Würth,"Random orbital sander 150 mm, 5 mm orbit",werkstatt,251,piece,40.18,10085.18,EUR,10085.18,synthetic-spend-UA.csv,True,indirect
TXN-003585,UA,2026-01,2026-01-16,WLF-1008,sup-helio,Kovax,Paint cup for compressed-air spray gun,lack,106,piece,101.93,10804.58,EUR,10804.58,synthetic-spend-UA.csv,True,direct
TXN-003586,UA,2026-02,2026-02-28,WLF-1008,sup-helio,Kovax,Paint cup for compressed-air spray gun,lack,238,piece,101.93,24259.34,EUR,24259.34,synthetic-spend-UA.csv,True,direct
TXN-003587,UA,2026-03,2026-03-19,WLF-1008,sup-helio,Kovax,Paint cup for compressed-air spray gun,lack,31,piece,101.93,3159.83,EUR,3159.83,synthetic-spend-UA.csv,True,direct
TXN-003588,UA,2026-04,2026-04-02,WLF-1008,sup-helio,Kovax,Paint cup for compressed-air spray gun,lack,44,piece,101.93,4484.92,EUR,4484.92,synthetic-spend-UA.csv,True,direct
TXN-003589,UA,2026-05,2026-05-12,WLF-1008,sup-helio,Kovax,Paint cup for compressed-air spray gun,lack,151,piece,101.93,15391.43,EUR,15391.43,synthetic-spend-UA.csv,True,direct
TXN-003590,UA,2026-06,2026-06-18,WLF-1008,sup-helio,Kovax,Paint cup for compressed-air spray gun,lack,25,piece,101.93,2548.25,EUR,2548.25,synthetic-spend-UA.csv,True,direct
TXN-003591,UA,2026-07,2026-07-16,WLF-1008,sup-helio,Kovax,Paint cup for compressed-air spray gun,lack,296,piece,101.93,30171.28,EUR,30171.28,synthetic-spend-UA.csv,True,direct
TXN-003592,UA,2026-08,2026-08-14,WLF-1008,sup-helio,Kovax,Paint cup for compressed-air spray gun,lack,111,piece,101.93,11314.23,EUR,11314.23,synthetic-spend-UA.csv,True,direct
TXN-003593,UA,2026-01,2026-01-28,WLF-1009,sup-vanta,Starcke,"Sanding discs 150 mm, intermediate",schleif,101,piece,78.83,7961.83,EUR,7961.83,synthetic-spend-UA.csv,True,direct
TXN-003594,UA,2026-02,2026-02-04,WLF-1009,sup-vanta,Starcke,"Sanding discs 150 mm, intermediate",schleif,312,piece,78.83,24594.96,EUR,24594.96,synthetic-spend-UA.csv,True,direct
TXN-003595,UA,2026-03,2026-03-12,WLF-1009,sup-vanta,Starcke,"Sanding discs 150 mm, intermediate",schleif,271,piece,78.83,21362.93,EUR,21362.93,synthetic-spend-UA.csv,True,direct
TXN-003596,UA,2026-04,2026-04-01,WLF-1009,sup-vanta,Starcke,"Sanding discs 150 mm, intermediate",schleif,213,piece,78.83,16790.79,EUR,16790.79,synthetic-spend-UA.csv,True,direct
TXN-003597,UA,2026-05,2026-05-07,WLF-1009,sup-vanta,Starcke,"Sanding discs 150 mm, intermediate",schleif,280,piece,78.83,22072.4,EUR,22072.4,synthetic-spend-UA.csv,True,direct
TXN-003598,UA,2026-06,2026-06-20,WLF-1009,sup-vanta,Starcke,"Sanding discs 150 mm, intermediate",schleif,249,piece,78.83,19628.67,EUR,19628.67,synthetic-spend-UA.csv,True,direct
TXN-003599,UA,2026-07,2026-07-04,WLF-1009,sup-vanta,Starcke,"Sanding discs 150 mm, intermediate",schleif,318,piece,78.83,25067.94,EUR,25067.94,synthetic-spend-UA.csv,True,direct
TXN-003600,UA,2026-08,2026-08-21,WLF-1009,sup-vanta,Starcke,"Sanding discs 150 mm, intermediate",schleif,329,piece,78.83,25935.07,EUR,25935.07,synthetic-spend-UA.csv,True,direct
TXN-003601,UA,2026-01,2026-01-09,WLF-1010,sup-aster,3M,Fine-line tape,kleb,325,piece,24.93,8102.25,EUR,8102.25,synthetic-spend-UA.csv,True,indirect
TXN-003602,UA,2026-02,2026-02-04,WLF-1010,sup-aster,3M,Fine-line tape,kleb,75,piece,24.93,1869.75,EUR,1869.75,synthetic-spend-UA.csv,True,indirect
TXN-003603,UA,2026-03,2026-03-22,WLF-1010,sup-aster,3M,Fine-line tape,kleb,159,piece,24.93,3963.87,EUR,3963.87,synthetic-spend-UA.csv,True,indirect
TXN-003604,UA,2026-04,2026-04-10,WLF-1010,sup-aster,3M,Fine-line tape,kleb,43,piece,24.93,1071.99,EUR,1071.99,synthetic-spend-UA.csv,True,indirect
TXN-003605,UA,2026-05,2026-05-10,WLF-1010,sup-aster,3M,Fine-line tape,kleb,300,piece,24.93,7479.0,EUR,7479.0,synthetic-spend-UA.csv,True,indirect
TXN-003606,UA,2026-06,2026-06-15,WLF-1010,sup-aster,3M,Fine-line tape,kleb,183,piece,24.93,4562.19,EUR,4562.19,synthetic-spend-UA.csv,True,indirect
TXN-003607,UA,2026-07,2026-07-11,WLF-1010,sup-aster,3M,Fine-line tape,kleb,116,piece,24.93,2891.88,EUR,2891.88,synthetic-spend-UA.csv,True,indirect
TXN-003608,UA,2026-08,2026-08-20,WLF-1010,sup-aster,3M,Fine-line tape,kleb,281,piece,24.93,7005.33,EUR,7005.33,synthetic-spend-UA.csv,True,indirect
TXN-003609,UA,2026-01,2026-01-21,WLF-1011,sup-velora,Glasurit (BASF),Polish (fine / anti-hologram),polier,277,piece,11.26,3119.02,EUR,3119.02,synthetic-spend-UA.csv,True,direct
TXN-003610,UA,2026-02,2026-02-18,WLF-1011,sup-velora,Glasurit (BASF),Polish (fine / anti-hologram),polier,225,piece,11.26,2533.5,EUR,2533.5,synthetic-spend-UA.csv,True,direct
TXN-003611,UA,2026-03,2026-03-24,WLF-1011,sup-velora,Glasurit (BASF),Polish (fine / anti-hologram),polier,257,piece,11.26,2893.82,EUR,2893.82,synthetic-spend-UA.csv,True,direct
TXN-003612,UA,2026-04,2026-04-01,WLF-1011,sup-velora,Glasurit (BASF),Polish (fine / anti-hologram),polier,79,piece,11.26,889.54,EUR,889.54,synthetic-spend-UA.csv,True,direct
TXN-003613,UA,2026-05,2026-05-12,WLF-1011,sup-velora,Glasurit (BASF),Polish (fine / anti-hologram),polier,54,piece,11.26,608.04,EUR,608.04,synthetic-spend-UA.csv,True,direct
TXN-003614,UA,2026-06,2026-06-27,WLF-1011,sup-velora,Glasurit (BASF),Polish (fine / anti-hologram),polier,117,piece,11.26,1317.42,EUR,1317.42,synthetic-spend-UA.csv,True,direct
TXN-003615,UA,2026-07,2026-07-20,WLF-1011,sup-velora,Glasurit (BASF),Polish (fine / anti-hologram),polier,138,piece,11.26,1553.88,EUR,1553.88,synthetic-spend-UA.csv,True,direct
TXN-003616,UA,2026-08,2026-08-09,WLF-1011,sup-velora,Glasurit (BASF),Polish (fine / anti-hologram),polier,153,piece,11.26,1722.78,EUR,1722.78,synthetic-spend-UA.csv,True,direct
TXN-003617,UA,2026-01,2026-01-15,WLF-1012,sup-lumen,Finixa,Water-based silicone remover,kabine,215,piece,20.33,4370.95,EUR,4370.95,synthetic-spend-UA.csv,True,direct
TXN-003618,UA,2026-02,2026-02-25,WLF-1012,sup-lumen,Finixa,Water-based silicone remover,kabine,122,piece,20.33,2480.26,EUR,2480.26,synthetic-spend-UA.csv,True,direct
TXN-003619,UA,2026-03,2026-03-12,WLF-1012,sup-lumen,Finixa,Water-based silicone remover,kabine,297,piece,20.33,6038.01,EUR,6038.01,synthetic-spend-UA.csv,True,direct
TXN-003620,UA,2026-04,2026-04-03,WLF-1012,sup-lumen,Finixa,Water-based silicone remover,kabine,188,piece,20.33,3822.04,EUR,3822.04,synthetic-spend-UA.csv,True,direct
TXN-003621,UA,2026-05,2026-05-08,WLF-1012,sup-lumen,Finixa,Water-based silicone remover,kabine,169,piece,20.33,3435.77,EUR,3435.77,synthetic-spend-UA.csv,True,direct
TXN-003622,UA,2026-06,2026-06-23,WLF-1012,sup-lumen,Finixa,Water-based silicone remover,kabine,308,piece,20.33,6261.64,EUR,6261.64,synthetic-spend-UA.csv,True,direct
TXN-003623,UA,2026-07,2026-07-22,WLF-1012,sup-lumen,Finixa,Water-based silicone remover,kabine,245,piece,20.33,4980.85,EUR,4980.85,synthetic-spend-UA.csv,True,direct
TXN-003624,UA,2026-08,2026-08-03,WLF-1012,sup-lumen,Finixa,Water-based silicone remover,kabine,156,piece,20.33,3171.48,EUR,3171.48,synthetic-spend-UA.csv,True,direct
TXN-003625,UA,2026-01,2026-01-10,WLF-1013,sup-novex,Mirka,A2 filter cartridges,psa,112,piece,6.93,776.16,EUR,776.16,synthetic-spend-UA.csv,True,indirect
TXN-003626,UA,2026-02,2026-02-11,WLF-1013,sup-novex,Mirka,A2 filter cartridges,psa,187,piece,6.93,1295.91,EUR,1295.91,synthetic-spend-UA.csv,True,indirect
TXN-003627,UA,2026-03,2026-03-01,WLF-1013,sup-novex,Mirka,A2 filter cartridges,psa,282,piece,6.93,1954.26,EUR,1954.26,synthetic-spend-UA.csv,True,indirect
TXN-003628,UA,2026-04,2026-04-18,WLF-1013,sup-novex,Mirka,A2 filter cartridges,psa,153,piece,6.93,1060.29,EUR,1060.29,synthetic-spend-UA.csv,True,indirect
TXN-003629,UA,2026-05,2026-05-05,WLF-1013,sup-novex,Mirka,A2 filter cartridges,psa,47,piece,6.93,325.71,EUR,325.71,synthetic-spend-UA.csv,True,indirect
TXN-003630,UA,2026-06,2026-06-12,WLF-1013,sup-novex,Mirka,A2 filter cartridges,psa,233,piece,6.93,1614.69,EUR,1614.69,synthetic-spend-UA.csv,True,indirect
TXN-003631,UA,2026-07,2026-07-03,WLF-1013,sup-novex,Mirka,A2 filter cartridges,psa,87,piece,6.93,602.91,EUR,602.91,synthetic-spend-UA.csv,True,indirect
TXN-003632,UA,2026-08,2026-08-16,WLF-1013,sup-novex,Mirka,A2 filter cartridges,psa,280,piece,6.93,1940.4,EUR,1940.4,synthetic-spend-UA.csv,True,indirect
TXN-003633,UA,2026-01,2026-01-26,WLF-1014,sup-arcus,SATA,Random orbital sander 77 mm,werkstatt,47,piece,32.04,1505.88,EUR,1505.88,synthetic-spend-UA.csv,True,direct
TXN-003634,UA,2026-02,2026-02-20,WLF-1014,sup-arcus,SATA,Random orbital sander 77 mm,werkstatt,171,piece,32.04,5478.84,EUR,5478.84,synthetic-spend-UA.csv,True,direct
TXN-003635,UA,2026-03,2026-03-07,WLF-1014,sup-arcus,SATA,Random orbital sander 77 mm,werkstatt,187,piece,32.04,5991.48,EUR,5991.48,synthetic-spend-UA.csv,True,direct
TXN-003636,UA,2026-04,2026-04-20,WLF-1014,sup-arcus,SATA,Random orbital sander 77 mm,werkstatt,236,piece,32.04,7561.44,EUR,7561.44,synthetic-spend-UA.csv,True,direct
TXN-003637,UA,2026-05,2026-05-22,WLF-1014,sup-arcus,SATA,Random orbital sander 77 mm,werkstatt,257,piece,32.04,8234.28,EUR,8234.28,synthetic-spend-UA.csv,True,direct
TXN-003638,UA,2026-06,2026-06-25,WLF-1014,sup-arcus,SATA,Random orbital sander 77 mm,werkstatt,161,piece,32.04,5158.44,EUR,5158.44,synthetic-spend-UA.csv,True,direct
TXN-003639,UA,2026-07,2026-07-24,WLF-1014,sup-arcus,SATA,Random orbital sander 77 mm,werkstatt,193,piece,32.04,6183.72,EUR,6183.72,synthetic-spend-UA.csv,True,direct
TXN-003640,UA,2026-08,2026-08-13,WLF-1014,sup-arcus,SATA,Random orbital sander 77 mm,werkstatt,223,piece,32.04,7144.92,EUR,7144.92,synthetic-spend-UA.csv,True,direct
TXN-003641,UA,2026-01,2026-01-01,WLF-1015,sup-cobalt,tesa,Paint strainers 125 µ / 200 µ,lack,77,piece,37.65,2899.05,EUR,2899.05,synthetic-spend-UA.csv,True,direct
TXN-003642,UA,2026-02,2026-02-12,WLF-1015,sup-cobalt,tesa,Paint strainers 125 µ / 200 µ,lack,59,piece,37.65,2221.35,EUR,2221.35,synthetic-spend-UA.csv,True,direct
TXN-003643,UA,2026-03,2026-03-24,WLF-1015,sup-cobalt,tesa,Paint strainers 125 µ / 200 µ,lack,248,piece,37.65,9337.2,EUR,9337.2,synthetic-spend-UA.csv,True,direct
TXN-003644,UA,2026-04,2026-04-01,WLF-1015,sup-cobalt,tesa,Paint strainers 125 µ / 200 µ,lack,248,piece,37.65,9337.2,EUR,9337.2,synthetic-spend-UA.csv,True,direct
TXN-003645,UA,2026-05,2026-05-27,WLF-1015,sup-cobalt,tesa,Paint strainers 125 µ / 200 µ,lack,243,piece,37.65,9148.95,EUR,9148.95,synthetic-spend-UA.csv,True,direct
TXN-003646,UA,2026-06,2026-06-05,WLF-1015,sup-cobalt,tesa,Paint strainers 125 µ / 200 µ,lack,131,piece,37.65,4932.15,EUR,4932.15,synthetic-spend-UA.csv,True,direct
TXN-003647,UA,2026-07,2026-07-18,WLF-1015,sup-cobalt,tesa,Paint strainers 125 µ / 200 µ,lack,311,piece,37.65,11709.15,EUR,11709.15,synthetic-spend-UA.csv,True,direct
TXN-003648,UA,2026-08,2026-08-10,WLF-1015,sup-cobalt,tesa,Paint strainers 125 µ / 200 µ,lack,322,piece,37.65,12123.3,EUR,12123.3,synthetic-spend-UA.csv,True,direct
TXN-003649,UA,2026-01,2026-01-20,WLF-1016,sup-solis,PPG / Nexa,"Sanding discs 150 mm, fine",schleif,260,piece,73.7,19162.0,EUR,19162.0,synthetic-spend-UA.csv,True,indirect
TXN-003650,UA,2026-02,2026-02-10,WLF-1016,sup-solis,PPG / Nexa,"Sanding discs 150 mm, fine",schleif,267,piece,73.7,19677.9,EUR,19677.9,synthetic-spend-UA.csv,True,indirect
TXN-003651,UA,2026-03,2026-03-14,WLF-1016,sup-solis,PPG / Nexa,"Sanding discs 150 mm, fine",schleif,127,piece,73.7,9359.9,EUR,9359.9,synthetic-spend-UA.csv,True,indirect
TXN-003652,UA,2026-04,2026-04-14,WLF-1016,sup-solis,PPG / Nexa,"Sanding discs 150 mm, fine",schleif,50,piece,73.7,3685.0,EUR,3685.0,synthetic-spend-UA.csv,True,indirect
TXN-003653,UA,2026-05,2026-05-01,WLF-1016,sup-solis,PPG / Nexa,"Sanding discs 150 mm, fine",schleif,120,piece,73.7,8844.0,EUR,8844.0,synthetic-spend-UA.csv,True,indirect
TXN-003654,UA,2026-06,2026-06-07,WLF-1016,sup-solis,PPG / Nexa,"Sanding discs 150 mm, fine",schleif,91,piece,73.7,6706.7,EUR,6706.7,synthetic-spend-UA.csv,True,indirect
TXN-003655,UA,2026-07,2026-07-22,WLF-1016,sup-solis,PPG / Nexa,"Sanding discs 150 mm, fine",schleif,287,piece,73.7,21151.9,EUR,21151.9,synthetic-spend-UA.csv,True,indirect
TXN-003656,UA,2026-08,2026-08-18,WLF-1016,sup-solis,PPG / Nexa,"Sanding discs 150 mm, fine",schleif,108,piece,73.7,7959.6,EUR,7959.6,synthetic-spend-UA.csv,True,indirect
TXN-003657,UA,2026-01,2026-01-20,WLF-1017,sup-orbit,Würth,Contour tape,kleb,330,piece,19.05,6286.5,EUR,6286.5,synthetic-spend-UA.csv,False,direct
TXN-003658,UA,2026-02,2026-02-14,WLF-1017,sup-orbit,Würth,Contour tape,kleb,309,piece,19.05,5886.45,EUR,5886.45,synthetic-spend-UA.csv,False,direct
TXN-003659,UA,2026-03,2026-03-22,WLF-1017,sup-orbit,Würth,Contour tape,kleb,312,piece,19.05,5943.6,EUR,5943.6,synthetic-spend-UA.csv,False,direct
TXN-003660,UA,2026-04,2026-04-24,WLF-1017,sup-orbit,Würth,Contour tape,kleb,274,piece,19.05,5219.7,EUR,5219.7,synthetic-spend-UA.csv,False,direct
TXN-003661,UA,2026-05,2026-05-07,WLF-1017,sup-orbit,Würth,Contour tape,kleb,161,piece,19.05,3067.05,EUR,3067.05,synthetic-spend-UA.csv,False,direct
TXN-003662,UA,2026-06,2026-06-22,WLF-1017,sup-orbit,Würth,Contour tape,kleb,121,piece,19.05,2305.05,EUR,2305.05,synthetic-spend-UA.csv,False,direct
TXN-003663,UA,2026-07,2026-07-14,WLF-1017,sup-orbit,Würth,Contour tape,kleb,198,piece,19.05,3771.9,EUR,3771.9,synthetic-spend-UA.csv,False,direct
TXN-003664,UA,2026-08,2026-08-19,WLF-1017,sup-orbit,Würth,Contour tape,kleb,321,piece,19.05,6115.05,EUR,6115.05,synthetic-spend-UA.csv,False,direct
TXN-003665,UA,2026-01,2026-01-06,WLF-1018,sup-helio,Kovax,One-step cutting and polishing compound,polier,173,piece,25.58,4425.34,EUR,4425.34,synthetic-spend-UA.csv,False,direct
TXN-003666,UA,2026-02,2026-02-06,WLF-1018,sup-helio,Kovax,One-step cutting and polishing compound,polier,321,piece,25.58,8211.18,EUR,8211.18,synthetic-spend-UA.csv,False,direct
TXN-003667,UA,2026-03,2026-03-16,WLF-1018,sup-helio,Kovax,One-step cutting and polishing compound,polier,206,piece,25.58,5269.48,EUR,5269.48,synthetic-spend-UA.csv,False,direct
TXN-003668,UA,2026-04,2026-04-19,WLF-1018,sup-helio,Kovax,One-step cutting and polishing compound,polier,69,piece,25.58,1765.02,EUR,1765.02,synthetic-spend-UA.csv,False,direct
TXN-003669,UA,2026-05,2026-05-21,WLF-1018,sup-helio,Kovax,One-step cutting and polishing compound,polier,271,piece,25.58,6932.18,EUR,6932.18,synthetic-spend-UA.csv,False,direct
TXN-003670,UA,2026-06,2026-06-21,WLF-1018,sup-helio,Kovax,One-step cutting and polishing compound,polier,278,piece,25.58,7111.24,EUR,7111.24,synthetic-spend-UA.csv,False,direct
TXN-003671,UA,2026-07,2026-07-20,WLF-1018,sup-helio,Kovax,One-step cutting and polishing compound,polier,52,piece,25.58,1330.16,EUR,1330.16,synthetic-spend-UA.csv,False,direct
TXN-003672,UA,2026-08,2026-08-07,WLF-1018,sup-helio,Kovax,One-step cutting and polishing compound,polier,248,piece,25.58,6343.84,EUR,6343.84,synthetic-spend-UA.csv,False,direct
TXN-003673,UA,2026-01,2026-01-03,WLF-1019,sup-vanta,Starcke,Pre-saturated cleaning wipes,kabine,208,piece,112.83,23468.64,EUR,23468.64,synthetic-spend-UA.csv,False,indirect
TXN-003674,UA,2026-02,2026-02-11,WLF-1019,sup-vanta,Starcke,Pre-saturated cleaning wipes,kabine,166,piece,112.83,18729.78,EUR,18729.78,synthetic-spend-UA.csv,False,indirect
TXN-003675,UA,2026-03,2026-03-27,WLF-1019,sup-vanta,Starcke,Pre-saturated cleaning wipes,kabine,174,piece,112.83,19632.42,EUR,19632.42,synthetic-spend-UA.csv,False,indirect
TXN-003676,UA,2026-04,2026-04-17,WLF-1019,sup-vanta,Starcke,Pre-saturated cleaning wipes,kabine,97,piece,112.83,10944.51,EUR,10944.51,synthetic-spend-UA.csv,False,indirect
TXN-003677,UA,2026-05,2026-05-04,WLF-1019,sup-vanta,Starcke,Pre-saturated cleaning wipes,kabine,272,piece,112.83,30689.76,EUR,30689.76,synthetic-spend-UA.csv,False,indirect
TXN-003678,UA,2026-06,2026-06-09,WLF-1019,sup-vanta,Starcke,Pre-saturated cleaning wipes,kabine,172,piece,112.83,19406.76,EUR,19406.76,synthetic-spend-UA.csv,False,indirect
TXN-003679,UA,2026-07,2026-07-14,WLF-1019,sup-vanta,Starcke,Pre-saturated cleaning wipes,kabine,312,piece,112.83,35202.96,EUR,35202.96,synthetic-spend-UA.csv,False,indirect
TXN-003680,UA,2026-08,2026-08-05,WLF-1019,sup-vanta,Starcke,Pre-saturated cleaning wipes,kabine,55,piece,112.83,6205.65,EUR,6205.65,synthetic-spend-UA.csv,False,indirect
TXN-003681,UA,2026-01,2026-01-05,WLF-1020,sup-aster,3M,P3 particulate filters,psa,91,piece,26.27,2390.57,EUR,2390.57,synthetic-spend-UA.csv,False,direct
TXN-003682,UA,2026-02,2026-02-24,WLF-1020,sup-aster,3M,P3 particulate filters,psa,121,piece,26.27,3178.67,EUR,3178.67,synthetic-spend-UA.csv,False,direct
TXN-003683,UA,2026-03,2026-03-09,WLF-1020,sup-aster,3M,P3 particulate filters,psa,160,piece,26.27,4203.2,EUR,4203.2,synthetic-spend-UA.csv,False,direct
TXN-003684,UA,2026-04,2026-04-23,WLF-1020,sup-aster,3M,P3 particulate filters,psa,226,piece,26.27,5937.02,EUR,5937.02,synthetic-spend-UA.csv,False,direct
TXN-003685,UA,2026-05,2026-05-24,WLF-1020,sup-aster,3M,P3 particulate filters,psa,222,piece,26.27,5831.94,EUR,5831.94,synthetic-spend-UA.csv,False,direct
TXN-003686,UA,2026-06,2026-06-03,WLF-1020,sup-aster,3M,P3 particulate filters,psa,121,piece,26.27,3178.67,EUR,3178.67,synthetic-spend-UA.csv,False,direct
TXN-003687,UA,2026-07,2026-07-13,WLF-1020,sup-aster,3M,P3 particulate filters,psa,74,piece,26.27,1943.98,EUR,1943.98,synthetic-spend-UA.csv,False,direct
TXN-003688,UA,2026-08,2026-08-10,WLF-1020,sup-aster,3M,P3 particulate filters,psa,153,piece,26.27,4019.31,EUR,4019.31,synthetic-spend-UA.csv,False,direct
TXN-003689,UA,2026-01,2026-01-09,WLF-1021,sup-velora,Glasurit (BASF),Electric random orbital sander 150 mm,werkstatt,277,piece,12.9,3573.3,EUR,3573.3,synthetic-spend-UA.csv,False,direct
TXN-003690,UA,2026-02,2026-02-02,WLF-1021,sup-velora,Glasurit (BASF),Electric random orbital sander 150 mm,werkstatt,250,piece,12.9,3225.0,EUR,3225.0,synthetic-spend-UA.csv,False,direct
TXN-003691,UA,2026-03,2026-03-28,WLF-1021,sup-velora,Glasurit (BASF),Electric random orbital sander 150 mm,werkstatt,39,piece,12.9,503.1,EUR,503.1,synthetic-spend-UA.csv,False,direct
TXN-003692,UA,2026-04,2026-04-12,WLF-1021,sup-velora,Glasurit (BASF),Electric random orbital sander 150 mm,werkstatt,48,piece,12.9,619.2,EUR,619.2,synthetic-spend-UA.csv,False,direct
TXN-003693,UA,2026-05,2026-05-24,WLF-1021,sup-velora,Glasurit (BASF),Electric random orbital sander 150 mm,werkstatt,73,piece,12.9,941.7,EUR,941.7,synthetic-spend-UA.csv,False,direct
TXN-003694,UA,2026-06,2026-06-26,WLF-1021,sup-velora,Glasurit (BASF),Electric random orbital sander 150 mm,werkstatt,321,piece,12.9,4140.9,EUR,4140.9,synthetic-spend-UA.csv,False,direct
TXN-003695,UA,2026-07,2026-07-17,WLF-1021,sup-velora,Glasurit (BASF),Electric random orbital sander 150 mm,werkstatt,129,piece,12.9,1664.1,EUR,1664.1,synthetic-spend-UA.csv,False,direct
TXN-003696,UA,2026-08,2026-08-22,WLF-1021,sup-velora,Glasurit (BASF),Electric random orbital sander 150 mm,werkstatt,292,piece,12.9,3766.8,EUR,3766.8,synthetic-spend-UA.csv,False,direct
TXN-003697,CN,2026-01,2026-01-13,WLF-1001,sup-lumen,Finixa,Graduated mixing cup,lack,217,piece,17.09,3708.53,EUR,3708.53,synthetic-spend-CN.csv,True,direct
TXN-003698,CN,2026-02,2026-02-02,WLF-1001,sup-lumen,Finixa,Graduated mixing cup,lack,203,piece,17.09,3469.27,EUR,3469.27,synthetic-spend-CN.csv,True,direct
TXN-003699,CN,2026-03,2026-03-11,WLF-1001,sup-lumen,Finixa,Graduated mixing cup,lack,193,piece,17.09,3298.37,EUR,3298.37,synthetic-spend-CN.csv,True,direct
TXN-003700,CN,2026-04,2026-04-10,WLF-1001,sup-lumen,Finixa,Graduated mixing cup,lack,122,piece,17.09,2084.98,EUR,2084.98,synthetic-spend-CN.csv,True,direct
TXN-003701,CN,2026-05,2026-05-01,WLF-1001,sup-lumen,Finixa,Graduated mixing cup,lack,199,piece,17.09,3400.91,EUR,3400.91,synthetic-spend-CN.csv,True,direct
TXN-003702,CN,2026-06,2026-06-09,WLF-1001,sup-lumen,Finixa,Graduated mixing cup,lack,301,piece,17.09,5144.09,EUR,5144.09,synthetic-spend-CN.csv,True,direct
TXN-003703,CN,2026-07,2026-07-16,WLF-1001,sup-lumen,Finixa,Graduated mixing cup,lack,48,piece,17.09,820.32,EUR,820.32,synthetic-spend-CN.csv,True,direct
TXN-003704,CN,2026-08,2026-08-06,WLF-1001,sup-lumen,Finixa,Graduated mixing cup,lack,75,piece,17.09,1281.75,EUR,1281.75,synthetic-spend-CN.csv,True,direct
TXN-003705,CN,2026-01,2026-01-17,WLF-1002,sup-novex,Mirka,"Sanding discs 150 mm, coarse",schleif,207,piece,68.0,14076.0,EUR,14076.0,synthetic-spend-CN.csv,True,direct
TXN-003706,CN,2026-02,2026-02-26,WLF-1002,sup-novex,Mirka,"Sanding discs 150 mm, coarse",schleif,240,piece,68.0,16320.0,EUR,16320.0,synthetic-spend-CN.csv,True,direct
TXN-003707,CN,2026-03,2026-03-11,WLF-1002,sup-novex,Mirka,"Sanding discs 150 mm, coarse",schleif,314,piece,68.0,21352.0,EUR,21352.0,synthetic-spend-CN.csv,True,direct
TXN-003708,CN,2026-04,2026-04-01,WLF-1002,sup-novex,Mirka,"Sanding discs 150 mm, coarse",schleif,270,piece,68.0,18360.0,EUR,18360.0,synthetic-spend-CN.csv,True,direct
TXN-003709,CN,2026-05,2026-05-24,WLF-1002,sup-novex,Mirka,"Sanding discs 150 mm, coarse",schleif,330,piece,68.0,22440.0,EUR,22440.0,synthetic-spend-CN.csv,True,direct
TXN-003710,CN,2026-06,2026-06-10,WLF-1002,sup-novex,Mirka,"Sanding discs 150 mm, coarse",schleif,110,piece,68.0,7480.0,EUR,7480.0,synthetic-spend-CN.csv,True,direct
TXN-003711,CN,2026-07,2026-07-04,WLF-1002,sup-novex,Mirka,"Sanding discs 150 mm, coarse",schleif,60,piece,68.0,4080.0,EUR,4080.0,synthetic-spend-CN.csv,True,direct
TXN-003712,CN,2026-08,2026-08-05,WLF-1002,sup-novex,Mirka,"Sanding discs 150 mm, coarse",schleif,300,piece,68.0,20400.0,EUR,20400.0,synthetic-spend-CN.csv,True,direct
TXN-003713,CN,2026-01,2026-01-10,WLF-1003,sup-arcus,SATA,Standard masking tape,kleb,27,piece,25.56,690.12,EUR,690.12,synthetic-spend-CN.csv,True,indirect
TXN-003714,CN,2026-02,2026-02-11,WLF-1003,sup-arcus,SATA,Standard masking tape,kleb,184,piece,25.56,4703.04,EUR,4703.04,synthetic-spend-CN.csv,True,indirect
TXN-003715,CN,2026-03,2026-03-19,WLF-1003,sup-arcus,SATA,Standard masking tape,kleb,303,piece,25.56,7744.68,EUR,7744.68,synthetic-spend-CN.csv,True,indirect
TXN-003716,CN,2026-04,2026-04-13,WLF-1003,sup-arcus,SATA,Standard masking tape,kleb,82,piece,25.56,2095.92,EUR,2095.92,synthetic-spend-CN.csv,True,indirect
TXN-003717,CN,2026-05,2026-05-18,WLF-1003,sup-arcus,SATA,Standard masking tape,kleb,255,piece,25.56,6517.8,EUR,6517.8,synthetic-spend-CN.csv,True,indirect
TXN-003718,CN,2026-06,2026-06-24,WLF-1003,sup-arcus,SATA,Standard masking tape,kleb,50,piece,25.56,1278.0,EUR,1278.0,synthetic-spend-CN.csv,True,indirect
TXN-003719,CN,2026-07,2026-07-07,WLF-1003,sup-arcus,SATA,Standard masking tape,kleb,220,piece,25.56,5623.2,EUR,5623.2,synthetic-spend-CN.csv,True,indirect
TXN-003720,CN,2026-08,2026-08-26,WLF-1003,sup-arcus,SATA,Standard masking tape,kleb,219,piece,25.56,5597.64,EUR,5597.64,synthetic-spend-CN.csv,True,indirect
TXN-003721,CN,2026-01,2026-01-12,WLF-1004,sup-cobalt,tesa,Cutting compound (coarse/medium),polier,80,piece,25.29,2023.2,EUR,2023.2,synthetic-spend-CN.csv,True,direct
TXN-003722,CN,2026-02,2026-02-24,WLF-1004,sup-cobalt,tesa,Cutting compound (coarse/medium),polier,160,piece,25.29,4046.4,EUR,4046.4,synthetic-spend-CN.csv,True,direct
TXN-003723,CN,2026-03,2026-03-21,WLF-1004,sup-cobalt,tesa,Cutting compound (coarse/medium),polier,170,piece,25.29,4299.3,EUR,4299.3,synthetic-spend-CN.csv,True,direct
TXN-003724,CN,2026-04,2026-04-18,WLF-1004,sup-cobalt,tesa,Cutting compound (coarse/medium),polier,169,piece,25.29,4274.01,EUR,4274.01,synthetic-spend-CN.csv,True,direct
TXN-003725,CN,2026-05,2026-05-24,WLF-1004,sup-cobalt,tesa,Cutting compound (coarse/medium),polier,210,piece,25.29,5310.9,EUR,5310.9,synthetic-spend-CN.csv,True,direct
TXN-003726,CN,2026-06,2026-06-27,WLF-1004,sup-cobalt,tesa,Cutting compound (coarse/medium),polier,297,piece,25.29,7511.13,EUR,7511.13,synthetic-spend-CN.csv,True,direct
TXN-003727,CN,2026-07,2026-07-28,WLF-1004,sup-cobalt,tesa,Cutting compound (coarse/medium),polier,127,piece,25.29,3211.83,EUR,3211.83,synthetic-spend-CN.csv,True,direct
TXN-003728,CN,2026-08,2026-08-25,WLF-1004,sup-cobalt,tesa,Cutting compound (coarse/medium),polier,266,piece,25.29,6727.14,EUR,6727.14,synthetic-spend-CN.csv,True,direct
TXN-003729,CN,2026-01,2026-01-23,WLF-1005,sup-solis,PPG / Nexa,Solvent-based silicone remover,kabine,36,piece,53.96,1942.56,EUR,1942.56,synthetic-spend-CN.csv,True,direct
TXN-003730,CN,2026-02,2026-02-20,WLF-1005,sup-solis,PPG / Nexa,Solvent-based silicone remover,kabine,115,piece,53.96,6205.4,EUR,6205.4,synthetic-spend-CN.csv,True,direct
TXN-003731,CN,2026-03,2026-03-12,WLF-1005,sup-solis,PPG / Nexa,Solvent-based silicone remover,kabine,187,piece,53.96,10090.52,EUR,10090.52,synthetic-spend-CN.csv,True,direct
TXN-003732,CN,2026-04,2026-04-12,WLF-1005,sup-solis,PPG / Nexa,Solvent-based silicone remover,kabine,293,piece,53.96,15810.28,EUR,15810.28,synthetic-spend-CN.csv,True,direct
TXN-003733,CN,2026-05,2026-05-17,WLF-1005,sup-solis,PPG / Nexa,Solvent-based silicone remover,kabine,215,piece,53.96,11601.4,EUR,11601.4,synthetic-spend-CN.csv,True,direct
TXN-003734,CN,2026-06,2026-06-13,WLF-1005,sup-solis,PPG / Nexa,Solvent-based silicone remover,kabine,200,piece,53.96,10792.0,EUR,10792.0,synthetic-spend-CN.csv,True,direct
TXN-003735,CN,2026-07,2026-07-02,WLF-1005,sup-solis,PPG / Nexa,Solvent-based silicone remover,kabine,140,piece,53.96,7554.4,EUR,7554.4,synthetic-spend-CN.csv,True,direct
TXN-003736,CN,2026-08,2026-08-13,WLF-1005,sup-solis,PPG / Nexa,Solvent-based silicone remover,kabine,287,piece,53.96,15486.52,EUR,15486.52,synthetic-spend-CN.csv,True,direct
TXN-003737,CN,2026-01,2026-01-26,WLF-1006,sup-orbit,Würth,Half mask / spray-painting respirator,psa,302,piece,42.87,12946.74,EUR,12946.74,synthetic-spend-CN.csv,True,indirect
TXN-003738,CN,2026-02,2026-02-05,WLF-1006,sup-orbit,Würth,Half mask / spray-painting respirator,psa,51,piece,42.87,2186.37,EUR,2186.37,synthetic-spend-CN.csv,True,indirect
TXN-003739,CN,2026-03,2026-03-12,WLF-1006,sup-orbit,Würth,Half mask / spray-painting respirator,psa,153,piece,42.87,6559.11,EUR,6559.11,synthetic-spend-CN.csv,True,indirect
TXN-003740,CN,2026-04,2026-04-21,WLF-1006,sup-orbit,Würth,Half mask / spray-painting respirator,psa,156,piece,42.87,6687.72,EUR,6687.72,synthetic-spend-CN.csv,True,indirect
TXN-003741,CN,2026-05,2026-05-10,WLF-1006,sup-orbit,Würth,Half mask / spray-painting respirator,psa,68,piece,42.87,2915.16,EUR,2915.16,synthetic-spend-CN.csv,True,indirect
TXN-003742,CN,2026-06,2026-06-06,WLF-1006,sup-orbit,Würth,Half mask / spray-painting respirator,psa,179,piece,42.87,7673.73,EUR,7673.73,synthetic-spend-CN.csv,True,indirect
TXN-003743,CN,2026-07,2026-07-07,WLF-1006,sup-orbit,Würth,Half mask / spray-painting respirator,psa,164,piece,42.87,7030.68,EUR,7030.68,synthetic-spend-CN.csv,True,indirect
TXN-003744,CN,2026-08,2026-08-25,WLF-1006,sup-orbit,Würth,Half mask / spray-painting respirator,psa,175,piece,42.87,7502.25,EUR,7502.25,synthetic-spend-CN.csv,True,indirect
TXN-003745,CN,2026-01,2026-01-02,WLF-1007,sup-helio,Kovax,"Random orbital sander 150 mm, 5 mm orbit",werkstatt,31,piece,52.62,1631.22,EUR,1631.22,synthetic-spend-CN.csv,True,direct
TXN-003746,CN,2026-02,2026-02-14,WLF-1007,sup-helio,Kovax,"Random orbital sander 150 mm, 5 mm orbit",werkstatt,25,piece,52.62,1315.5,EUR,1315.5,synthetic-spend-CN.csv,True,direct
TXN-003747,CN,2026-03,2026-03-20,WLF-1007,sup-helio,Kovax,"Random orbital sander 150 mm, 5 mm orbit",werkstatt,192,piece,52.62,10103.04,EUR,10103.04,synthetic-spend-CN.csv,True,direct
TXN-003748,CN,2026-04,2026-04-28,WLF-1007,sup-helio,Kovax,"Random orbital sander 150 mm, 5 mm orbit",werkstatt,225,piece,52.62,11839.5,EUR,11839.5,synthetic-spend-CN.csv,True,direct
TXN-003749,CN,2026-05,2026-05-10,WLF-1007,sup-helio,Kovax,"Random orbital sander 150 mm, 5 mm orbit",werkstatt,198,piece,52.62,10418.76,EUR,10418.76,synthetic-spend-CN.csv,True,direct
TXN-003750,CN,2026-06,2026-06-05,WLF-1007,sup-helio,Kovax,"Random orbital sander 150 mm, 5 mm orbit",werkstatt,256,piece,52.62,13470.72,EUR,13470.72,synthetic-spend-CN.csv,True,direct
TXN-003751,CN,2026-07,2026-07-10,WLF-1007,sup-helio,Kovax,"Random orbital sander 150 mm, 5 mm orbit",werkstatt,328,piece,52.62,17259.36,EUR,17259.36,synthetic-spend-CN.csv,True,direct
TXN-003752,CN,2026-08,2026-08-14,WLF-1007,sup-helio,Kovax,"Random orbital sander 150 mm, 5 mm orbit",werkstatt,288,piece,52.62,15154.56,EUR,15154.56,synthetic-spend-CN.csv,True,direct
TXN-003753,CN,2026-01,2026-01-11,WLF-1008,sup-vanta,Starcke,Paint cup for compressed-air spray gun,lack,141,piece,102.33,14428.53,EUR,14428.53,synthetic-spend-CN.csv,True,direct
TXN-003754,CN,2026-02,2026-02-27,WLF-1008,sup-vanta,Starcke,Paint cup for compressed-air spray gun,lack,303,piece,102.33,31005.99,EUR,31005.99,synthetic-spend-CN.csv,True,direct
TXN-003755,CN,2026-03,2026-03-13,WLF-1008,sup-vanta,Starcke,Paint cup for compressed-air spray gun,lack,69,piece,102.33,7060.77,EUR,7060.77,synthetic-spend-CN.csv,True,direct
TXN-003756,CN,2026-04,2026-04-18,WLF-1008,sup-vanta,Starcke,Paint cup for compressed-air spray gun,lack,95,piece,102.33,9721.35,EUR,9721.35,synthetic-spend-CN.csv,True,direct
TXN-003757,CN,2026-05,2026-05-14,WLF-1008,sup-vanta,Starcke,Paint cup for compressed-air spray gun,lack,266,piece,102.33,27219.78,EUR,27219.78,synthetic-spend-CN.csv,True,direct
TXN-003758,CN,2026-06,2026-06-11,WLF-1008,sup-vanta,Starcke,Paint cup for compressed-air spray gun,lack,79,piece,102.33,8084.07,EUR,8084.07,synthetic-spend-CN.csv,True,direct
TXN-003759,CN,2026-07,2026-07-07,WLF-1008,sup-vanta,Starcke,Paint cup for compressed-air spray gun,lack,275,piece,102.33,28140.75,EUR,28140.75,synthetic-spend-CN.csv,True,direct
TXN-003760,CN,2026-08,2026-08-11,WLF-1008,sup-vanta,Starcke,Paint cup for compressed-air spray gun,lack,149,piece,102.33,15247.17,EUR,15247.17,synthetic-spend-CN.csv,True,direct
TXN-003761,CN,2026-01,2026-01-01,WLF-1009,sup-aster,3M,"Sanding discs 150 mm, intermediate",schleif,259,piece,35.07,9083.13,EUR,9083.13,synthetic-spend-CN.csv,True,indirect
TXN-003762,CN,2026-02,2026-02-11,WLF-1009,sup-aster,3M,"Sanding discs 150 mm, intermediate",schleif,175,piece,35.07,6137.25,EUR,6137.25,synthetic-spend-CN.csv,True,indirect
TXN-003763,CN,2026-03,2026-03-06,WLF-1009,sup-aster,3M,"Sanding discs 150 mm, intermediate",schleif,121,piece,35.07,4243.47,EUR,4243.47,synthetic-spend-CN.csv,True,indirect
TXN-003764,CN,2026-04,2026-04-13,WLF-1009,sup-aster,3M,"Sanding discs 150 mm, intermediate",schleif,43,piece,35.07,1508.01,EUR,1508.01,synthetic-spend-CN.csv,True,indirect
TXN-003765,CN,2026-05,2026-05-21,WLF-1009,sup-aster,3M,"Sanding discs 150 mm, intermediate",schleif,230,piece,35.07,8066.1,EUR,8066.1,synthetic-spend-CN.csv,True,indirect
TXN-003766,CN,2026-06,2026-06-04,WLF-1009,sup-aster,3M,"Sanding discs 150 mm, intermediate",schleif,50,piece,35.07,1753.5,EUR,1753.5,synthetic-spend-CN.csv,True,indirect
TXN-003767,CN,2026-07,2026-07-10,WLF-1009,sup-aster,3M,"Sanding discs 150 mm, intermediate",schleif,86,piece,35.07,3016.02,EUR,3016.02,synthetic-spend-CN.csv,True,indirect
TXN-003768,CN,2026-08,2026-08-18,WLF-1009,sup-aster,3M,"Sanding discs 150 mm, intermediate",schleif,158,piece,35.07,5541.06,EUR,5541.06,synthetic-spend-CN.csv,True,indirect
TXN-003769,CN,2026-01,2026-01-16,WLF-1010,sup-velora,Glasurit (BASF),Fine-line tape,kleb,312,piece,21.57,6729.84,EUR,6729.84,synthetic-spend-CN.csv,True,direct
TXN-003770,CN,2026-02,2026-02-05,WLF-1010,sup-velora,Glasurit (BASF),Fine-line tape,kleb,144,piece,21.57,3106.08,EUR,3106.08,synthetic-spend-CN.csv,True,direct
TXN-003771,CN,2026-03,2026-03-22,WLF-1010,sup-velora,Glasurit (BASF),Fine-line tape,kleb,138,piece,21.57,2976.66,EUR,2976.66,synthetic-spend-CN.csv,True,direct
TXN-003772,CN,2026-04,2026-04-27,WLF-1010,sup-velora,Glasurit (BASF),Fine-line tape,kleb,109,piece,21.57,2351.13,EUR,2351.13,synthetic-spend-CN.csv,True,direct
TXN-003773,CN,2026-05,2026-05-15,WLF-1010,sup-velora,Glasurit (BASF),Fine-line tape,kleb,261,piece,21.57,5629.77,EUR,5629.77,synthetic-spend-CN.csv,True,direct
TXN-003774,CN,2026-06,2026-06-20,WLF-1010,sup-velora,Glasurit (BASF),Fine-line tape,kleb,256,piece,21.57,5521.92,EUR,5521.92,synthetic-spend-CN.csv,True,direct
TXN-003775,CN,2026-07,2026-07-15,WLF-1010,sup-velora,Glasurit (BASF),Fine-line tape,kleb,328,piece,21.57,7074.96,EUR,7074.96,synthetic-spend-CN.csv,True,direct
TXN-003776,CN,2026-08,2026-08-25,WLF-1010,sup-velora,Glasurit (BASF),Fine-line tape,kleb,50,piece,21.57,1078.5,EUR,1078.5,synthetic-spend-CN.csv,True,direct
TXN-003777,CN,2026-01,2026-01-03,WLF-1011,sup-lumen,Finixa,Polish (fine / anti-hologram),polier,306,piece,11.13,3405.78,EUR,3405.78,synthetic-spend-CN.csv,True,direct
TXN-003778,CN,2026-02,2026-02-03,WLF-1011,sup-lumen,Finixa,Polish (fine / anti-hologram),polier,122,piece,11.13,1357.86,EUR,1357.86,synthetic-spend-CN.csv,True,direct
TXN-003779,CN,2026-03,2026-03-19,WLF-1011,sup-lumen,Finixa,Polish (fine / anti-hologram),polier,116,piece,11.13,1291.08,EUR,1291.08,synthetic-spend-CN.csv,True,direct
TXN-003780,CN,2026-04,2026-04-27,WLF-1011,sup-lumen,Finixa,Polish (fine / anti-hologram),polier,277,piece,11.13,3083.01,EUR,3083.01,synthetic-spend-CN.csv,True,direct
TXN-003781,CN,2026-05,2026-05-15,WLF-1011,sup-lumen,Finixa,Polish (fine / anti-hologram),polier,246,piece,11.13,2737.98,EUR,2737.98,synthetic-spend-CN.csv,True,direct
TXN-003782,CN,2026-06,2026-06-22,WLF-1011,sup-lumen,Finixa,Polish (fine / anti-hologram),polier,74,piece,11.13,823.62,EUR,823.62,synthetic-spend-CN.csv,True,direct
TXN-003783,CN,2026-07,2026-07-19,WLF-1011,sup-lumen,Finixa,Polish (fine / anti-hologram),polier,115,piece,11.13,1279.95,EUR,1279.95,synthetic-spend-CN.csv,True,direct
TXN-003784,CN,2026-08,2026-08-10,WLF-1011,sup-lumen,Finixa,Polish (fine / anti-hologram),polier,83,piece,11.13,923.79,EUR,923.79,synthetic-spend-CN.csv,True,direct
TXN-003785,CN,2026-01,2026-01-17,WLF-1012,sup-novex,Mirka,Water-based silicone remover,kabine,128,piece,20.15,2579.2,EUR,2579.2,synthetic-spend-CN.csv,True,indirect
TXN-003786,CN,2026-02,2026-02-13,WLF-1012,sup-novex,Mirka,Water-based silicone remover,kabine,216,piece,20.15,4352.4,EUR,4352.4,synthetic-spend-CN.csv,True,indirect
TXN-003787,CN,2026-03,2026-03-25,WLF-1012,sup-novex,Mirka,Water-based silicone remover,kabine,291,piece,20.15,5863.65,EUR,5863.65,synthetic-spend-CN.csv,True,indirect
TXN-003788,CN,2026-04,2026-04-02,WLF-1012,sup-novex,Mirka,Water-based silicone remover,kabine,97,piece,20.15,1954.55,EUR,1954.55,synthetic-spend-CN.csv,True,indirect
TXN-003789,CN,2026-05,2026-05-04,WLF-1012,sup-novex,Mirka,Water-based silicone remover,kabine,300,piece,20.15,6045.0,EUR,6045.0,synthetic-spend-CN.csv,True,indirect
TXN-003790,CN,2026-06,2026-06-03,WLF-1012,sup-novex,Mirka,Water-based silicone remover,kabine,163,piece,20.15,3284.45,EUR,3284.45,synthetic-spend-CN.csv,True,indirect
TXN-003791,CN,2026-07,2026-07-18,WLF-1012,sup-novex,Mirka,Water-based silicone remover,kabine,269,piece,20.15,5420.35,EUR,5420.35,synthetic-spend-CN.csv,True,indirect
TXN-003792,CN,2026-08,2026-08-11,WLF-1012,sup-novex,Mirka,Water-based silicone remover,kabine,246,piece,20.15,4956.9,EUR,4956.9,synthetic-spend-CN.csv,True,indirect
TXN-003793,CN,2026-01,2026-01-28,WLF-1013,sup-arcus,SATA,A2 filter cartridges,psa,263,piece,6.18,1625.34,EUR,1625.34,synthetic-spend-CN.csv,True,direct
TXN-003794,CN,2026-02,2026-02-21,WLF-1013,sup-arcus,SATA,A2 filter cartridges,psa,237,piece,6.18,1464.66,EUR,1464.66,synthetic-spend-CN.csv,True,direct
TXN-003795,CN,2026-03,2026-03-10,WLF-1013,sup-arcus,SATA,A2 filter cartridges,psa,185,piece,6.18,1143.3,EUR,1143.3,synthetic-spend-CN.csv,True,direct
TXN-003796,CN,2026-04,2026-04-25,WLF-1013,sup-arcus,SATA,A2 filter cartridges,psa,231,piece,6.18,1427.58,EUR,1427.58,synthetic-spend-CN.csv,True,direct
TXN-003797,CN,2026-05,2026-05-15,WLF-1013,sup-arcus,SATA,A2 filter cartridges,psa,212,piece,6.18,1310.16,EUR,1310.16,synthetic-spend-CN.csv,True,direct
TXN-003798,CN,2026-06,2026-06-25,WLF-1013,sup-arcus,SATA,A2 filter cartridges,psa,39,piece,6.18,241.02,EUR,241.02,synthetic-spend-CN.csv,True,direct
TXN-003799,CN,2026-07,2026-07-05,WLF-1013,sup-arcus,SATA,A2 filter cartridges,psa,135,piece,6.18,834.3,EUR,834.3,synthetic-spend-CN.csv,True,direct
TXN-003800,CN,2026-08,2026-08-14,WLF-1013,sup-arcus,SATA,A2 filter cartridges,psa,190,piece,6.18,1174.2,EUR,1174.2,synthetic-spend-CN.csv,True,direct
TXN-003801,CN,2026-01,2026-01-21,WLF-1014,sup-cobalt,tesa,Random orbital sander 77 mm,werkstatt,228,piece,49.11,11197.08,EUR,11197.08,synthetic-spend-CN.csv,True,direct
TXN-003802,CN,2026-02,2026-02-08,WLF-1014,sup-cobalt,tesa,Random orbital sander 77 mm,werkstatt,153,piece,49.11,7513.83,EUR,7513.83,synthetic-spend-CN.csv,True,direct
TXN-003803,CN,2026-03,2026-03-18,WLF-1014,sup-cobalt,tesa,Random orbital sander 77 mm,werkstatt,312,piece,49.11,15322.32,EUR,15322.32,synthetic-spend-CN.csv,True,direct
TXN-003804,CN,2026-04,2026-04-07,WLF-1014,sup-cobalt,tesa,Random orbital sander 77 mm,werkstatt,249,piece,49.11,12228.39,EUR,12228.39,synthetic-spend-CN.csv,True,direct
TXN-003805,CN,2026-05,2026-05-27,WLF-1014,sup-cobalt,tesa,Random orbital sander 77 mm,werkstatt,127,piece,49.11,6236.97,EUR,6236.97,synthetic-spend-CN.csv,True,direct
TXN-003806,CN,2026-06,2026-06-12,WLF-1014,sup-cobalt,tesa,Random orbital sander 77 mm,werkstatt,118,piece,49.11,5794.98,EUR,5794.98,synthetic-spend-CN.csv,True,direct
TXN-003807,CN,2026-07,2026-07-20,WLF-1014,sup-cobalt,tesa,Random orbital sander 77 mm,werkstatt,140,piece,49.11,6875.4,EUR,6875.4,synthetic-spend-CN.csv,True,direct
TXN-003808,CN,2026-08,2026-08-16,WLF-1014,sup-cobalt,tesa,Random orbital sander 77 mm,werkstatt,239,piece,49.11,11737.29,EUR,11737.29,synthetic-spend-CN.csv,True,direct
TXN-003809,CN,2026-01,2026-01-17,WLF-1015,sup-solis,PPG / Nexa,Paint strainers 125 µ / 200 µ,lack,239,piece,77.59,18544.01,EUR,18544.01,synthetic-spend-CN.csv,True,indirect
TXN-003810,CN,2026-02,2026-02-24,WLF-1015,sup-solis,PPG / Nexa,Paint strainers 125 µ / 200 µ,lack,226,piece,77.59,17535.34,EUR,17535.34,synthetic-spend-CN.csv,True,indirect
TXN-003811,CN,2026-03,2026-03-12,WLF-1015,sup-solis,PPG / Nexa,Paint strainers 125 µ / 200 µ,lack,242,piece,77.59,18776.78,EUR,18776.78,synthetic-spend-CN.csv,True,indirect
TXN-003812,CN,2026-04,2026-04-17,WLF-1015,sup-solis,PPG / Nexa,Paint strainers 125 µ / 200 µ,lack,298,piece,77.59,23121.82,EUR,23121.82,synthetic-spend-CN.csv,True,indirect
TXN-003813,CN,2026-05,2026-05-20,WLF-1015,sup-solis,PPG / Nexa,Paint strainers 125 µ / 200 µ,lack,99,piece,77.59,7681.41,EUR,7681.41,synthetic-spend-CN.csv,True,indirect
TXN-003814,CN,2026-06,2026-06-19,WLF-1015,sup-solis,PPG / Nexa,Paint strainers 125 µ / 200 µ,lack,328,piece,77.59,25449.52,EUR,25449.52,synthetic-spend-CN.csv,True,indirect
TXN-003815,CN,2026-07,2026-07-17,WLF-1015,sup-solis,PPG / Nexa,Paint strainers 125 µ / 200 µ,lack,266,piece,77.59,20638.94,EUR,20638.94,synthetic-spend-CN.csv,True,indirect
TXN-003816,CN,2026-08,2026-08-27,WLF-1015,sup-solis,PPG / Nexa,Paint strainers 125 µ / 200 µ,lack,72,piece,77.59,5586.48,EUR,5586.48,synthetic-spend-CN.csv,True,indirect
TXN-003817,CN,2026-01,2026-01-23,WLF-1016,sup-orbit,Würth,"Sanding discs 150 mm, fine",schleif,33,piece,50.55,1668.15,EUR,1668.15,synthetic-spend-CN.csv,True,direct
TXN-003818,CN,2026-02,2026-02-26,WLF-1016,sup-orbit,Würth,"Sanding discs 150 mm, fine",schleif,120,piece,50.55,6066.0,EUR,6066.0,synthetic-spend-CN.csv,True,direct
TXN-003819,CN,2026-03,2026-03-02,WLF-1016,sup-orbit,Würth,"Sanding discs 150 mm, fine",schleif,41,piece,50.55,2072.55,EUR,2072.55,synthetic-spend-CN.csv,True,direct
TXN-003820,CN,2026-04,2026-04-22,WLF-1016,sup-orbit,Würth,"Sanding discs 150 mm, fine",schleif,242,piece,50.55,12233.1,EUR,12233.1,synthetic-spend-CN.csv,True,direct
TXN-003821,CN,2026-05,2026-05-05,WLF-1016,sup-orbit,Würth,"Sanding discs 150 mm, fine",schleif,54,piece,50.55,2729.7,EUR,2729.7,synthetic-spend-CN.csv,True,direct
TXN-003822,CN,2026-06,2026-06-09,WLF-1016,sup-orbit,Würth,"Sanding discs 150 mm, fine",schleif,63,piece,50.55,3184.65,EUR,3184.65,synthetic-spend-CN.csv,True,direct
TXN-003823,CN,2026-07,2026-07-07,WLF-1016,sup-orbit,Würth,"Sanding discs 150 mm, fine",schleif,217,piece,50.55,10969.35,EUR,10969.35,synthetic-spend-CN.csv,True,direct
TXN-003824,CN,2026-08,2026-08-19,WLF-1016,sup-orbit,Würth,"Sanding discs 150 mm, fine",schleif,190,piece,50.55,9604.5,EUR,9604.5,synthetic-spend-CN.csv,True,direct
TXN-003825,CN,2026-01,2026-01-03,WLF-1017,sup-helio,Kovax,Contour tape,kleb,44,piece,17.18,755.92,EUR,755.92,synthetic-spend-CN.csv,False,direct
TXN-003826,CN,2026-02,2026-02-28,WLF-1017,sup-helio,Kovax,Contour tape,kleb,272,piece,17.18,4672.96,EUR,4672.96,synthetic-spend-CN.csv,False,direct
TXN-003827,CN,2026-03,2026-03-23,WLF-1017,sup-helio,Kovax,Contour tape,kleb,208,piece,17.18,3573.44,EUR,3573.44,synthetic-spend-CN.csv,False,direct
TXN-003828,CN,2026-04,2026-04-07,WLF-1017,sup-helio,Kovax,Contour tape,kleb,134,piece,17.18,2302.12,EUR,2302.12,synthetic-spend-CN.csv,False,direct
TXN-003829,CN,2026-05,2026-05-16,WLF-1017,sup-helio,Kovax,Contour tape,kleb,263,piece,17.18,4518.34,EUR,4518.34,synthetic-spend-CN.csv,False,direct
TXN-003830,CN,2026-06,2026-06-26,WLF-1017,sup-helio,Kovax,Contour tape,kleb,199,piece,17.18,3418.82,EUR,3418.82,synthetic-spend-CN.csv,False,direct
TXN-003831,CN,2026-07,2026-07-10,WLF-1017,sup-helio,Kovax,Contour tape,kleb,137,piece,17.18,2353.66,EUR,2353.66,synthetic-spend-CN.csv,False,direct
TXN-003832,CN,2026-08,2026-08-15,WLF-1017,sup-helio,Kovax,Contour tape,kleb,43,piece,17.18,738.74,EUR,738.74,synthetic-spend-CN.csv,False,direct
TXN-003833,CN,2026-01,2026-01-27,WLF-1018,sup-vanta,Starcke,One-step cutting and polishing compound,polier,89,piece,31.54,2807.06,EUR,2807.06,synthetic-spend-CN.csv,False,indirect
TXN-003834,CN,2026-02,2026-02-19,WLF-1018,sup-vanta,Starcke,One-step cutting and polishing compound,polier,99,piece,31.54,3122.46,EUR,3122.46,synthetic-spend-CN.csv,False,indirect
TXN-003835,CN,2026-03,2026-03-04,WLF-1018,sup-vanta,Starcke,One-step cutting and polishing compound,polier,284,piece,31.54,8957.36,EUR,8957.36,synthetic-spend-CN.csv,False,indirect
TXN-003836,CN,2026-04,2026-04-26,WLF-1018,sup-vanta,Starcke,One-step cutting and polishing compound,polier,145,piece,31.54,4573.3,EUR,4573.3,synthetic-spend-CN.csv,False,indirect
TXN-003837,CN,2026-05,2026-05-13,WLF-1018,sup-vanta,Starcke,One-step cutting and polishing compound,polier,282,piece,31.54,8894.28,EUR,8894.28,synthetic-spend-CN.csv,False,indirect
TXN-003838,CN,2026-06,2026-06-19,WLF-1018,sup-vanta,Starcke,One-step cutting and polishing compound,polier,324,piece,31.54,10218.96,EUR,10218.96,synthetic-spend-CN.csv,False,indirect
TXN-003839,CN,2026-07,2026-07-06,WLF-1018,sup-vanta,Starcke,One-step cutting and polishing compound,polier,93,piece,31.54,2933.22,EUR,2933.22,synthetic-spend-CN.csv,False,indirect
TXN-003840,CN,2026-08,2026-08-17,WLF-1018,sup-vanta,Starcke,One-step cutting and polishing compound,polier,204,piece,31.54,6434.16,EUR,6434.16,synthetic-spend-CN.csv,False,indirect
TXN-003841,CN,2026-01,2026-01-24,WLF-1019,sup-aster,3M,Pre-saturated cleaning wipes,kabine,220,piece,99.99,21997.8,EUR,21997.8,synthetic-spend-CN.csv,False,direct
TXN-003842,CN,2026-02,2026-02-12,WLF-1019,sup-aster,3M,Pre-saturated cleaning wipes,kabine,328,piece,99.99,32796.72,EUR,32796.72,synthetic-spend-CN.csv,False,direct
TXN-003843,CN,2026-03,2026-03-02,WLF-1019,sup-aster,3M,Pre-saturated cleaning wipes,kabine,104,piece,99.99,10398.96,EUR,10398.96,synthetic-spend-CN.csv,False,direct
TXN-003844,CN,2026-04,2026-04-07,WLF-1019,sup-aster,3M,Pre-saturated cleaning wipes,kabine,237,piece,99.99,23697.63,EUR,23697.63,synthetic-spend-CN.csv,False,direct
TXN-003845,CN,2026-05,2026-05-28,WLF-1019,sup-aster,3M,Pre-saturated cleaning wipes,kabine,89,piece,99.99,8899.11,EUR,8899.11,synthetic-spend-CN.csv,False,direct
TXN-003846,CN,2026-06,2026-06-11,WLF-1019,sup-aster,3M,Pre-saturated cleaning wipes,kabine,154,piece,99.99,15398.46,EUR,15398.46,synthetic-spend-CN.csv,False,direct
TXN-003847,CN,2026-07,2026-07-17,WLF-1019,sup-aster,3M,Pre-saturated cleaning wipes,kabine,259,piece,99.99,25897.41,EUR,25897.41,synthetic-spend-CN.csv,False,direct
TXN-003848,CN,2026-08,2026-08-19,WLF-1019,sup-aster,3M,Pre-saturated cleaning wipes,kabine,107,piece,99.99,10698.93,EUR,10698.93,synthetic-spend-CN.csv,False,direct
TXN-003849,CN,2026-01,2026-01-26,WLF-1020,sup-velora,Glasurit (BASF),P3 particulate filters,psa,175,piece,36.54,6394.5,EUR,6394.5,synthetic-spend-CN.csv,False,direct
TXN-003850,CN,2026-02,2026-02-13,WLF-1020,sup-velora,Glasurit (BASF),P3 particulate filters,psa,157,piece,36.54,5736.78,EUR,5736.78,synthetic-spend-CN.csv,False,direct
TXN-003851,CN,2026-03,2026-03-02,WLF-1020,sup-velora,Glasurit (BASF),P3 particulate filters,psa,31,piece,36.54,1132.74,EUR,1132.74,synthetic-spend-CN.csv,False,direct
TXN-003852,CN,2026-04,2026-04-04,WLF-1020,sup-velora,Glasurit (BASF),P3 particulate filters,psa,247,piece,36.54,9025.38,EUR,9025.38,synthetic-spend-CN.csv,False,direct
TXN-003853,CN,2026-05,2026-05-08,WLF-1020,sup-velora,Glasurit (BASF),P3 particulate filters,psa,235,piece,36.54,8586.9,EUR,8586.9,synthetic-spend-CN.csv,False,direct
TXN-003854,CN,2026-06,2026-06-20,WLF-1020,sup-velora,Glasurit (BASF),P3 particulate filters,psa,291,piece,36.54,10633.14,EUR,10633.14,synthetic-spend-CN.csv,False,direct
TXN-003855,CN,2026-07,2026-07-28,WLF-1020,sup-velora,Glasurit (BASF),P3 particulate filters,psa,244,piece,36.54,8915.76,EUR,8915.76,synthetic-spend-CN.csv,False,direct
TXN-003856,CN,2026-08,2026-08-24,WLF-1020,sup-velora,Glasurit (BASF),P3 particulate filters,psa,171,piece,36.54,6248.34,EUR,6248.34,synthetic-spend-CN.csv,False,direct
TXN-003857,CN,2026-01,2026-01-19,WLF-1021,sup-lumen,Finixa,Electric random orbital sander 150 mm,werkstatt,220,piece,18.57,4085.4,EUR,4085.4,synthetic-spend-CN.csv,False,indirect
TXN-003858,CN,2026-02,2026-02-22,WLF-1021,sup-lumen,Finixa,Electric random orbital sander 150 mm,werkstatt,230,piece,18.57,4271.1,EUR,4271.1,synthetic-spend-CN.csv,False,indirect
TXN-003859,CN,2026-03,2026-03-22,WLF-1021,sup-lumen,Finixa,Electric random orbital sander 150 mm,werkstatt,52,piece,18.57,965.64,EUR,965.64,synthetic-spend-CN.csv,False,indirect
TXN-003860,CN,2026-04,2026-04-09,WLF-1021,sup-lumen,Finixa,Electric random orbital sander 150 mm,werkstatt,157,piece,18.57,2915.49,EUR,2915.49,synthetic-spend-CN.csv,False,indirect
TXN-003861,CN,2026-05,2026-05-19,WLF-1021,sup-lumen,Finixa,Electric random orbital sander 150 mm,werkstatt,214,piece,18.57,3973.98,EUR,3973.98,synthetic-spend-CN.csv,False,indirect
TXN-003862,CN,2026-06,2026-06-15,WLF-1021,sup-lumen,Finixa,Electric random orbital sander 150 mm,werkstatt,270,piece,18.57,5013.9,EUR,5013.9,synthetic-spend-CN.csv,False,indirect
TXN-003863,CN,2026-07,2026-07-09,WLF-1021,sup-lumen,Finixa,Electric random orbital sander 150 mm,werkstatt,102,piece,18.57,1894.14,EUR,1894.14,synthetic-spend-CN.csv,False,indirect
TXN-003864,CN,2026-08,2026-08-26,WLF-1021,sup-lumen,Finixa,Electric random orbital sander 150 mm,werkstatt,178,piece,18.57,3305.46,EUR,3305.46,synthetic-spend-CN.csv,False,indirect
TXN-003865,JP,2026-01,2026-01-24,WLF-1001,sup-novex,Mirka,Graduated mixing cup,lack,201,piece,35.19,7073.19,EUR,7073.19,synthetic-spend-JP.csv,True,direct
TXN-003866,JP,2026-02,2026-02-25,WLF-1001,sup-novex,Mirka,Graduated mixing cup,lack,114,piece,35.19,4011.66,EUR,4011.66,synthetic-spend-JP.csv,True,direct
TXN-003867,JP,2026-03,2026-03-25,WLF-1001,sup-novex,Mirka,Graduated mixing cup,lack,314,piece,35.19,11049.66,EUR,11049.66,synthetic-spend-JP.csv,True,direct
TXN-003868,JP,2026-04,2026-04-12,WLF-1001,sup-novex,Mirka,Graduated mixing cup,lack,142,piece,35.19,4996.98,EUR,4996.98,synthetic-spend-JP.csv,True,direct
TXN-003869,JP,2026-05,2026-05-04,WLF-1001,sup-novex,Mirka,Graduated mixing cup,lack,24,piece,35.19,844.56,EUR,844.56,synthetic-spend-JP.csv,True,direct
TXN-003870,JP,2026-06,2026-06-15,WLF-1001,sup-novex,Mirka,Graduated mixing cup,lack,27,piece,35.19,950.13,EUR,950.13,synthetic-spend-JP.csv,True,direct
TXN-003871,JP,2026-07,2026-07-26,WLF-1001,sup-novex,Mirka,Graduated mixing cup,lack,228,piece,35.19,8023.32,EUR,8023.32,synthetic-spend-JP.csv,True,direct
TXN-003872,JP,2026-08,2026-08-20,WLF-1001,sup-novex,Mirka,Graduated mixing cup,lack,247,piece,35.19,8691.93,EUR,8691.93,synthetic-spend-JP.csv,True,direct
TXN-003873,JP,2026-01,2026-01-20,WLF-1002,sup-arcus,SATA,"Sanding discs 150 mm, coarse",schleif,112,piece,71.15,7968.8,EUR,7968.8,synthetic-spend-JP.csv,True,indirect
TXN-003874,JP,2026-02,2026-02-17,WLF-1002,sup-arcus,SATA,"Sanding discs 150 mm, coarse",schleif,191,piece,71.15,13589.65,EUR,13589.65,synthetic-spend-JP.csv,True,indirect
TXN-003875,JP,2026-03,2026-03-16,WLF-1002,sup-arcus,SATA,"Sanding discs 150 mm, coarse",schleif,280,piece,71.15,19922.0,EUR,19922.0,synthetic-spend-JP.csv,True,indirect
TXN-003876,JP,2026-04,2026-04-13,WLF-1002,sup-arcus,SATA,"Sanding discs 150 mm, coarse",schleif,272,piece,71.15,19352.8,EUR,19352.8,synthetic-spend-JP.csv,True,indirect
TXN-003877,JP,2026-05,2026-05-27,WLF-1002,sup-arcus,SATA,"Sanding discs 150 mm, coarse",schleif,291,piece,71.15,20704.65,EUR,20704.65,synthetic-spend-JP.csv,True,indirect
TXN-003878,JP,2026-06,2026-06-22,WLF-1002,sup-arcus,SATA,"Sanding discs 150 mm, coarse",schleif,158,piece,71.15,11241.7,EUR,11241.7,synthetic-spend-JP.csv,True,indirect
TXN-003879,JP,2026-07,2026-07-20,WLF-1002,sup-arcus,SATA,"Sanding discs 150 mm, coarse",schleif,207,piece,71.15,14728.05,EUR,14728.05,synthetic-spend-JP.csv,True,indirect
TXN-003880,JP,2026-08,2026-08-09,WLF-1002,sup-arcus,SATA,"Sanding discs 150 mm, coarse",schleif,301,piece,71.15,21416.15,EUR,21416.15,synthetic-spend-JP.csv,True,indirect
TXN-003881,JP,2026-01,2026-01-10,WLF-1003,sup-cobalt,tesa,Standard masking tape,kleb,287,piece,26.56,7622.72,EUR,7622.72,synthetic-spend-JP.csv,True,direct
TXN-003882,JP,2026-02,2026-02-12,WLF-1003,sup-cobalt,tesa,Standard masking tape,kleb,71,piece,26.56,1885.76,EUR,1885.76,synthetic-spend-JP.csv,True,direct
TXN-003883,JP,2026-03,2026-03-25,WLF-1003,sup-cobalt,tesa,Standard masking tape,kleb,42,piece,26.56,1115.52,EUR,1115.52,synthetic-spend-JP.csv,True,direct
TXN-003884,JP,2026-04,2026-04-24,WLF-1003,sup-cobalt,tesa,Standard masking tape,kleb,193,piece,26.56,5126.08,EUR,5126.08,synthetic-spend-JP.csv,True,direct
TXN-003885,JP,2026-05,2026-05-13,WLF-1003,sup-cobalt,tesa,Standard masking tape,kleb,309,piece,26.56,8207.04,EUR,8207.04,synthetic-spend-JP.csv,True,direct
TXN-003886,JP,2026-06,2026-06-07,WLF-1003,sup-cobalt,tesa,Standard masking tape,kleb,325,piece,26.56,8632.0,EUR,8632.0,synthetic-spend-JP.csv,True,direct
TXN-003887,JP,2026-07,2026-07-22,WLF-1003,sup-cobalt,tesa,Standard masking tape,kleb,245,piece,26.56,6507.2,EUR,6507.2,synthetic-spend-JP.csv,True,direct
TXN-003888,JP,2026-08,2026-08-18,WLF-1003,sup-cobalt,tesa,Standard masking tape,kleb,225,piece,26.56,5976.0,EUR,5976.0,synthetic-spend-JP.csv,True,direct
TXN-003889,JP,2026-01,2026-01-26,WLF-1004,sup-solis,PPG / Nexa,Cutting compound (coarse/medium),polier,270,piece,22.41,6050.7,EUR,6050.7,synthetic-spend-JP.csv,True,direct
TXN-003890,JP,2026-02,2026-02-24,WLF-1004,sup-solis,PPG / Nexa,Cutting compound (coarse/medium),polier,280,piece,22.41,6274.8,EUR,6274.8,synthetic-spend-JP.csv,True,direct
TXN-003891,JP,2026-03,2026-03-08,WLF-1004,sup-solis,PPG / Nexa,Cutting compound (coarse/medium),polier,232,piece,22.41,5199.12,EUR,5199.12,synthetic-spend-JP.csv,True,direct
TXN-003892,JP,2026-04,2026-04-11,WLF-1004,sup-solis,PPG / Nexa,Cutting compound (coarse/medium),polier,35,piece,22.41,784.35,EUR,784.35,synthetic-spend-JP.csv,True,direct
TXN-003893,JP,2026-05,2026-05-04,WLF-1004,sup-solis,PPG / Nexa,Cutting compound (coarse/medium),polier,114,piece,22.41,2554.74,EUR,2554.74,synthetic-spend-JP.csv,True,direct
TXN-003894,JP,2026-06,2026-06-07,WLF-1004,sup-solis,PPG / Nexa,Cutting compound (coarse/medium),polier,198,piece,22.41,4437.18,EUR,4437.18,synthetic-spend-JP.csv,True,direct
TXN-003895,JP,2026-07,2026-07-24,WLF-1004,sup-solis,PPG / Nexa,Cutting compound (coarse/medium),polier,228,piece,22.41,5109.48,EUR,5109.48,synthetic-spend-JP.csv,True,direct
TXN-003896,JP,2026-08,2026-08-22,WLF-1004,sup-solis,PPG / Nexa,Cutting compound (coarse/medium),polier,323,piece,22.41,7238.43,EUR,7238.43,synthetic-spend-JP.csv,True,direct
TXN-003897,JP,2026-01,2026-01-18,WLF-1005,sup-orbit,Würth,Solvent-based silicone remover,kabine,223,piece,45.77,10206.71,EUR,10206.71,synthetic-spend-JP.csv,True,indirect
TXN-003898,JP,2026-02,2026-02-14,WLF-1005,sup-orbit,Würth,Solvent-based silicone remover,kabine,134,piece,45.77,6133.18,EUR,6133.18,synthetic-spend-JP.csv,True,indirect
TXN-003899,JP,2026-03,2026-03-17,WLF-1005,sup-orbit,Würth,Solvent-based silicone remover,kabine,168,piece,45.77,7689.36,EUR,7689.36,synthetic-spend-JP.csv,True,indirect
TXN-003900,JP,2026-04,2026-04-14,WLF-1005,sup-orbit,Würth,Solvent-based silicone remover,kabine,218,piece,45.77,9977.86,EUR,9977.86,synthetic-spend-JP.csv,True,indirect
TXN-003901,JP,2026-05,2026-05-17,WLF-1005,sup-orbit,Würth,Solvent-based silicone remover,kabine,253,piece,45.77,11579.81,EUR,11579.81,synthetic-spend-JP.csv,True,indirect
TXN-003902,JP,2026-06,2026-06-16,WLF-1005,sup-orbit,Würth,Solvent-based silicone remover,kabine,292,piece,45.77,13364.84,EUR,13364.84,synthetic-spend-JP.csv,True,indirect
TXN-003903,JP,2026-07,2026-07-09,WLF-1005,sup-orbit,Würth,Solvent-based silicone remover,kabine,134,piece,45.77,6133.18,EUR,6133.18,synthetic-spend-JP.csv,True,indirect
TXN-003904,JP,2026-08,2026-08-11,WLF-1005,sup-orbit,Würth,Solvent-based silicone remover,kabine,185,piece,45.77,8467.45,EUR,8467.45,synthetic-spend-JP.csv,True,indirect
TXN-003905,JP,2026-01,2026-01-10,WLF-1006,sup-helio,Kovax,Half mask / spray-painting respirator,psa,282,piece,20.38,5747.16,EUR,5747.16,synthetic-spend-JP.csv,True,direct
TXN-003906,JP,2026-02,2026-02-12,WLF-1006,sup-helio,Kovax,Half mask / spray-painting respirator,psa,43,piece,20.38,876.34,EUR,876.34,synthetic-spend-JP.csv,True,direct
TXN-003907,JP,2026-03,2026-03-23,WLF-1006,sup-helio,Kovax,Half mask / spray-painting respirator,psa,273,piece,20.38,5563.74,EUR,5563.74,synthetic-spend-JP.csv,True,direct
TXN-003908,JP,2026-04,2026-04-11,WLF-1006,sup-helio,Kovax,Half mask / spray-painting respirator,psa,268,piece,20.38,5461.84,EUR,5461.84,synthetic-spend-JP.csv,True,direct
TXN-003909,JP,2026-05,2026-05-09,WLF-1006,sup-helio,Kovax,Half mask / spray-painting respirator,psa,90,piece,20.38,1834.2,EUR,1834.2,synthetic-spend-JP.csv,True,direct
TXN-003910,JP,2026-06,2026-06-02,WLF-1006,sup-helio,Kovax,Half mask / spray-painting respirator,psa,240,piece,20.38,4891.2,EUR,4891.2,synthetic-spend-JP.csv,True,direct
TXN-003911,JP,2026-07,2026-07-19,WLF-1006,sup-helio,Kovax,Half mask / spray-painting respirator,psa,89,piece,20.38,1813.82,EUR,1813.82,synthetic-spend-JP.csv,True,direct
TXN-003912,JP,2026-08,2026-08-02,WLF-1006,sup-helio,Kovax,Half mask / spray-painting respirator,psa,259,piece,20.38,5278.42,EUR,5278.42,synthetic-spend-JP.csv,True,direct
TXN-003913,JP,2026-01,2026-01-14,WLF-1007,sup-vanta,Starcke,"Random orbital sander 150 mm, 5 mm orbit",werkstatt,153,piece,28.78,4403.34,EUR,4403.34,synthetic-spend-JP.csv,True,direct
TXN-003914,JP,2026-02,2026-02-06,WLF-1007,sup-vanta,Starcke,"Random orbital sander 150 mm, 5 mm orbit",werkstatt,37,piece,28.78,1064.86,EUR,1064.86,synthetic-spend-JP.csv,True,direct
TXN-003915,JP,2026-03,2026-03-03,WLF-1007,sup-vanta,Starcke,"Random orbital sander 150 mm, 5 mm orbit",werkstatt,248,piece,28.78,7137.44,EUR,7137.44,synthetic-spend-JP.csv,True,direct
TXN-003916,JP,2026-04,2026-04-11,WLF-1007,sup-vanta,Starcke,"Random orbital sander 150 mm, 5 mm orbit",werkstatt,129,piece,28.78,3712.62,EUR,3712.62,synthetic-spend-JP.csv,True,direct
TXN-003917,JP,2026-05,2026-05-19,WLF-1007,sup-vanta,Starcke,"Random orbital sander 150 mm, 5 mm orbit",werkstatt,238,piece,28.78,6849.64,EUR,6849.64,synthetic-spend-JP.csv,True,direct
TXN-003918,JP,2026-06,2026-06-21,WLF-1007,sup-vanta,Starcke,"Random orbital sander 150 mm, 5 mm orbit",werkstatt,172,piece,28.78,4950.16,EUR,4950.16,synthetic-spend-JP.csv,True,direct
TXN-003919,JP,2026-07,2026-07-09,WLF-1007,sup-vanta,Starcke,"Random orbital sander 150 mm, 5 mm orbit",werkstatt,60,piece,28.78,1726.8,EUR,1726.8,synthetic-spend-JP.csv,True,direct
TXN-003920,JP,2026-08,2026-08-07,WLF-1007,sup-vanta,Starcke,"Random orbital sander 150 mm, 5 mm orbit",werkstatt,221,piece,28.78,6360.38,EUR,6360.38,synthetic-spend-JP.csv,True,direct
TXN-003921,JP,2026-01,2026-01-09,WLF-1008,sup-aster,3M,Paint cup for compressed-air spray gun,lack,324,piece,63.2,20476.8,EUR,20476.8,synthetic-spend-JP.csv,True,indirect
TXN-003922,JP,2026-02,2026-02-15,WLF-1008,sup-aster,3M,Paint cup for compressed-air spray gun,lack,159,piece,63.2,10048.8,EUR,10048.8,synthetic-spend-JP.csv,True,indirect
TXN-003923,JP,2026-03,2026-03-24,WLF-1008,sup-aster,3M,Paint cup for compressed-air spray gun,lack,60,piece,63.2,3792.0,EUR,3792.0,synthetic-spend-JP.csv,True,indirect
TXN-003924,JP,2026-04,2026-04-25,WLF-1008,sup-aster,3M,Paint cup for compressed-air spray gun,lack,136,piece,63.2,8595.2,EUR,8595.2,synthetic-spend-JP.csv,True,indirect
TXN-003925,JP,2026-05,2026-05-18,WLF-1008,sup-aster,3M,Paint cup for compressed-air spray gun,lack,269,piece,63.2,17000.8,EUR,17000.8,synthetic-spend-JP.csv,True,indirect
TXN-003926,JP,2026-06,2026-06-14,WLF-1008,sup-aster,3M,Paint cup for compressed-air spray gun,lack,247,piece,63.2,15610.4,EUR,15610.4,synthetic-spend-JP.csv,True,indirect
TXN-003927,JP,2026-07,2026-07-28,WLF-1008,sup-aster,3M,Paint cup for compressed-air spray gun,lack,81,piece,63.2,5119.2,EUR,5119.2,synthetic-spend-JP.csv,True,indirect
TXN-003928,JP,2026-08,2026-08-03,WLF-1008,sup-aster,3M,Paint cup for compressed-air spray gun,lack,177,piece,63.2,11186.4,EUR,11186.4,synthetic-spend-JP.csv,True,indirect
TXN-003929,JP,2026-01,2026-01-10,WLF-1009,sup-velora,Glasurit (BASF),"Sanding discs 150 mm, intermediate",schleif,209,piece,52.95,11066.55,EUR,11066.55,synthetic-spend-JP.csv,True,direct
TXN-003930,JP,2026-02,2026-02-25,WLF-1009,sup-velora,Glasurit (BASF),"Sanding discs 150 mm, intermediate",schleif,261,piece,52.95,13819.95,EUR,13819.95,synthetic-spend-JP.csv,True,direct
TXN-003931,JP,2026-03,2026-03-20,WLF-1009,sup-velora,Glasurit (BASF),"Sanding discs 150 mm, intermediate",schleif,141,piece,52.95,7465.95,EUR,7465.95,synthetic-spend-JP.csv,True,direct
TXN-003932,JP,2026-04,2026-04-23,WLF-1009,sup-velora,Glasurit (BASF),"Sanding discs 150 mm, intermediate",schleif,108,piece,52.95,5718.6,EUR,5718.6,synthetic-spend-JP.csv,True,direct
TXN-003933,JP,2026-05,2026-05-24,WLF-1009,sup-velora,Glasurit (BASF),"Sanding discs 150 mm, intermediate",schleif,239,piece,52.95,12655.05,EUR,12655.05,synthetic-spend-JP.csv,True,direct
TXN-003934,JP,2026-06,2026-06-17,WLF-1009,sup-velora,Glasurit (BASF),"Sanding discs 150 mm, intermediate",schleif,149,piece,52.95,7889.55,EUR,7889.55,synthetic-spend-JP.csv,True,direct
TXN-003935,JP,2026-07,2026-07-26,WLF-1009,sup-velora,Glasurit (BASF),"Sanding discs 150 mm, intermediate",schleif,293,piece,52.95,15514.35,EUR,15514.35,synthetic-spend-JP.csv,True,direct
TXN-003936,JP,2026-08,2026-08-24,WLF-1009,sup-velora,Glasurit (BASF),"Sanding discs 150 mm, intermediate",schleif,217,piece,52.95,11490.15,EUR,11490.15,synthetic-spend-JP.csv,True,direct
TXN-003937,JP,2026-01,2026-01-21,WLF-1010,sup-lumen,Finixa,Fine-line tape,kleb,233,piece,17.7,4124.1,EUR,4124.1,synthetic-spend-JP.csv,True,direct
TXN-003938,JP,2026-02,2026-02-15,WLF-1010,sup-lumen,Finixa,Fine-line tape,kleb,241,piece,17.7,4265.7,EUR,4265.7,synthetic-spend-JP.csv,True,direct
TXN-003939,JP,2026-03,2026-03-03,WLF-1010,sup-lumen,Finixa,Fine-line tape,kleb,180,piece,17.7,3186.0,EUR,3186.0,synthetic-spend-JP.csv,True,direct
TXN-003940,JP,2026-04,2026-04-01,WLF-1010,sup-lumen,Finixa,Fine-line tape,kleb,190,piece,17.7,3363.0,EUR,3363.0,synthetic-spend-JP.csv,True,direct
TXN-003941,JP,2026-05,2026-05-13,WLF-1010,sup-lumen,Finixa,Fine-line tape,kleb,26,piece,17.7,460.2,EUR,460.2,synthetic-spend-JP.csv,True,direct
TXN-003942,JP,2026-06,2026-06-18,WLF-1010,sup-lumen,Finixa,Fine-line tape,kleb,271,piece,17.7,4796.7,EUR,4796.7,synthetic-spend-JP.csv,True,direct
TXN-003943,JP,2026-07,2026-07-18,WLF-1010,sup-lumen,Finixa,Fine-line tape,kleb,185,piece,17.7,3274.5,EUR,3274.5,synthetic-spend-JP.csv,True,direct
TXN-003944,JP,2026-08,2026-08-13,WLF-1010,sup-lumen,Finixa,Fine-line tape,kleb,143,piece,17.7,2531.1,EUR,2531.1,synthetic-spend-JP.csv,True,direct
TXN-003945,JP,2026-01,2026-01-13,WLF-1011,sup-novex,Mirka,Polish (fine / anti-hologram),polier,315,piece,8.11,2554.65,EUR,2554.65,synthetic-spend-JP.csv,True,indirect
TXN-003946,JP,2026-02,2026-02-09,WLF-1011,sup-novex,Mirka,Polish (fine / anti-hologram),polier,32,piece,8.11,259.52,EUR,259.52,synthetic-spend-JP.csv,True,indirect
TXN-003947,JP,2026-03,2026-03-07,WLF-1011,sup-novex,Mirka,Polish (fine / anti-hologram),polier,266,piece,8.11,2157.26,EUR,2157.26,synthetic-spend-JP.csv,True,indirect
TXN-003948,JP,2026-04,2026-04-03,WLF-1011,sup-novex,Mirka,Polish (fine / anti-hologram),polier,294,piece,8.11,2384.34,EUR,2384.34,synthetic-spend-JP.csv,True,indirect
TXN-003949,JP,2026-05,2026-05-23,WLF-1011,sup-novex,Mirka,Polish (fine / anti-hologram),polier,71,piece,8.11,575.81,EUR,575.81,synthetic-spend-JP.csv,True,indirect
TXN-003950,JP,2026-06,2026-06-21,WLF-1011,sup-novex,Mirka,Polish (fine / anti-hologram),polier,131,piece,8.11,1062.41,EUR,1062.41,synthetic-spend-JP.csv,True,indirect
TXN-003951,JP,2026-07,2026-07-10,WLF-1011,sup-novex,Mirka,Polish (fine / anti-hologram),polier,315,piece,8.11,2554.65,EUR,2554.65,synthetic-spend-JP.csv,True,indirect
TXN-003952,JP,2026-08,2026-08-06,WLF-1011,sup-novex,Mirka,Polish (fine / anti-hologram),polier,188,piece,8.11,1524.68,EUR,1524.68,synthetic-spend-JP.csv,True,indirect
TXN-003953,JP,2026-01,2026-01-03,WLF-1012,sup-arcus,SATA,Water-based silicone remover,kabine,261,piece,44.49,11611.89,EUR,11611.89,synthetic-spend-JP.csv,True,direct
TXN-003954,JP,2026-02,2026-02-19,WLF-1012,sup-arcus,SATA,Water-based silicone remover,kabine,58,piece,44.49,2580.42,EUR,2580.42,synthetic-spend-JP.csv,True,direct
TXN-003955,JP,2026-03,2026-03-25,WLF-1012,sup-arcus,SATA,Water-based silicone remover,kabine,189,piece,44.49,8408.61,EUR,8408.61,synthetic-spend-JP.csv,True,direct
TXN-003956,JP,2026-04,2026-04-08,WLF-1012,sup-arcus,SATA,Water-based silicone remover,kabine,44,piece,44.49,1957.56,EUR,1957.56,synthetic-spend-JP.csv,True,direct
TXN-003957,JP,2026-05,2026-05-15,WLF-1012,sup-arcus,SATA,Water-based silicone remover,kabine,93,piece,44.49,4137.57,EUR,4137.57,synthetic-spend-JP.csv,True,direct
TXN-003958,JP,2026-06,2026-06-02,WLF-1012,sup-arcus,SATA,Water-based silicone remover,kabine,249,piece,44.49,11078.01,EUR,11078.01,synthetic-spend-JP.csv,True,direct
TXN-003959,JP,2026-07,2026-07-04,WLF-1012,sup-arcus,SATA,Water-based silicone remover,kabine,213,piece,44.49,9476.37,EUR,9476.37,synthetic-spend-JP.csv,True,direct
TXN-003960,JP,2026-08,2026-08-12,WLF-1012,sup-arcus,SATA,Water-based silicone remover,kabine,135,piece,44.49,6006.15,EUR,6006.15,synthetic-spend-JP.csv,True,direct
TXN-003961,JP,2026-01,2026-01-17,WLF-1013,sup-cobalt,tesa,A2 filter cartridges,psa,329,piece,6.99,2299.71,EUR,2299.71,synthetic-spend-JP.csv,True,direct
TXN-003962,JP,2026-02,2026-02-26,WLF-1013,sup-cobalt,tesa,A2 filter cartridges,psa,28,piece,6.99,195.72,EUR,195.72,synthetic-spend-JP.csv,True,direct
TXN-003963,JP,2026-03,2026-03-26,WLF-1013,sup-cobalt,tesa,A2 filter cartridges,psa,76,piece,6.99,531.24,EUR,531.24,synthetic-spend-JP.csv,True,direct
TXN-003964,JP,2026-04,2026-04-20,WLF-1013,sup-cobalt,tesa,A2 filter cartridges,psa,137,piece,6.99,957.63,EUR,957.63,synthetic-spend-JP.csv,True,direct
TXN-003965,JP,2026-05,2026-05-24,WLF-1013,sup-cobalt,tesa,A2 filter cartridges,psa,143,piece,6.99,999.57,EUR,999.57,synthetic-spend-JP.csv,True,direct
TXN-003966,JP,2026-06,2026-06-09,WLF-1013,sup-cobalt,tesa,A2 filter cartridges,psa,254,piece,6.99,1775.46,EUR,1775.46,synthetic-spend-JP.csv,True,direct
TXN-003967,JP,2026-07,2026-07-11,WLF-1013,sup-cobalt,tesa,A2 filter cartridges,psa,256,piece,6.99,1789.44,EUR,1789.44,synthetic-spend-JP.csv,True,direct
TXN-003968,JP,2026-08,2026-08-09,WLF-1013,sup-cobalt,tesa,A2 filter cartridges,psa,278,piece,6.99,1943.22,EUR,1943.22,synthetic-spend-JP.csv,True,direct
TXN-003969,JP,2026-01,2026-01-16,WLF-1014,sup-solis,PPG / Nexa,Random orbital sander 77 mm,werkstatt,45,piece,36.81,1656.45,EUR,1656.45,synthetic-spend-JP.csv,True,indirect
TXN-003970,JP,2026-02,2026-02-04,WLF-1014,sup-solis,PPG / Nexa,Random orbital sander 77 mm,werkstatt,295,piece,36.81,10858.95,EUR,10858.95,synthetic-spend-JP.csv,True,indirect
TXN-003971,JP,2026-03,2026-03-04,WLF-1014,sup-solis,PPG / Nexa,Random orbital sander 77 mm,werkstatt,92,piece,36.81,3386.52,EUR,3386.52,synthetic-spend-JP.csv,True,indirect
TXN-003972,JP,2026-04,2026-04-02,WLF-1014,sup-solis,PPG / Nexa,Random orbital sander 77 mm,werkstatt,87,piece,36.81,3202.47,EUR,3202.47,synthetic-spend-JP.csv,True,indirect
TXN-003973,JP,2026-05,2026-05-09,WLF-1014,sup-solis,PPG / Nexa,Random orbital sander 77 mm,werkstatt,297,piece,36.81,10932.57,EUR,10932.57,synthetic-spend-JP.csv,True,indirect
TXN-003974,JP,2026-06,2026-06-23,WLF-1014,sup-solis,PPG / Nexa,Random orbital sander 77 mm,werkstatt,87,piece,36.81,3202.47,EUR,3202.47,synthetic-spend-JP.csv,True,indirect
TXN-003975,JP,2026-07,2026-07-09,WLF-1014,sup-solis,PPG / Nexa,Random orbital sander 77 mm,werkstatt,166,piece,36.81,6110.46,EUR,6110.46,synthetic-spend-JP.csv,True,indirect
TXN-003976,JP,2026-08,2026-08-21,WLF-1014,sup-solis,PPG / Nexa,Random orbital sander 77 mm,werkstatt,183,piece,36.81,6736.23,EUR,6736.23,synthetic-spend-JP.csv,True,indirect
TXN-003977,JP,2026-01,2026-01-21,WLF-1015,sup-orbit,Würth,Paint strainers 125 µ / 200 µ,lack,230,piece,60.81,13986.3,EUR,13986.3,synthetic-spend-JP.csv,True,direct
TXN-003978,JP,2026-02,2026-02-04,WLF-1015,sup-orbit,Würth,Paint strainers 125 µ / 200 µ,lack,60,piece,60.81,3648.6,EUR,3648.6,synthetic-spend-JP.csv,True,direct
TXN-003979,JP,2026-03,2026-03-15,WLF-1015,sup-orbit,Würth,Paint strainers 125 µ / 200 µ,lack,69,piece,60.81,4195.89,EUR,4195.89,synthetic-spend-JP.csv,True,direct
TXN-003980,JP,2026-04,2026-04-25,WLF-1015,sup-orbit,Würth,Paint strainers 125 µ / 200 µ,lack,155,piece,60.81,9425.55,EUR,9425.55,synthetic-spend-JP.csv,True,direct
TXN-003981,JP,2026-05,2026-05-22,WLF-1015,sup-orbit,Würth,Paint strainers 125 µ / 200 µ,lack,198,piece,60.81,12040.38,EUR,12040.38,synthetic-spend-JP.csv,True,direct
TXN-003982,JP,2026-06,2026-06-14,WLF-1015,sup-orbit,Würth,Paint strainers 125 µ / 200 µ,lack,228,piece,60.81,13864.68,EUR,13864.68,synthetic-spend-JP.csv,True,direct
TXN-003983,JP,2026-07,2026-07-10,WLF-1015,sup-orbit,Würth,Paint strainers 125 µ / 200 µ,lack,170,piece,60.81,10337.7,EUR,10337.7,synthetic-spend-JP.csv,True,direct
TXN-003984,JP,2026-08,2026-08-25,WLF-1015,sup-orbit,Würth,Paint strainers 125 µ / 200 µ,lack,74,piece,60.81,4499.94,EUR,4499.94,synthetic-spend-JP.csv,True,direct
TXN-003985,JP,2026-01,2026-01-27,WLF-1016,sup-helio,Kovax,"Sanding discs 150 mm, fine",schleif,46,piece,84.6,3891.6,EUR,3891.6,synthetic-spend-JP.csv,True,direct
TXN-003986,JP,2026-02,2026-02-13,WLF-1016,sup-helio,Kovax,"Sanding discs 150 mm, fine",schleif,183,piece,84.6,15481.8,EUR,15481.8,synthetic-spend-JP.csv,True,direct
TXN-003987,JP,2026-03,2026-03-13,WLF-1016,sup-helio,Kovax,"Sanding discs 150 mm, fine",schleif,119,piece,84.6,10067.4,EUR,10067.4,synthetic-spend-JP.csv,True,direct
TXN-003988,JP,2026-04,2026-04-20,WLF-1016,sup-helio,Kovax,"Sanding discs 150 mm, fine",schleif,56,piece,84.6,4737.6,EUR,4737.6,synthetic-spend-JP.csv,True,direct
TXN-003989,JP,2026-05,2026-05-27,WLF-1016,sup-helio,Kovax,"Sanding discs 150 mm, fine",schleif,196,piece,84.6,16581.6,EUR,16581.6,synthetic-spend-JP.csv,True,direct
TXN-003990,JP,2026-06,2026-06-25,WLF-1016,sup-helio,Kovax,"Sanding discs 150 mm, fine",schleif,178,piece,84.6,15058.8,EUR,15058.8,synthetic-spend-JP.csv,True,direct
TXN-003991,JP,2026-07,2026-07-26,WLF-1016,sup-helio,Kovax,"Sanding discs 150 mm, fine",schleif,298,piece,84.6,25210.8,EUR,25210.8,synthetic-spend-JP.csv,True,direct
TXN-003992,JP,2026-08,2026-08-25,WLF-1016,sup-helio,Kovax,"Sanding discs 150 mm, fine",schleif,160,piece,84.6,13536.0,EUR,13536.0,synthetic-spend-JP.csv,True,direct
TXN-003993,JP,2026-01,2026-01-18,WLF-1017,sup-vanta,Starcke,Contour tape,kleb,54,piece,12.55,677.7,EUR,677.7,synthetic-spend-JP.csv,False,indirect
TXN-003994,JP,2026-02,2026-02-26,WLF-1017,sup-vanta,Starcke,Contour tape,kleb,238,piece,12.55,2986.9,EUR,2986.9,synthetic-spend-JP.csv,False,indirect
TXN-003995,JP,2026-03,2026-03-17,WLF-1017,sup-vanta,Starcke,Contour tape,kleb,239,piece,12.55,2999.45,EUR,2999.45,synthetic-spend-JP.csv,False,indirect
TXN-003996,JP,2026-04,2026-04-11,WLF-1017,sup-vanta,Starcke,Contour tape,kleb,286,piece,12.55,3589.3,EUR,3589.3,synthetic-spend-JP.csv,False,indirect
TXN-003997,JP,2026-05,2026-05-22,WLF-1017,sup-vanta,Starcke,Contour tape,kleb,134,piece,12.55,1681.7,EUR,1681.7,synthetic-spend-JP.csv,False,indirect
TXN-003998,JP,2026-06,2026-06-18,WLF-1017,sup-vanta,Starcke,Contour tape,kleb,47,piece,12.55,589.85,EUR,589.85,synthetic-spend-JP.csv,False,indirect
TXN-003999,JP,2026-07,2026-07-12,WLF-1017,sup-vanta,Starcke,Contour tape,kleb,47,piece,12.55,589.85,EUR,589.85,synthetic-spend-JP.csv,False,indirect
TXN-004000,JP,2026-08,2026-08-11,WLF-1017,sup-vanta,Starcke,Contour tape,kleb,154,piece,12.55,1932.7,EUR,1932.7,synthetic-spend-JP.csv,False,indirect
TXN-004001,JP,2026-01,2026-01-27,WLF-1018,sup-aster,3M,One-step cutting and polishing compound,polier,47,piece,44.41,2087.27,EUR,2087.27,synthetic-spend-JP.csv,False,direct
TXN-004002,JP,2026-02,2026-02-19,WLF-1018,sup-aster,3M,One-step cutting and polishing compound,polier,264,piece,44.41,11724.24,EUR,11724.24,synthetic-spend-JP.csv,False,direct
TXN-004003,JP,2026-03,2026-03-27,WLF-1018,sup-aster,3M,One-step cutting and polishing compound,polier,173,piece,44.41,7682.93,EUR,7682.93,synthetic-spend-JP.csv,False,direct
TXN-004004,JP,2026-04,2026-04-21,WLF-1018,sup-aster,3M,One-step cutting and polishing compound,polier,234,piece,44.41,10391.94,EUR,10391.94,synthetic-spend-JP.csv,False,direct
TXN-004005,JP,2026-05,2026-05-27,WLF-1018,sup-aster,3M,One-step cutting and polishing compound,polier,144,piece,44.41,6395.04,EUR,6395.04,synthetic-spend-JP.csv,False,direct
TXN-004006,JP,2026-06,2026-06-19,WLF-1018,sup-aster,3M,One-step cutting and polishing compound,polier,305,piece,44.41,13545.05,EUR,13545.05,synthetic-spend-JP.csv,False,direct
TXN-004007,JP,2026-07,2026-07-23,WLF-1018,sup-aster,3M,One-step cutting and polishing compound,polier,168,piece,44.41,7460.88,EUR,7460.88,synthetic-spend-JP.csv,False,direct
TXN-004008,JP,2026-08,2026-08-17,WLF-1018,sup-aster,3M,One-step cutting and polishing compound,polier,96,piece,44.41,4263.36,EUR,4263.36,synthetic-spend-JP.csv,False,direct
TXN-004009,JP,2026-01,2026-01-06,WLF-1019,sup-velora,Glasurit (BASF),Pre-saturated cleaning wipes,kabine,229,piece,62.37,14282.73,EUR,14282.73,synthetic-spend-JP.csv,False,direct
TXN-004010,JP,2026-02,2026-02-16,WLF-1019,sup-velora,Glasurit (BASF),Pre-saturated cleaning wipes,kabine,140,piece,62.37,8731.8,EUR,8731.8,synthetic-spend-JP.csv,False,direct
TXN-004011,JP,2026-03,2026-03-14,WLF-1019,sup-velora,Glasurit (BASF),Pre-saturated cleaning wipes,kabine,302,piece,62.37,18835.74,EUR,18835.74,synthetic-spend-JP.csv,False,direct
TXN-004012,JP,2026-04,2026-04-05,WLF-1019,sup-velora,Glasurit (BASF),Pre-saturated cleaning wipes,kabine,274,piece,62.37,17089.38,EUR,17089.38,synthetic-spend-JP.csv,False,direct
TXN-004013,JP,2026-05,2026-05-24,WLF-1019,sup-velora,Glasurit (BASF),Pre-saturated cleaning wipes,kabine,170,piece,62.37,10602.9,EUR,10602.9,synthetic-spend-JP.csv,False,direct
TXN-004014,JP,2026-06,2026-06-03,WLF-1019,sup-velora,Glasurit (BASF),Pre-saturated cleaning wipes,kabine,302,piece,62.37,18835.74,EUR,18835.74,synthetic-spend-JP.csv,False,direct
TXN-004015,JP,2026-07,2026-07-16,WLF-1019,sup-velora,Glasurit (BASF),Pre-saturated cleaning wipes,kabine,177,piece,62.37,11039.49,EUR,11039.49,synthetic-spend-JP.csv,False,direct
TXN-004016,JP,2026-08,2026-08-05,WLF-1019,sup-velora,Glasurit (BASF),Pre-saturated cleaning wipes,kabine,262,piece,62.37,16340.94,EUR,16340.94,synthetic-spend-JP.csv,False,direct
TXN-004017,JP,2026-01,2026-01-28,WLF-1020,sup-lumen,Finixa,P3 particulate filters,psa,146,piece,16.41,2395.86,EUR,2395.86,synthetic-spend-JP.csv,False,indirect
TXN-004018,JP,2026-02,2026-02-18,WLF-1020,sup-lumen,Finixa,P3 particulate filters,psa,126,piece,16.41,2067.66,EUR,2067.66,synthetic-spend-JP.csv,False,indirect
TXN-004019,JP,2026-03,2026-03-05,WLF-1020,sup-lumen,Finixa,P3 particulate filters,psa,276,piece,16.41,4529.16,EUR,4529.16,synthetic-spend-JP.csv,False,indirect
TXN-004020,JP,2026-04,2026-04-28,WLF-1020,sup-lumen,Finixa,P3 particulate filters,psa,66,piece,16.41,1083.06,EUR,1083.06,synthetic-spend-JP.csv,False,indirect
TXN-004021,JP,2026-05,2026-05-14,WLF-1020,sup-lumen,Finixa,P3 particulate filters,psa,308,piece,16.41,5054.28,EUR,5054.28,synthetic-spend-JP.csv,False,indirect
TXN-004022,JP,2026-06,2026-06-19,WLF-1020,sup-lumen,Finixa,P3 particulate filters,psa,228,piece,16.41,3741.48,EUR,3741.48,synthetic-spend-JP.csv,False,indirect
TXN-004023,JP,2026-07,2026-07-12,WLF-1020,sup-lumen,Finixa,P3 particulate filters,psa,192,piece,16.41,3150.72,EUR,3150.72,synthetic-spend-JP.csv,False,indirect
TXN-004024,JP,2026-08,2026-08-26,WLF-1020,sup-lumen,Finixa,P3 particulate filters,psa,98,piece,16.41,1608.18,EUR,1608.18,synthetic-spend-JP.csv,False,indirect
TXN-004025,JP,2026-01,2026-01-04,WLF-1021,sup-novex,Mirka,Electric random orbital sander 150 mm,werkstatt,257,piece,11.07,2844.99,EUR,2844.99,synthetic-spend-JP.csv,False,direct
TXN-004026,JP,2026-02,2026-02-26,WLF-1021,sup-novex,Mirka,Electric random orbital sander 150 mm,werkstatt,66,piece,11.07,730.62,EUR,730.62,synthetic-spend-JP.csv,False,direct
TXN-004027,JP,2026-03,2026-03-12,WLF-1021,sup-novex,Mirka,Electric random orbital sander 150 mm,werkstatt,133,piece,11.07,1472.31,EUR,1472.31,synthetic-spend-JP.csv,False,direct
TXN-004028,JP,2026-04,2026-04-26,WLF-1021,sup-novex,Mirka,Electric random orbital sander 150 mm,werkstatt,133,piece,11.07,1472.31,EUR,1472.31,synthetic-spend-JP.csv,False,direct
TXN-004029,JP,2026-05,2026-05-23,WLF-1021,sup-novex,Mirka,Electric random orbital sander 150 mm,werkstatt,54,piece,11.07,597.78,EUR,597.78,synthetic-spend-JP.csv,False,direct
TXN-004030,JP,2026-06,2026-06-26,WLF-1021,sup-novex,Mirka,Electric random orbital sander 150 mm,werkstatt,217,piece,11.07,2402.19,EUR,2402.19,synthetic-spend-JP.csv,False,direct
TXN-004031,JP,2026-07,2026-07-25,WLF-1021,sup-novex,Mirka,Electric random orbital sander 150 mm,werkstatt,225,piece,11.07,2490.75,EUR,2490.75,synthetic-spend-JP.csv,False,direct
TXN-004032,JP,2026-08,2026-08-05,WLF-1021,sup-novex,Mirka,Electric random orbital sander 150 mm,werkstatt,92,piece,11.07,1018.44,EUR,1018.44,synthetic-spend-JP.csv,False,direct
TXN-004033,MY,2026-01,2026-01-11,WLF-1001,sup-arcus,SATA,Graduated mixing cup,lack,219,piece,35.83,7846.77,EUR,7846.77,synthetic-spend-MY.csv,True,indirect
TXN-004034,MY,2026-02,2026-02-27,WLF-1001,sup-arcus,SATA,Graduated mixing cup,lack,107,piece,35.83,3833.81,EUR,3833.81,synthetic-spend-MY.csv,True,indirect
TXN-004035,MY,2026-03,2026-03-02,WLF-1001,sup-arcus,SATA,Graduated mixing cup,lack,222,piece,35.83,7954.26,EUR,7954.26,synthetic-spend-MY.csv,True,indirect
TXN-004036,MY,2026-04,2026-04-23,WLF-1001,sup-arcus,SATA,Graduated mixing cup,lack,69,piece,35.83,2472.27,EUR,2472.27,synthetic-spend-MY.csv,True,indirect
TXN-004037,MY,2026-05,2026-05-27,WLF-1001,sup-arcus,SATA,Graduated mixing cup,lack,266,piece,35.83,9530.78,EUR,9530.78,synthetic-spend-MY.csv,True,indirect
TXN-004038,MY,2026-06,2026-06-04,WLF-1001,sup-arcus,SATA,Graduated mixing cup,lack,270,piece,35.83,9674.1,EUR,9674.1,synthetic-spend-MY.csv,True,indirect
TXN-004039,MY,2026-07,2026-07-16,WLF-1001,sup-arcus,SATA,Graduated mixing cup,lack,211,piece,35.83,7560.13,EUR,7560.13,synthetic-spend-MY.csv,True,indirect
TXN-004040,MY,2026-08,2026-08-04,WLF-1001,sup-arcus,SATA,Graduated mixing cup,lack,252,piece,35.83,9029.16,EUR,9029.16,synthetic-spend-MY.csv,True,indirect
TXN-004041,MY,2026-01,2026-01-19,WLF-1002,sup-cobalt,tesa,"Sanding discs 150 mm, coarse",schleif,310,piece,104.46,32382.6,EUR,32382.6,synthetic-spend-MY.csv,True,direct
TXN-004042,MY,2026-02,2026-02-11,WLF-1002,sup-cobalt,tesa,"Sanding discs 150 mm, coarse",schleif,312,piece,104.46,32591.52,EUR,32591.52,synthetic-spend-MY.csv,True,direct
TXN-004043,MY,2026-03,2026-03-03,WLF-1002,sup-cobalt,tesa,"Sanding discs 150 mm, coarse",schleif,171,piece,104.46,17862.66,EUR,17862.66,synthetic-spend-MY.csv,True,direct
TXN-004044,MY,2026-04,2026-04-05,WLF-1002,sup-cobalt,tesa,"Sanding discs 150 mm, coarse",schleif,223,piece,104.46,23294.58,EUR,23294.58,synthetic-spend-MY.csv,True,direct
TXN-004045,MY,2026-05,2026-05-17,WLF-1002,sup-cobalt,tesa,"Sanding discs 150 mm, coarse",schleif,272,piece,104.46,28413.12,EUR,28413.12,synthetic-spend-MY.csv,True,direct
TXN-004046,MY,2026-06,2026-06-25,WLF-1002,sup-cobalt,tesa,"Sanding discs 150 mm, coarse",schleif,309,piece,104.46,32278.14,EUR,32278.14,synthetic-spend-MY.csv,True,direct
TXN-004047,MY,2026-07,2026-07-11,WLF-1002,sup-cobalt,tesa,"Sanding discs 150 mm, coarse",schleif,317,piece,104.46,33113.82,EUR,33113.82,synthetic-spend-MY.csv,True,direct
TXN-004048,MY,2026-08,2026-08-24,WLF-1002,sup-cobalt,tesa,"Sanding discs 150 mm, coarse",schleif,153,piece,104.46,15982.38,EUR,15982.38,synthetic-spend-MY.csv,True,direct
TXN-004049,MY,2026-01,2026-01-15,WLF-1003,sup-solis,PPG / Nexa,Standard masking tape,kleb,226,piece,30.76,6951.76,EUR,6951.76,synthetic-spend-MY.csv,True,direct
TXN-004050,MY,2026-02,2026-02-11,WLF-1003,sup-solis,PPG / Nexa,Standard masking tape,kleb,283,piece,30.76,8705.08,EUR,8705.08,synthetic-spend-MY.csv,True,direct
TXN-004051,MY,2026-03,2026-03-04,WLF-1003,sup-solis,PPG / Nexa,Standard masking tape,kleb,248,piece,30.76,7628.48,EUR,7628.48,synthetic-spend-MY.csv,True,direct
TXN-004052,MY,2026-04,2026-04-20,WLF-1003,sup-solis,PPG / Nexa,Standard masking tape,kleb,232,piece,30.76,7136.32,EUR,7136.32,synthetic-spend-MY.csv,True,direct
TXN-004053,MY,2026-05,2026-05-01,WLF-1003,sup-solis,PPG / Nexa,Standard masking tape,kleb,239,piece,30.76,7351.64,EUR,7351.64,synthetic-spend-MY.csv,True,direct
TXN-004054,MY,2026-06,2026-06-13,WLF-1003,sup-solis,PPG / Nexa,Standard masking tape,kleb,185,piece,30.76,5690.6,EUR,5690.6,synthetic-spend-MY.csv,True,direct
TXN-004055,MY,2026-07,2026-07-21,WLF-1003,sup-solis,PPG / Nexa,Standard masking tape,kleb,255,piece,30.76,7843.8,EUR,7843.8,synthetic-spend-MY.csv,True,direct
TXN-004056,MY,2026-08,2026-08-13,WLF-1003,sup-solis,PPG / Nexa,Standard masking tape,kleb,144,piece,30.76,4429.44,EUR,4429.44,synthetic-spend-MY.csv,True,direct
TXN-004057,MY,2026-01,2026-01-09,WLF-1004,sup-orbit,Würth,Cutting compound (coarse/medium),polier,291,piece,19.32,5622.12,EUR,5622.12,synthetic-spend-MY.csv,True,indirect
TXN-004058,MY,2026-02,2026-02-15,WLF-1004,sup-orbit,Würth,Cutting compound (coarse/medium),polier,78,piece,19.32,1506.96,EUR,1506.96,synthetic-spend-MY.csv,True,indirect
TXN-004059,MY,2026-03,2026-03-11,WLF-1004,sup-orbit,Würth,Cutting compound (coarse/medium),polier,165,piece,19.32,3187.8,EUR,3187.8,synthetic-spend-MY.csv,True,indirect
TXN-004060,MY,2026-04,2026-04-26,WLF-1004,sup-orbit,Würth,Cutting compound (coarse/medium),polier,151,piece,19.32,2917.32,EUR,2917.32,synthetic-spend-MY.csv,True,indirect
TXN-004061,MY,2026-05,2026-05-22,WLF-1004,sup-orbit,Würth,Cutting compound (coarse/medium),polier,83,piece,19.32,1603.56,EUR,1603.56,synthetic-spend-MY.csv,True,indirect
TXN-004062,MY,2026-06,2026-06-26,WLF-1004,sup-orbit,Würth,Cutting compound (coarse/medium),polier,305,piece,19.32,5892.6,EUR,5892.6,synthetic-spend-MY.csv,True,indirect
TXN-004063,MY,2026-07,2026-07-09,WLF-1004,sup-orbit,Würth,Cutting compound (coarse/medium),polier,29,piece,19.32,560.28,EUR,560.28,synthetic-spend-MY.csv,True,indirect
TXN-004064,MY,2026-08,2026-08-09,WLF-1004,sup-orbit,Würth,Cutting compound (coarse/medium),polier,144,piece,19.32,2782.08,EUR,2782.08,synthetic-spend-MY.csv,True,indirect
TXN-004065,MY,2026-01,2026-01-25,WLF-1005,sup-helio,Kovax,Solvent-based silicone remover,kabine,256,piece,59.29,15178.24,EUR,15178.24,synthetic-spend-MY.csv,True,direct
TXN-004066,MY,2026-02,2026-02-15,WLF-1005,sup-helio,Kovax,Solvent-based silicone remover,kabine,322,piece,59.29,19091.38,EUR,19091.38,synthetic-spend-MY.csv,True,direct
TXN-004067,MY,2026-03,2026-03-11,WLF-1005,sup-helio,Kovax,Solvent-based silicone remover,kabine,110,piece,59.29,6521.9,EUR,6521.9,synthetic-spend-MY.csv,True,direct
TXN-004068,MY,2026-04,2026-04-27,WLF-1005,sup-helio,Kovax,Solvent-based silicone remover,kabine,247,piece,59.29,14644.63,EUR,14644.63,synthetic-spend-MY.csv,True,direct
TXN-004069,MY,2026-05,2026-05-20,WLF-1005,sup-helio,Kovax,Solvent-based silicone remover,kabine,24,piece,59.29,1422.96,EUR,1422.96,synthetic-spend-MY.csv,True,direct
TXN-004070,MY,2026-06,2026-06-08,WLF-1005,sup-helio,Kovax,Solvent-based silicone remover,kabine,329,piece,59.29,19506.41,EUR,19506.41,synthetic-spend-MY.csv,True,direct
TXN-004071,MY,2026-07,2026-07-25,WLF-1005,sup-helio,Kovax,Solvent-based silicone remover,kabine,52,piece,59.29,3083.08,EUR,3083.08,synthetic-spend-MY.csv,True,direct
TXN-004072,MY,2026-08,2026-08-01,WLF-1005,sup-helio,Kovax,Solvent-based silicone remover,kabine,67,piece,59.29,3972.43,EUR,3972.43,synthetic-spend-MY.csv,True,direct
TXN-004073,MY,2026-01,2026-01-23,WLF-1006,sup-vanta,Starcke,Half mask / spray-painting respirator,psa,242,piece,20.08,4859.36,EUR,4859.36,synthetic-spend-MY.csv,True,direct
TXN-004074,MY,2026-02,2026-02-07,WLF-1006,sup-vanta,Starcke,Half mask / spray-painting respirator,psa,207,piece,20.08,4156.56,EUR,4156.56,synthetic-spend-MY.csv,True,direct
TXN-004075,MY,2026-03,2026-03-14,WLF-1006,sup-vanta,Starcke,Half mask / spray-painting respirator,psa,190,piece,20.08,3815.2,EUR,3815.2,synthetic-spend-MY.csv,True,direct
TXN-004076,MY,2026-04,2026-04-26,WLF-1006,sup-vanta,Starcke,Half mask / spray-painting respirator,psa,170,piece,20.08,3413.6,EUR,3413.6,synthetic-spend-MY.csv,True,direct
TXN-004077,MY,2026-05,2026-05-13,WLF-1006,sup-vanta,Starcke,Half mask / spray-painting respirator,psa,186,piece,20.08,3734.88,EUR,3734.88,synthetic-spend-MY.csv,True,direct
TXN-004078,MY,2026-06,2026-06-14,WLF-1006,sup-vanta,Starcke,Half mask / spray-painting respirator,psa,265,piece,20.08,5321.2,EUR,5321.2,synthetic-spend-MY.csv,True,direct
TXN-004079,MY,2026-07,2026-07-19,WLF-1006,sup-vanta,Starcke,Half mask / spray-painting respirator,psa,314,piece,20.08,6305.12,EUR,6305.12,synthetic-spend-MY.csv,True,direct
TXN-004080,MY,2026-08,2026-08-02,WLF-1006,sup-vanta,Starcke,Half mask / spray-painting respirator,psa,317,piece,20.08,6365.36,EUR,6365.36,synthetic-spend-MY.csv,True,direct
TXN-004081,MY,2026-01,2026-01-14,WLF-1007,sup-aster,3M,"Random orbital sander 150 mm, 5 mm orbit",werkstatt,218,piece,60.19,13121.42,EUR,13121.42,synthetic-spend-MY.csv,True,indirect
TXN-004082,MY,2026-02,2026-02-07,WLF-1007,sup-aster,3M,"Random orbital sander 150 mm, 5 mm orbit",werkstatt,121,piece,60.19,7282.99,EUR,7282.99,synthetic-spend-MY.csv,True,indirect
TXN-004083,MY,2026-03,2026-03-07,WLF-1007,sup-aster,3M,"Random orbital sander 150 mm, 5 mm orbit",werkstatt,141,piece,60.19,8486.79,EUR,8486.79,synthetic-spend-MY.csv,True,indirect
TXN-004084,MY,2026-04,2026-04-09,WLF-1007,sup-aster,3M,"Random orbital sander 150 mm, 5 mm orbit",werkstatt,228,piece,60.19,13723.32,EUR,13723.32,synthetic-spend-MY.csv,True,indirect
TXN-004085,MY,2026-05,2026-05-08,WLF-1007,sup-aster,3M,"Random orbital sander 150 mm, 5 mm orbit",werkstatt,208,piece,60.19,12519.52,EUR,12519.52,synthetic-spend-MY.csv,True,indirect
TXN-004086,MY,2026-06,2026-06-27,WLF-1007,sup-aster,3M,"Random orbital sander 150 mm, 5 mm orbit",werkstatt,169,piece,60.19,10172.11,EUR,10172.11,synthetic-spend-MY.csv,True,indirect
TXN-004087,MY,2026-07,2026-07-06,WLF-1007,sup-aster,3M,"Random orbital sander 150 mm, 5 mm orbit",werkstatt,131,piece,60.19,7884.89,EUR,7884.89,synthetic-spend-MY.csv,True,indirect
TXN-004088,MY,2026-08,2026-08-13,WLF-1007,sup-aster,3M,"Random orbital sander 150 mm, 5 mm orbit",werkstatt,120,piece,60.19,7222.8,EUR,7222.8,synthetic-spend-MY.csv,True,indirect
TXN-004089,MY,2026-01,2026-01-18,WLF-1008,sup-velora,Glasurit (BASF),Paint cup for compressed-air spray gun,lack,125,piece,104.48,13060.0,EUR,13060.0,synthetic-spend-MY.csv,True,direct
TXN-004090,MY,2026-02,2026-02-17,WLF-1008,sup-velora,Glasurit (BASF),Paint cup for compressed-air spray gun,lack,164,piece,104.48,17134.72,EUR,17134.72,synthetic-spend-MY.csv,True,direct
TXN-004091,MY,2026-03,2026-03-20,WLF-1008,sup-velora,Glasurit (BASF),Paint cup for compressed-air spray gun,lack,110,piece,104.48,11492.8,EUR,11492.8,synthetic-spend-MY.csv,True,direct
TXN-004092,MY,2026-04,2026-04-07,WLF-1008,sup-velora,Glasurit (BASF),Paint cup for compressed-air spray gun,lack,313,piece,104.48,32702.24,EUR,32702.24,synthetic-spend-MY.csv,True,direct
TXN-004093,MY,2026-05,2026-05-26,WLF-1008,sup-velora,Glasurit (BASF),Paint cup for compressed-air spray gun,lack,321,piece,104.48,33538.08,EUR,33538.08,synthetic-spend-MY.csv,True,direct
TXN-004094,MY,2026-06,2026-06-25,WLF-1008,sup-velora,Glasurit (BASF),Paint cup for compressed-air spray gun,lack,156,piece,104.48,16298.88,EUR,16298.88,synthetic-spend-MY.csv,True,direct
TXN-004095,MY,2026-07,2026-07-18,WLF-1008,sup-velora,Glasurit (BASF),Paint cup for compressed-air spray gun,lack,137,piece,104.48,14313.76,EUR,14313.76,synthetic-spend-MY.csv,True,direct
TXN-004096,MY,2026-08,2026-08-03,WLF-1008,sup-velora,Glasurit (BASF),Paint cup for compressed-air spray gun,lack,75,piece,104.48,7836.0,EUR,7836.0,synthetic-spend-MY.csv,True,direct
TXN-004097,MY,2026-01,2026-01-02,WLF-1009,sup-lumen,Finixa,"Sanding discs 150 mm, intermediate",schleif,106,piece,70.81,7505.86,EUR,7505.86,synthetic-spend-MY.csv,True,direct
TXN-004098,MY,2026-02,2026-02-25,WLF-1009,sup-lumen,Finixa,"Sanding discs 150 mm, intermediate",schleif,65,piece,70.81,4602.65,EUR,4602.65,synthetic-spend-MY.csv,True,direct
TXN-004099,MY,2026-03,2026-03-21,WLF-1009,sup-lumen,Finixa,"Sanding discs 150 mm, intermediate",schleif,191,piece,70.81,13524.71,EUR,13524.71,synthetic-spend-MY.csv,True,direct
TXN-004100,MY,2026-04,2026-04-27,WLF-1009,sup-lumen,Finixa,"Sanding discs 150 mm, intermediate",schleif,204,piece,70.81,14445.24,EUR,14445.24,synthetic-spend-MY.csv,True,direct
TXN-004101,MY,2026-05,2026-05-27,WLF-1009,sup-lumen,Finixa,"Sanding discs 150 mm, intermediate",schleif,130,piece,70.81,9205.3,EUR,9205.3,synthetic-spend-MY.csv,True,direct
TXN-004102,MY,2026-06,2026-06-14,WLF-1009,sup-lumen,Finixa,"Sanding discs 150 mm, intermediate",schleif,261,piece,70.81,18481.41,EUR,18481.41,synthetic-spend-MY.csv,True,direct
TXN-004103,MY,2026-07,2026-07-17,WLF-1009,sup-lumen,Finixa,"Sanding discs 150 mm, intermediate",schleif,192,piece,70.81,13595.52,EUR,13595.52,synthetic-spend-MY.csv,True,direct
TXN-004104,MY,2026-08,2026-08-07,WLF-1009,sup-lumen,Finixa,"Sanding discs 150 mm, intermediate",schleif,36,piece,70.81,2549.16,EUR,2549.16,synthetic-spend-MY.csv,True,direct
TXN-004105,MY,2026-01,2026-01-25,WLF-1010,sup-novex,Mirka,Fine-line tape,kleb,271,piece,23.0,6233.0,EUR,6233.0,synthetic-spend-MY.csv,True,indirect
TXN-004106,MY,2026-02,2026-02-09,WLF-1010,sup-novex,Mirka,Fine-line tape,kleb,55,piece,23.0,1265.0,EUR,1265.0,synthetic-spend-MY.csv,True,indirect
TXN-004107,MY,2026-03,2026-03-14,WLF-1010,sup-novex,Mirka,Fine-line tape,kleb,29,piece,23.0,667.0,EUR,667.0,synthetic-spend-MY.csv,True,indirect
TXN-004108,MY,2026-04,2026-04-27,WLF-1010,sup-novex,Mirka,Fine-line tape,kleb,307,piece,23.0,7061.0,EUR,7061.0,synthetic-spend-MY.csv,True,indirect
TXN-004109,MY,2026-05,2026-05-13,WLF-1010,sup-novex,Mirka,Fine-line tape,kleb,163,piece,23.0,3749.0,EUR,3749.0,synthetic-spend-MY.csv,True,indirect
TXN-004110,MY,2026-06,2026-06-18,WLF-1010,sup-novex,Mirka,Fine-line tape,kleb,240,piece,23.0,5520.0,EUR,5520.0,synthetic-spend-MY.csv,True,indirect
TXN-004111,MY,2026-07,2026-07-05,WLF-1010,sup-novex,Mirka,Fine-line tape,kleb,101,piece,23.0,2323.0,EUR,2323.0,synthetic-spend-MY.csv,True,indirect
TXN-004112,MY,2026-08,2026-08-13,WLF-1010,sup-novex,Mirka,Fine-line tape,kleb,146,piece,23.0,3358.0,EUR,3358.0,synthetic-spend-MY.csv,True,indirect
TXN-004113,MY,2026-01,2026-01-25,WLF-1011,sup-arcus,SATA,Polish (fine / anti-hologram),polier,34,piece,14.08,478.72,EUR,478.72,synthetic-spend-MY.csv,True,direct
TXN-004114,MY,2026-02,2026-02-02,WLF-1011,sup-arcus,SATA,Polish (fine / anti-hologram),polier,134,piece,14.08,1886.72,EUR,1886.72,synthetic-spend-MY.csv,True,direct
TXN-004115,MY,2026-03,2026-03-10,WLF-1011,sup-arcus,SATA,Polish (fine / anti-hologram),polier,140,piece,14.08,1971.2,EUR,1971.2,synthetic-spend-MY.csv,True,direct
TXN-004116,MY,2026-04,2026-04-26,WLF-1011,sup-arcus,SATA,Polish (fine / anti-hologram),polier,164,piece,14.08,2309.12,EUR,2309.12,synthetic-spend-MY.csv,True,direct
TXN-004117,MY,2026-05,2026-05-10,WLF-1011,sup-arcus,SATA,Polish (fine / anti-hologram),polier,200,piece,14.08,2816.0,EUR,2816.0,synthetic-spend-MY.csv,True,direct
TXN-004118,MY,2026-06,2026-06-07,WLF-1011,sup-arcus,SATA,Polish (fine / anti-hologram),polier,268,piece,14.08,3773.44,EUR,3773.44,synthetic-spend-MY.csv,True,direct
TXN-004119,MY,2026-07,2026-07-02,WLF-1011,sup-arcus,SATA,Polish (fine / anti-hologram),polier,38,piece,14.08,535.04,EUR,535.04,synthetic-spend-MY.csv,True,direct
TXN-004120,MY,2026-08,2026-08-09,WLF-1011,sup-arcus,SATA,Polish (fine / anti-hologram),polier,241,piece,14.08,3393.28,EUR,3393.28,synthetic-spend-MY.csv,True,direct
TXN-004121,MY,2026-01,2026-01-09,WLF-1012,sup-cobalt,tesa,Water-based silicone remover,kabine,285,piece,42.68,12163.8,EUR,12163.8,synthetic-spend-MY.csv,True,direct
TXN-004122,MY,2026-02,2026-02-24,WLF-1012,sup-cobalt,tesa,Water-based silicone remover,kabine,289,piece,42.68,12334.52,EUR,12334.52,synthetic-spend-MY.csv,True,direct
TXN-004123,MY,2026-03,2026-03-16,WLF-1012,sup-cobalt,tesa,Water-based silicone remover,kabine,167,piece,42.68,7127.56,EUR,7127.56,synthetic-spend-MY.csv,True,direct
TXN-004124,MY,2026-04,2026-04-06,WLF-1012,sup-cobalt,tesa,Water-based silicone remover,kabine,73,piece,42.68,3115.64,EUR,3115.64,synthetic-spend-MY.csv,True,direct
TXN-004125,MY,2026-05,2026-05-02,WLF-1012,sup-cobalt,tesa,Water-based silicone remover,kabine,298,piece,42.68,12718.64,EUR,12718.64,synthetic-spend-MY.csv,True,direct
TXN-004126,MY,2026-06,2026-06-26,WLF-1012,sup-cobalt,tesa,Water-based silicone remover,kabine,301,piece,42.68,12846.68,EUR,12846.68,synthetic-spend-MY.csv,True,direct
TXN-004127,MY,2026-07,2026-07-20,WLF-1012,sup-cobalt,tesa,Water-based silicone remover,kabine,179,piece,42.68,7639.72,EUR,7639.72,synthetic-spend-MY.csv,True,direct
TXN-004128,MY,2026-08,2026-08-19,WLF-1012,sup-cobalt,tesa,Water-based silicone remover,kabine,327,piece,42.68,13956.36,EUR,13956.36,synthetic-spend-MY.csv,True,direct
TXN-004129,MY,2026-01,2026-01-12,WLF-1013,sup-solis,PPG / Nexa,A2 filter cartridges,psa,178,piece,5.67,1009.26,EUR,1009.26,synthetic-spend-MY.csv,True,indirect
TXN-004130,MY,2026-02,2026-02-12,WLF-1013,sup-solis,PPG / Nexa,A2 filter cartridges,psa,230,piece,5.67,1304.1,EUR,1304.1,synthetic-spend-MY.csv,True,indirect
TXN-004131,MY,2026-03,2026-03-05,WLF-1013,sup-solis,PPG / Nexa,A2 filter cartridges,psa,87,piece,5.67,493.29,EUR,493.29,synthetic-spend-MY.csv,True,indirect
TXN-004132,MY,2026-04,2026-04-13,WLF-1013,sup-solis,PPG / Nexa,A2 filter cartridges,psa,90,piece,5.67,510.3,EUR,510.3,synthetic-spend-MY.csv,True,indirect
TXN-004133,MY,2026-05,2026-05-04,WLF-1013,sup-solis,PPG / Nexa,A2 filter cartridges,psa,270,piece,5.67,1530.9,EUR,1530.9,synthetic-spend-MY.csv,True,indirect
TXN-004134,MY,2026-06,2026-06-22,WLF-1013,sup-solis,PPG / Nexa,A2 filter cartridges,psa,300,piece,5.67,1701.0,EUR,1701.0,synthetic-spend-MY.csv,True,indirect
TXN-004135,MY,2026-07,2026-07-18,WLF-1013,sup-solis,PPG / Nexa,A2 filter cartridges,psa,309,piece,5.67,1752.03,EUR,1752.03,synthetic-spend-MY.csv,True,indirect
TXN-004136,MY,2026-08,2026-08-02,WLF-1013,sup-solis,PPG / Nexa,A2 filter cartridges,psa,307,piece,5.67,1740.69,EUR,1740.69,synthetic-spend-MY.csv,True,indirect
TXN-004137,MY,2026-01,2026-01-23,WLF-1014,sup-orbit,Würth,Random orbital sander 77 mm,werkstatt,85,piece,32.63,2773.55,EUR,2773.55,synthetic-spend-MY.csv,True,direct
TXN-004138,MY,2026-02,2026-02-09,WLF-1014,sup-orbit,Würth,Random orbital sander 77 mm,werkstatt,214,piece,32.63,6982.82,EUR,6982.82,synthetic-spend-MY.csv,True,direct
TXN-004139,MY,2026-03,2026-03-01,WLF-1014,sup-orbit,Würth,Random orbital sander 77 mm,werkstatt,236,piece,32.63,7700.68,EUR,7700.68,synthetic-spend-MY.csv,True,direct
TXN-004140,MY,2026-04,2026-04-06,WLF-1014,sup-orbit,Würth,Random orbital sander 77 mm,werkstatt,75,piece,32.63,2447.25,EUR,2447.25,synthetic-spend-MY.csv,True,direct
TXN-004141,MY,2026-05,2026-05-06,WLF-1014,sup-orbit,Würth,Random orbital sander 77 mm,werkstatt,295,piece,32.63,9625.85,EUR,9625.85,synthetic-spend-MY.csv,True,direct
TXN-004142,MY,2026-06,2026-06-06,WLF-1014,sup-orbit,Würth,Random orbital sander 77 mm,werkstatt,46,piece,32.63,1500.98,EUR,1500.98,synthetic-spend-MY.csv,True,direct
TXN-004143,MY,2026-07,2026-07-03,WLF-1014,sup-orbit,Würth,Random orbital sander 77 mm,werkstatt,229,piece,32.63,7472.27,EUR,7472.27,synthetic-spend-MY.csv,True,direct
TXN-004144,MY,2026-08,2026-08-02,WLF-1014,sup-orbit,Würth,Random orbital sander 77 mm,werkstatt,184,piece,32.63,6003.92,EUR,6003.92,synthetic-spend-MY.csv,True,direct
TXN-004145,MY,2026-01,2026-01-23,WLF-1015,sup-helio,Kovax,Paint strainers 125 µ / 200 µ,lack,183,piece,52.92,9684.36,EUR,9684.36,synthetic-spend-MY.csv,True,direct
TXN-004146,MY,2026-02,2026-02-01,WLF-1015,sup-helio,Kovax,Paint strainers 125 µ / 200 µ,lack,42,piece,52.92,2222.64,EUR,2222.64,synthetic-spend-MY.csv,True,direct
TXN-004147,MY,2026-03,2026-03-11,WLF-1015,sup-helio,Kovax,Paint strainers 125 µ / 200 µ,lack,52,piece,52.92,2751.84,EUR,2751.84,synthetic-spend-MY.csv,True,direct
TXN-004148,MY,2026-04,2026-04-17,WLF-1015,sup-helio,Kovax,Paint strainers 125 µ / 200 µ,lack,219,piece,52.92,11589.48,EUR,11589.48,synthetic-spend-MY.csv,True,direct
TXN-004149,MY,2026-05,2026-05-03,WLF-1015,sup-helio,Kovax,Paint strainers 125 µ / 200 µ,lack,222,piece,52.92,11748.24,EUR,11748.24,synthetic-spend-MY.csv,True,direct
TXN-004150,MY,2026-06,2026-06-15,WLF-1015,sup-helio,Kovax,Paint strainers 125 µ / 200 µ,lack,24,piece,52.92,1270.08,EUR,1270.08,synthetic-spend-MY.csv,True,direct
TXN-004151,MY,2026-07,2026-07-14,WLF-1015,sup-helio,Kovax,Paint strainers 125 µ / 200 µ,lack,237,piece,52.92,12542.04,EUR,12542.04,synthetic-spend-MY.csv,True,direct
TXN-004152,MY,2026-08,2026-08-25,WLF-1015,sup-helio,Kovax,Paint strainers 125 µ / 200 µ,lack,73,piece,52.92,3863.16,EUR,3863.16,synthetic-spend-MY.csv,True,direct
TXN-004153,MY,2026-01,2026-01-13,WLF-1016,sup-vanta,Starcke,"Sanding discs 150 mm, fine",schleif,50,piece,47.32,2366.0,EUR,2366.0,synthetic-spend-MY.csv,True,indirect
TXN-004154,MY,2026-02,2026-02-16,WLF-1016,sup-vanta,Starcke,"Sanding discs 150 mm, fine",schleif,279,piece,47.32,13202.28,EUR,13202.28,synthetic-spend-MY.csv,True,indirect
TXN-004155,MY,2026-03,2026-03-18,WLF-1016,sup-vanta,Starcke,"Sanding discs 150 mm, fine",schleif,150,piece,47.32,7098.0,EUR,7098.0,synthetic-spend-MY.csv,True,indirect
TXN-004156,MY,2026-04,2026-04-15,WLF-1016,sup-vanta,Starcke,"Sanding discs 150 mm, fine",schleif,39,piece,47.32,1845.48,EUR,1845.48,synthetic-spend-MY.csv,True,indirect
TXN-004157,MY,2026-05,2026-05-04,WLF-1016,sup-vanta,Starcke,"Sanding discs 150 mm, fine",schleif,287,piece,47.32,13580.84,EUR,13580.84,synthetic-spend-MY.csv,True,indirect
TXN-004158,MY,2026-06,2026-06-11,WLF-1016,sup-vanta,Starcke,"Sanding discs 150 mm, fine",schleif,159,piece,47.32,7523.88,EUR,7523.88,synthetic-spend-MY.csv,True,indirect
TXN-004159,MY,2026-07,2026-07-18,WLF-1016,sup-vanta,Starcke,"Sanding discs 150 mm, fine",schleif,328,piece,47.32,15520.96,EUR,15520.96,synthetic-spend-MY.csv,True,indirect
TXN-004160,MY,2026-08,2026-08-19,WLF-1016,sup-vanta,Starcke,"Sanding discs 150 mm, fine",schleif,259,piece,47.32,12255.88,EUR,12255.88,synthetic-spend-MY.csv,True,indirect
TXN-004161,MY,2026-01,2026-01-27,WLF-1017,sup-aster,3M,Contour tape,kleb,327,piece,24.24,7926.48,EUR,7926.48,synthetic-spend-MY.csv,False,direct
TXN-004162,MY,2026-02,2026-02-02,WLF-1017,sup-aster,3M,Contour tape,kleb,177,piece,24.24,4290.48,EUR,4290.48,synthetic-spend-MY.csv,False,direct
TXN-004163,MY,2026-03,2026-03-05,WLF-1017,sup-aster,3M,Contour tape,kleb,119,piece,24.24,2884.56,EUR,2884.56,synthetic-spend-MY.csv,False,direct
TXN-004164,MY,2026-04,2026-04-25,WLF-1017,sup-aster,3M,Contour tape,kleb,141,piece,24.24,3417.84,EUR,3417.84,synthetic-spend-MY.csv,False,direct
TXN-004165,MY,2026-05,2026-05-08,WLF-1017,sup-aster,3M,Contour tape,kleb,246,piece,24.24,5963.04,EUR,5963.04,synthetic-spend-MY.csv,False,direct
TXN-004166,MY,2026-06,2026-06-17,WLF-1017,sup-aster,3M,Contour tape,kleb,112,piece,24.24,2714.88,EUR,2714.88,synthetic-spend-MY.csv,False,direct
TXN-004167,MY,2026-07,2026-07-22,WLF-1017,sup-aster,3M,Contour tape,kleb,155,piece,24.24,3757.2,EUR,3757.2,synthetic-spend-MY.csv,False,direct
TXN-004168,MY,2026-08,2026-08-22,WLF-1017,sup-aster,3M,Contour tape,kleb,151,piece,24.24,3660.24,EUR,3660.24,synthetic-spend-MY.csv,False,direct
TXN-004169,MY,2026-01,2026-01-12,WLF-1018,sup-velora,Glasurit (BASF),One-step cutting and polishing compound,polier,152,piece,38.78,5894.56,EUR,5894.56,synthetic-spend-MY.csv,False,direct
TXN-004170,MY,2026-02,2026-02-15,WLF-1018,sup-velora,Glasurit (BASF),One-step cutting and polishing compound,polier,330,piece,38.78,12797.4,EUR,12797.4,synthetic-spend-MY.csv,False,direct
TXN-004171,MY,2026-03,2026-03-05,WLF-1018,sup-velora,Glasurit (BASF),One-step cutting and polishing compound,polier,39,piece,38.78,1512.42,EUR,1512.42,synthetic-spend-MY.csv,False,direct
TXN-004172,MY,2026-04,2026-04-20,WLF-1018,sup-velora,Glasurit (BASF),One-step cutting and polishing compound,polier,65,piece,38.78,2520.7,EUR,2520.7,synthetic-spend-MY.csv,False,direct
TXN-004173,MY,2026-05,2026-05-26,WLF-1018,sup-velora,Glasurit (BASF),One-step cutting and polishing compound,polier,41,piece,38.78,1589.98,EUR,1589.98,synthetic-spend-MY.csv,False,direct
TXN-004174,MY,2026-06,2026-06-25,WLF-1018,sup-velora,Glasurit (BASF),One-step cutting and polishing compound,polier,285,piece,38.78,11052.3,EUR,11052.3,synthetic-spend-MY.csv,False,direct
TXN-004175,MY,2026-07,2026-07-12,WLF-1018,sup-velora,Glasurit (BASF),One-step cutting and polishing compound,polier,60,piece,38.78,2326.8,EUR,2326.8,synthetic-spend-MY.csv,False,direct
TXN-004176,MY,2026-08,2026-08-08,WLF-1018,sup-velora,Glasurit (BASF),One-step cutting and polishing compound,polier,296,piece,38.78,11478.88,EUR,11478.88,synthetic-spend-MY.csv,False,direct
TXN-004177,MY,2026-01,2026-01-05,WLF-1019,sup-lumen,Finixa,Pre-saturated cleaning wipes,kabine,232,piece,44.94,10426.08,EUR,10426.08,synthetic-spend-MY.csv,False,indirect
TXN-004178,MY,2026-02,2026-02-10,WLF-1019,sup-lumen,Finixa,Pre-saturated cleaning wipes,kabine,213,piece,44.94,9572.22,EUR,9572.22,synthetic-spend-MY.csv,False,indirect
TXN-004179,MY,2026-03,2026-03-07,WLF-1019,sup-lumen,Finixa,Pre-saturated cleaning wipes,kabine,81,piece,44.94,3640.14,EUR,3640.14,synthetic-spend-MY.csv,False,indirect
TXN-004180,MY,2026-04,2026-04-28,WLF-1019,sup-lumen,Finixa,Pre-saturated cleaning wipes,kabine,308,piece,44.94,13841.52,EUR,13841.52,synthetic-spend-MY.csv,False,indirect
TXN-004181,MY,2026-05,2026-05-26,WLF-1019,sup-lumen,Finixa,Pre-saturated cleaning wipes,kabine,299,piece,44.94,13437.06,EUR,13437.06,synthetic-spend-MY.csv,False,indirect
TXN-004182,MY,2026-06,2026-06-19,WLF-1019,sup-lumen,Finixa,Pre-saturated cleaning wipes,kabine,213,piece,44.94,9572.22,EUR,9572.22,synthetic-spend-MY.csv,False,indirect
TXN-004183,MY,2026-07,2026-07-16,WLF-1019,sup-lumen,Finixa,Pre-saturated cleaning wipes,kabine,240,piece,44.94,10785.6,EUR,10785.6,synthetic-spend-MY.csv,False,indirect
TXN-004184,MY,2026-08,2026-08-19,WLF-1019,sup-lumen,Finixa,Pre-saturated cleaning wipes,kabine,154,piece,44.94,6920.76,EUR,6920.76,synthetic-spend-MY.csv,False,indirect
TXN-004185,MY,2026-01,2026-01-10,WLF-1020,sup-novex,Mirka,P3 particulate filters,psa,323,piece,27.79,8976.17,EUR,8976.17,synthetic-spend-MY.csv,False,direct
TXN-004186,MY,2026-02,2026-02-19,WLF-1020,sup-novex,Mirka,P3 particulate filters,psa,179,piece,27.79,4974.41,EUR,4974.41,synthetic-spend-MY.csv,False,direct
TXN-004187,MY,2026-03,2026-03-25,WLF-1020,sup-novex,Mirka,P3 particulate filters,psa,163,piece,27.79,4529.77,EUR,4529.77,synthetic-spend-MY.csv,False,direct
TXN-004188,MY,2026-04,2026-04-12,WLF-1020,sup-novex,Mirka,P3 particulate filters,psa,102,piece,27.79,2834.58,EUR,2834.58,synthetic-spend-MY.csv,False,direct
TXN-004189,MY,2026-05,2026-05-21,WLF-1020,sup-novex,Mirka,P3 particulate filters,psa,265,piece,27.79,7364.35,EUR,7364.35,synthetic-spend-MY.csv,False,direct
TXN-004190,MY,2026-06,2026-06-10,WLF-1020,sup-novex,Mirka,P3 particulate filters,psa,46,piece,27.79,1278.34,EUR,1278.34,synthetic-spend-MY.csv,False,direct
TXN-004191,MY,2026-07,2026-07-07,WLF-1020,sup-novex,Mirka,P3 particulate filters,psa,165,piece,27.79,4585.35,EUR,4585.35,synthetic-spend-MY.csv,False,direct
TXN-004192,MY,2026-08,2026-08-26,WLF-1020,sup-novex,Mirka,P3 particulate filters,psa,62,piece,27.79,1722.98,EUR,1722.98,synthetic-spend-MY.csv,False,direct
TXN-004193,MY,2026-01,2026-01-11,WLF-1021,sup-arcus,SATA,Electric random orbital sander 150 mm,werkstatt,85,piece,20.8,1768.0,EUR,1768.0,synthetic-spend-MY.csv,False,direct
TXN-004194,MY,2026-02,2026-02-27,WLF-1021,sup-arcus,SATA,Electric random orbital sander 150 mm,werkstatt,290,piece,20.8,6032.0,EUR,6032.0,synthetic-spend-MY.csv,False,direct
TXN-004195,MY,2026-03,2026-03-11,WLF-1021,sup-arcus,SATA,Electric random orbital sander 150 mm,werkstatt,280,piece,20.8,5824.0,EUR,5824.0,synthetic-spend-MY.csv,False,direct
TXN-004196,MY,2026-04,2026-04-27,WLF-1021,sup-arcus,SATA,Electric random orbital sander 150 mm,werkstatt,62,piece,20.8,1289.6,EUR,1289.6,synthetic-spend-MY.csv,False,direct
TXN-004197,MY,2026-05,2026-05-18,WLF-1021,sup-arcus,SATA,Electric random orbital sander 150 mm,werkstatt,284,piece,20.8,5907.2,EUR,5907.2,synthetic-spend-MY.csv,False,direct
TXN-004198,MY,2026-06,2026-06-05,WLF-1021,sup-arcus,SATA,Electric random orbital sander 150 mm,werkstatt,91,piece,20.8,1892.8,EUR,1892.8,synthetic-spend-MY.csv,False,direct
TXN-004199,MY,2026-07,2026-07-27,WLF-1021,sup-arcus,SATA,Electric random orbital sander 150 mm,werkstatt,161,piece,20.8,3348.8,EUR,3348.8,synthetic-spend-MY.csv,False,direct
TXN-004200,MY,2026-08,2026-08-16,WLF-1021,sup-arcus,SATA,Electric random orbital sander 150 mm,werkstatt,253,piece,20.8,5262.4,EUR,5262.4,synthetic-spend-MY.csv,False,direct
TXN-004201,SG,2026-01,2026-01-28,WLF-1001,sup-cobalt,tesa,Graduated mixing cup,lack,146,piece,31.91,4658.86,EUR,4658.86,synthetic-spend-SG.csv,True,direct
TXN-004202,SG,2026-02,2026-02-28,WLF-1001,sup-cobalt,tesa,Graduated mixing cup,lack,34,piece,31.91,1084.94,EUR,1084.94,synthetic-spend-SG.csv,True,direct
TXN-004203,SG,2026-03,2026-03-06,WLF-1001,sup-cobalt,tesa,Graduated mixing cup,lack,77,piece,31.91,2457.07,EUR,2457.07,synthetic-spend-SG.csv,True,direct
TXN-004204,SG,2026-04,2026-04-23,WLF-1001,sup-cobalt,tesa,Graduated mixing cup,lack,238,piece,31.91,7594.58,EUR,7594.58,synthetic-spend-SG.csv,True,direct
TXN-004205,SG,2026-05,2026-05-17,WLF-1001,sup-cobalt,tesa,Graduated mixing cup,lack,34,piece,31.91,1084.94,EUR,1084.94,synthetic-spend-SG.csv,True,direct
TXN-004206,SG,2026-06,2026-06-23,WLF-1001,sup-cobalt,tesa,Graduated mixing cup,lack,139,piece,31.91,4435.49,EUR,4435.49,synthetic-spend-SG.csv,True,direct
TXN-004207,SG,2026-07,2026-07-02,WLF-1001,sup-cobalt,tesa,Graduated mixing cup,lack,178,piece,31.91,5679.98,EUR,5679.98,synthetic-spend-SG.csv,True,direct
TXN-004208,SG,2026-08,2026-08-05,WLF-1001,sup-cobalt,tesa,Graduated mixing cup,lack,87,piece,31.91,2776.17,EUR,2776.17,synthetic-spend-SG.csv,True,direct
TXN-004209,SG,2026-01,2026-01-15,WLF-1002,sup-solis,PPG / Nexa,"Sanding discs 150 mm, coarse",schleif,69,piece,66.41,4582.29,EUR,4582.29,synthetic-spend-SG.csv,True,direct
TXN-004210,SG,2026-02,2026-02-22,WLF-1002,sup-solis,PPG / Nexa,"Sanding discs 150 mm, coarse",schleif,161,piece,66.41,10692.01,EUR,10692.01,synthetic-spend-SG.csv,True,direct
TXN-004211,SG,2026-03,2026-03-25,WLF-1002,sup-solis,PPG / Nexa,"Sanding discs 150 mm, coarse",schleif,105,piece,66.41,6973.05,EUR,6973.05,synthetic-spend-SG.csv,True,direct
TXN-004212,SG,2026-04,2026-04-27,WLF-1002,sup-solis,PPG / Nexa,"Sanding discs 150 mm, coarse",schleif,237,piece,66.41,15739.17,EUR,15739.17,synthetic-spend-SG.csv,True,direct
TXN-004213,SG,2026-05,2026-05-21,WLF-1002,sup-solis,PPG / Nexa,"Sanding discs 150 mm, coarse",schleif,198,piece,66.41,13149.18,EUR,13149.18,synthetic-spend-SG.csv,True,direct
TXN-004214,SG,2026-06,2026-06-23,WLF-1002,sup-solis,PPG / Nexa,"Sanding discs 150 mm, coarse",schleif,266,piece,66.41,17665.06,EUR,17665.06,synthetic-spend-SG.csv,True,direct
TXN-004215,SG,2026-07,2026-07-16,WLF-1002,sup-solis,PPG / Nexa,"Sanding discs 150 mm, coarse",schleif,236,piece,66.41,15672.76,EUR,15672.76,synthetic-spend-SG.csv,True,direct
TXN-004216,SG,2026-08,2026-08-22,WLF-1002,sup-solis,PPG / Nexa,"Sanding discs 150 mm, coarse",schleif,72,piece,66.41,4781.52,EUR,4781.52,synthetic-spend-SG.csv,True,direct
TXN-004217,SG,2026-01,2026-01-01,WLF-1003,sup-orbit,Würth,Standard masking tape,kleb,118,piece,25.97,3064.46,EUR,3064.46,synthetic-spend-SG.csv,True,indirect
TXN-004218,SG,2026-02,2026-02-26,WLF-1003,sup-orbit,Würth,Standard masking tape,kleb,194,piece,25.97,5038.18,EUR,5038.18,synthetic-spend-SG.csv,True,indirect
TXN-004219,SG,2026-03,2026-03-10,WLF-1003,sup-orbit,Würth,Standard masking tape,kleb,66,piece,25.97,1714.02,EUR,1714.02,synthetic-spend-SG.csv,True,indirect
TXN-004220,SG,2026-04,2026-04-13,WLF-1003,sup-orbit,Würth,Standard masking tape,kleb,249,piece,25.97,6466.53,EUR,6466.53,synthetic-spend-SG.csv,True,indirect
TXN-004221,SG,2026-05,2026-05-27,WLF-1003,sup-orbit,Würth,Standard masking tape,kleb,296,piece,25.97,7687.12,EUR,7687.12,synthetic-spend-SG.csv,True,indirect
TXN-004222,SG,2026-06,2026-06-18,WLF-1003,sup-orbit,Würth,Standard masking tape,kleb,205,piece,25.97,5323.85,EUR,5323.85,synthetic-spend-SG.csv,True,indirect
TXN-004223,SG,2026-07,2026-07-18,WLF-1003,sup-orbit,Würth,Standard masking tape,kleb,325,piece,25.97,8440.25,EUR,8440.25,synthetic-spend-SG.csv,True,indirect
TXN-004224,SG,2026-08,2026-08-10,WLF-1003,sup-orbit,Würth,Standard masking tape,kleb,241,piece,25.97,6258.77,EUR,6258.77,synthetic-spend-SG.csv,True,indirect
TXN-004225,SG,2026-01,2026-01-06,WLF-1004,sup-helio,Kovax,Cutting compound (coarse/medium),polier,142,piece,40.26,5716.92,EUR,5716.92,synthetic-spend-SG.csv,True,direct
TXN-004226,SG,2026-02,2026-02-17,WLF-1004,sup-helio,Kovax,Cutting compound (coarse/medium),polier,144,piece,40.26,5797.44,EUR,5797.44,synthetic-spend-SG.csv,True,direct
TXN-004227,SG,2026-03,2026-03-25,WLF-1004,sup-helio,Kovax,Cutting compound (coarse/medium),polier,327,piece,40.26,13165.02,EUR,13165.02,synthetic-spend-SG.csv,True,direct
TXN-004228,SG,2026-04,2026-04-18,WLF-1004,sup-helio,Kovax,Cutting compound (coarse/medium),polier,231,piece,40.26,9300.06,EUR,9300.06,synthetic-spend-SG.csv,True,direct
TXN-004229,SG,2026-05,2026-05-27,WLF-1004,sup-helio,Kovax,Cutting compound (coarse/medium),polier,138,piece,40.26,5555.88,EUR,5555.88,synthetic-spend-SG.csv,True,direct
TXN-004230,SG,2026-06,2026-06-23,WLF-1004,sup-helio,Kovax,Cutting compound (coarse/medium),polier,90,piece,40.26,3623.4,EUR,3623.4,synthetic-spend-SG.csv,True,direct
TXN-004231,SG,2026-07,2026-07-22,WLF-1004,sup-helio,Kovax,Cutting compound (coarse/medium),polier,147,piece,40.26,5918.22,EUR,5918.22,synthetic-spend-SG.csv,True,direct
TXN-004232,SG,2026-08,2026-08-17,WLF-1004,sup-helio,Kovax,Cutting compound (coarse/medium),polier,197,piece,40.26,7931.22,EUR,7931.22,synthetic-spend-SG.csv,True,direct
TXN-004233,SG,2026-01,2026-01-05,WLF-1005,sup-vanta,Starcke,Solvent-based silicone remover,kabine,144,piece,63.15,9093.6,EUR,9093.6,synthetic-spend-SG.csv,True,direct
TXN-004234,SG,2026-02,2026-02-20,WLF-1005,sup-vanta,Starcke,Solvent-based silicone remover,kabine,99,piece,63.15,6251.85,EUR,6251.85,synthetic-spend-SG.csv,True,direct
TXN-004235,SG,2026-03,2026-03-26,WLF-1005,sup-vanta,Starcke,Solvent-based silicone remover,kabine,232,piece,63.15,14650.8,EUR,14650.8,synthetic-spend-SG.csv,True,direct
TXN-004236,SG,2026-04,2026-04-20,WLF-1005,sup-vanta,Starcke,Solvent-based silicone remover,kabine,215,piece,63.15,13577.25,EUR,13577.25,synthetic-spend-SG.csv,True,direct
TXN-004237,SG,2026-05,2026-05-10,WLF-1005,sup-vanta,Starcke,Solvent-based silicone remover,kabine,324,piece,63.15,20460.6,EUR,20460.6,synthetic-spend-SG.csv,True,direct
TXN-004238,SG,2026-06,2026-06-10,WLF-1005,sup-vanta,Starcke,Solvent-based silicone remover,kabine,79,piece,63.15,4988.85,EUR,4988.85,synthetic-spend-SG.csv,True,direct
TXN-004239,SG,2026-07,2026-07-26,WLF-1005,sup-vanta,Starcke,Solvent-based silicone remover,kabine,237,piece,63.15,14966.55,EUR,14966.55,synthetic-spend-SG.csv,True,direct
TXN-004240,SG,2026-08,2026-08-15,WLF-1005,sup-vanta,Starcke,Solvent-based silicone remover,kabine,256,piece,63.15,16166.4,EUR,16166.4,synthetic-spend-SG.csv,True,direct
TXN-004241,SG,2026-01,2026-01-16,WLF-1006,sup-aster,3M,Half mask / spray-painting respirator,psa,35,piece,33.4,1169.0,EUR,1169.0,synthetic-spend-SG.csv,True,indirect
TXN-004242,SG,2026-02,2026-02-19,WLF-1006,sup-aster,3M,Half mask / spray-painting respirator,psa,204,piece,33.4,6813.6,EUR,6813.6,synthetic-spend-SG.csv,True,indirect
TXN-004243,SG,2026-03,2026-03-18,WLF-1006,sup-aster,3M,Half mask / spray-painting respirator,psa,316,piece,33.4,10554.4,EUR,10554.4,synthetic-spend-SG.csv,True,indirect
TXN-004244,SG,2026-04,2026-04-13,WLF-1006,sup-aster,3M,Half mask / spray-painting respirator,psa,222,piece,33.4,7414.8,EUR,7414.8,synthetic-spend-SG.csv,True,indirect
TXN-004245,SG,2026-05,2026-05-23,WLF-1006,sup-aster,3M,Half mask / spray-painting respirator,psa,284,piece,33.4,9485.6,EUR,9485.6,synthetic-spend-SG.csv,True,indirect
TXN-004246,SG,2026-06,2026-06-27,WLF-1006,sup-aster,3M,Half mask / spray-painting respirator,psa,271,piece,33.4,9051.4,EUR,9051.4,synthetic-spend-SG.csv,True,indirect
TXN-004247,SG,2026-07,2026-07-01,WLF-1006,sup-aster,3M,Half mask / spray-painting respirator,psa,196,piece,33.4,6546.4,EUR,6546.4,synthetic-spend-SG.csv,True,indirect
TXN-004248,SG,2026-08,2026-08-01,WLF-1006,sup-aster,3M,Half mask / spray-painting respirator,psa,77,piece,33.4,2571.8,EUR,2571.8,synthetic-spend-SG.csv,True,indirect
TXN-004249,SG,2026-01,2026-01-23,WLF-1007,sup-velora,Glasurit (BASF),"Random orbital sander 150 mm, 5 mm orbit",werkstatt,33,piece,43.79,1445.07,EUR,1445.07,synthetic-spend-SG.csv,True,direct
TXN-004250,SG,2026-02,2026-02-12,WLF-1007,sup-velora,Glasurit (BASF),"Random orbital sander 150 mm, 5 mm orbit",werkstatt,142,piece,43.79,6218.18,EUR,6218.18,synthetic-spend-SG.csv,True,direct
TXN-004251,SG,2026-03,2026-03-08,WLF-1007,sup-velora,Glasurit (BASF),"Random orbital sander 150 mm, 5 mm orbit",werkstatt,283,piece,43.79,12392.57,EUR,12392.57,synthetic-spend-SG.csv,True,direct
TXN-004252,SG,2026-04,2026-04-20,WLF-1007,sup-velora,Glasurit (BASF),"Random orbital sander 150 mm, 5 mm orbit",werkstatt,182,piece,43.79,7969.78,EUR,7969.78,synthetic-spend-SG.csv,True,direct
TXN-004253,SG,2026-05,2026-05-10,WLF-1007,sup-velora,Glasurit (BASF),"Random orbital sander 150 mm, 5 mm orbit",werkstatt,173,piece,43.79,7575.67,EUR,7575.67,synthetic-spend-SG.csv,True,direct
TXN-004254,SG,2026-06,2026-06-09,WLF-1007,sup-velora,Glasurit (BASF),"Random orbital sander 150 mm, 5 mm orbit",werkstatt,83,piece,43.79,3634.57,EUR,3634.57,synthetic-spend-SG.csv,True,direct
TXN-004255,SG,2026-07,2026-07-10,WLF-1007,sup-velora,Glasurit (BASF),"Random orbital sander 150 mm, 5 mm orbit",werkstatt,309,piece,43.79,13531.11,EUR,13531.11,synthetic-spend-SG.csv,True,direct
TXN-004256,SG,2026-08,2026-08-21,WLF-1007,sup-velora,Glasurit (BASF),"Random orbital sander 150 mm, 5 mm orbit",werkstatt,97,piece,43.79,4247.63,EUR,4247.63,synthetic-spend-SG.csv,True,direct
TXN-004257,SG,2026-01,2026-01-19,WLF-1008,sup-lumen,Finixa,Paint cup for compressed-air spray gun,lack,316,piece,65.1,20571.6,EUR,20571.6,synthetic-spend-SG.csv,True,direct
TXN-004258,SG,2026-02,2026-02-04,WLF-1008,sup-lumen,Finixa,Paint cup for compressed-air spray gun,lack,199,piece,65.1,12954.9,EUR,12954.9,synthetic-spend-SG.csv,True,direct
TXN-004259,SG,2026-03,2026-03-06,WLF-1008,sup-lumen,Finixa,Paint cup for compressed-air spray gun,lack,121,piece,65.1,7877.1,EUR,7877.1,synthetic-spend-SG.csv,True,direct
TXN-004260,SG,2026-04,2026-04-22,WLF-1008,sup-lumen,Finixa,Paint cup for compressed-air spray gun,lack,73,piece,65.1,4752.3,EUR,4752.3,synthetic-spend-SG.csv,True,direct
TXN-004261,SG,2026-05,2026-05-27,WLF-1008,sup-lumen,Finixa,Paint cup for compressed-air spray gun,lack,274,piece,65.1,17837.4,EUR,17837.4,synthetic-spend-SG.csv,True,direct
TXN-004262,SG,2026-06,2026-06-02,WLF-1008,sup-lumen,Finixa,Paint cup for compressed-air spray gun,lack,158,piece,65.1,10285.8,EUR,10285.8,synthetic-spend-SG.csv,True,direct
TXN-004263,SG,2026-07,2026-07-24,WLF-1008,sup-lumen,Finixa,Paint cup for compressed-air spray gun,lack,193,piece,65.1,12564.3,EUR,12564.3,synthetic-spend-SG.csv,True,direct
TXN-004264,SG,2026-08,2026-08-04,WLF-1008,sup-lumen,Finixa,Paint cup for compressed-air spray gun,lack,242,piece,65.1,15754.2,EUR,15754.2,synthetic-spend-SG.csv,True,direct
TXN-004265,SG,2026-01,2026-01-08,WLF-1009,sup-novex,Mirka,"Sanding discs 150 mm, intermediate",schleif,248,piece,66.55,16504.4,EUR,16504.4,synthetic-spend-SG.csv,True,indirect
TXN-004266,SG,2026-02,2026-02-26,WLF-1009,sup-novex,Mirka,"Sanding discs 150 mm, intermediate",schleif,34,piece,66.55,2262.7,EUR,2262.7,synthetic-spend-SG.csv,True,indirect
TXN-004267,SG,2026-03,2026-03-18,WLF-1009,sup-novex,Mirka,"Sanding discs 150 mm, intermediate",schleif,102,piece,66.55,6788.1,EUR,6788.1,synthetic-spend-SG.csv,True,indirect
TXN-004268,SG,2026-04,2026-04-14,WLF-1009,sup-novex,Mirka,"Sanding discs 150 mm, intermediate",schleif,261,piece,66.55,17369.55,EUR,17369.55,synthetic-spend-SG.csv,True,indirect
TXN-004269,SG,2026-05,2026-05-09,WLF-1009,sup-novex,Mirka,"Sanding discs 150 mm, intermediate",schleif,57,piece,66.55,3793.35,EUR,3793.35,synthetic-spend-SG.csv,True,indirect
TXN-004270,SG,2026-06,2026-06-25,WLF-1009,sup-novex,Mirka,"Sanding discs 150 mm, intermediate",schleif,240,piece,66.55,15972.0,EUR,15972.0,synthetic-spend-SG.csv,True,indirect
TXN-004271,SG,2026-07,2026-07-26,WLF-1009,sup-novex,Mirka,"Sanding discs 150 mm, intermediate",schleif,147,piece,66.55,9782.85,EUR,9782.85,synthetic-spend-SG.csv,True,indirect
TXN-004272,SG,2026-08,2026-08-07,WLF-1009,sup-novex,Mirka,"Sanding discs 150 mm, intermediate",schleif,197,piece,66.55,13110.35,EUR,13110.35,synthetic-spend-SG.csv,True,indirect
TXN-004273,SG,2026-01,2026-01-08,WLF-1010,sup-arcus,SATA,Fine-line tape,kleb,310,piece,26.18,8115.8,EUR,8115.8,synthetic-spend-SG.csv,True,direct
TXN-004274,SG,2026-02,2026-02-16,WLF-1010,sup-arcus,SATA,Fine-line tape,kleb,287,piece,26.18,7513.66,EUR,7513.66,synthetic-spend-SG.csv,True,direct
TXN-004275,SG,2026-03,2026-03-19,WLF-1010,sup-arcus,SATA,Fine-line tape,kleb,238,piece,26.18,6230.84,EUR,6230.84,synthetic-spend-SG.csv,True,direct
TXN-004276,SG,2026-04,2026-04-14,WLF-1010,sup-arcus,SATA,Fine-line tape,kleb,180,piece,26.18,4712.4,EUR,4712.4,synthetic-spend-SG.csv,True,direct
TXN-004277,SG,2026-05,2026-05-03,WLF-1010,sup-arcus,SATA,Fine-line tape,kleb,228,piece,26.18,5969.04,EUR,5969.04,synthetic-spend-SG.csv,True,direct
TXN-004278,SG,2026-06,2026-06-15,WLF-1010,sup-arcus,SATA,Fine-line tape,kleb,104,piece,26.18,2722.72,EUR,2722.72,synthetic-spend-SG.csv,True,direct
TXN-004279,SG,2026-07,2026-07-11,WLF-1010,sup-arcus,SATA,Fine-line tape,kleb,260,piece,26.18,6806.8,EUR,6806.8,synthetic-spend-SG.csv,True,direct
TXN-004280,SG,2026-08,2026-08-15,WLF-1010,sup-arcus,SATA,Fine-line tape,kleb,283,piece,26.18,7408.94,EUR,7408.94,synthetic-spend-SG.csv,True,direct
TXN-004281,SG,2026-01,2026-01-06,WLF-1011,sup-cobalt,tesa,Polish (fine / anti-hologram),polier,137,piece,12.91,1768.67,EUR,1768.67,synthetic-spend-SG.csv,True,direct
TXN-004282,SG,2026-02,2026-02-27,WLF-1011,sup-cobalt,tesa,Polish (fine / anti-hologram),polier,129,piece,12.91,1665.39,EUR,1665.39,synthetic-spend-SG.csv,True,direct
TXN-004283,SG,2026-03,2026-03-08,WLF-1011,sup-cobalt,tesa,Polish (fine / anti-hologram),polier,185,piece,12.91,2388.35,EUR,2388.35,synthetic-spend-SG.csv,True,direct
TXN-004284,SG,2026-04,2026-04-08,WLF-1011,sup-cobalt,tesa,Polish (fine / anti-hologram),polier,266,piece,12.91,3434.06,EUR,3434.06,synthetic-spend-SG.csv,True,direct
TXN-004285,SG,2026-05,2026-05-09,WLF-1011,sup-cobalt,tesa,Polish (fine / anti-hologram),polier,329,piece,12.91,4247.39,EUR,4247.39,synthetic-spend-SG.csv,True,direct
TXN-004286,SG,2026-06,2026-06-23,WLF-1011,sup-cobalt,tesa,Polish (fine / anti-hologram),polier,210,piece,12.91,2711.1,EUR,2711.1,synthetic-spend-SG.csv,True,direct
TXN-004287,SG,2026-07,2026-07-28,WLF-1011,sup-cobalt,tesa,Polish (fine / anti-hologram),polier,104,piece,12.91,1342.64,EUR,1342.64,synthetic-spend-SG.csv,True,direct
TXN-004288,SG,2026-08,2026-08-17,WLF-1011,sup-cobalt,tesa,Polish (fine / anti-hologram),polier,247,piece,12.91,3188.77,EUR,3188.77,synthetic-spend-SG.csv,True,direct
TXN-004289,SG,2026-01,2026-01-16,WLF-1012,sup-solis,PPG / Nexa,Water-based silicone remover,kabine,284,piece,24.57,6977.88,EUR,6977.88,synthetic-spend-SG.csv,True,indirect
TXN-004290,SG,2026-02,2026-02-22,WLF-1012,sup-solis,PPG / Nexa,Water-based silicone remover,kabine,124,piece,24.57,3046.68,EUR,3046.68,synthetic-spend-SG.csv,True,indirect
TXN-004291,SG,2026-03,2026-03-12,WLF-1012,sup-solis,PPG / Nexa,Water-based silicone remover,kabine,82,piece,24.57,2014.74,EUR,2014.74,synthetic-spend-SG.csv,True,indirect
TXN-004292,SG,2026-04,2026-04-01,WLF-1012,sup-solis,PPG / Nexa,Water-based silicone remover,kabine,127,piece,24.57,3120.39,EUR,3120.39,synthetic-spend-SG.csv,True,indirect
TXN-004293,SG,2026-05,2026-05-07,WLF-1012,sup-solis,PPG / Nexa,Water-based silicone remover,kabine,156,piece,24.57,3832.92,EUR,3832.92,synthetic-spend-SG.csv,True,indirect
TXN-004294,SG,2026-06,2026-06-25,WLF-1012,sup-solis,PPG / Nexa,Water-based silicone remover,kabine,81,piece,24.57,1990.17,EUR,1990.17,synthetic-spend-SG.csv,True,indirect
TXN-004295,SG,2026-07,2026-07-19,WLF-1012,sup-solis,PPG / Nexa,Water-based silicone remover,kabine,217,piece,24.57,5331.69,EUR,5331.69,synthetic-spend-SG.csv,True,indirect
TXN-004296,SG,2026-08,2026-08-27,WLF-1012,sup-solis,PPG / Nexa,Water-based silicone remover,kabine,102,piece,24.57,2506.14,EUR,2506.14,synthetic-spend-SG.csv,True,indirect
TXN-004297,SG,2026-01,2026-01-18,WLF-1013,sup-orbit,Würth,A2 filter cartridges,psa,124,piece,6.79,841.96,EUR,841.96,synthetic-spend-SG.csv,True,direct
TXN-004298,SG,2026-02,2026-02-27,WLF-1013,sup-orbit,Würth,A2 filter cartridges,psa,307,piece,6.79,2084.53,EUR,2084.53,synthetic-spend-SG.csv,True,direct
TXN-004299,SG,2026-03,2026-03-20,WLF-1013,sup-orbit,Würth,A2 filter cartridges,psa,47,piece,6.79,319.13,EUR,319.13,synthetic-spend-SG.csv,True,direct
TXN-004300,SG,2026-04,2026-04-20,WLF-1013,sup-orbit,Würth,A2 filter cartridges,psa,198,piece,6.79,1344.42,EUR,1344.42,synthetic-spend-SG.csv,True,direct
TXN-004301,SG,2026-05,2026-05-03,WLF-1013,sup-orbit,Würth,A2 filter cartridges,psa,62,piece,6.79,420.98,EUR,420.98,synthetic-spend-SG.csv,True,direct
TXN-004302,SG,2026-06,2026-06-10,WLF-1013,sup-orbit,Würth,A2 filter cartridges,psa,95,piece,6.79,645.05,EUR,645.05,synthetic-spend-SG.csv,True,direct
TXN-004303,SG,2026-07,2026-07-11,WLF-1013,sup-orbit,Würth,A2 filter cartridges,psa,297,piece,6.79,2016.63,EUR,2016.63,synthetic-spend-SG.csv,True,direct
TXN-004304,SG,2026-08,2026-08-27,WLF-1013,sup-orbit,Würth,A2 filter cartridges,psa,141,piece,6.79,957.39,EUR,957.39,synthetic-spend-SG.csv,True,direct
TXN-004305,SG,2026-01,2026-01-09,WLF-1014,sup-helio,Kovax,Random orbital sander 77 mm,werkstatt,127,piece,33.47,4250.69,EUR,4250.69,synthetic-spend-SG.csv,True,direct
TXN-004306,SG,2026-02,2026-02-25,WLF-1014,sup-helio,Kovax,Random orbital sander 77 mm,werkstatt,312,piece,33.47,10442.64,EUR,10442.64,synthetic-spend-SG.csv,True,direct
TXN-004307,SG,2026-03,2026-03-10,WLF-1014,sup-helio,Kovax,Random orbital sander 77 mm,werkstatt,156,piece,33.47,5221.32,EUR,5221.32,synthetic-spend-SG.csv,True,direct
TXN-004308,SG,2026-04,2026-04-03,WLF-1014,sup-helio,Kovax,Random orbital sander 77 mm,werkstatt,170,piece,33.47,5689.9,EUR,5689.9,synthetic-spend-SG.csv,True,direct
TXN-004309,SG,2026-05,2026-05-19,WLF-1014,sup-helio,Kovax,Random orbital sander 77 mm,werkstatt,146,piece,33.47,4886.62,EUR,4886.62,synthetic-spend-SG.csv,True,direct
TXN-004310,SG,2026-06,2026-06-20,WLF-1014,sup-helio,Kovax,Random orbital sander 77 mm,werkstatt,89,piece,33.47,2978.83,EUR,2978.83,synthetic-spend-SG.csv,True,direct
TXN-004311,SG,2026-07,2026-07-15,WLF-1014,sup-helio,Kovax,Random orbital sander 77 mm,werkstatt,160,piece,33.47,5355.2,EUR,5355.2,synthetic-spend-SG.csv,True,direct
TXN-004312,SG,2026-08,2026-08-08,WLF-1014,sup-helio,Kovax,Random orbital sander 77 mm,werkstatt,135,piece,33.47,4518.45,EUR,4518.45,synthetic-spend-SG.csv,True,direct
TXN-004313,SG,2026-01,2026-01-03,WLF-1015,sup-vanta,Starcke,Paint strainers 125 µ / 200 µ,lack,301,piece,43.97,13234.97,EUR,13234.97,synthetic-spend-SG.csv,True,indirect
TXN-004314,SG,2026-02,2026-02-04,WLF-1015,sup-vanta,Starcke,Paint strainers 125 µ / 200 µ,lack,58,piece,43.97,2550.26,EUR,2550.26,synthetic-spend-SG.csv,True,indirect
TXN-004315,SG,2026-03,2026-03-01,WLF-1015,sup-vanta,Starcke,Paint strainers 125 µ / 200 µ,lack,207,piece,43.97,9101.79,EUR,9101.79,synthetic-spend-SG.csv,True,indirect
TXN-004316,SG,2026-04,2026-04-09,WLF-1015,sup-vanta,Starcke,Paint strainers 125 µ / 200 µ,lack,236,piece,43.97,10376.92,EUR,10376.92,synthetic-spend-SG.csv,True,indirect
TXN-004317,SG,2026-05,2026-05-08,WLF-1015,sup-vanta,Starcke,Paint strainers 125 µ / 200 µ,lack,150,piece,43.97,6595.5,EUR,6595.5,synthetic-spend-SG.csv,True,indirect
TXN-004318,SG,2026-06,2026-06-02,WLF-1015,sup-vanta,Starcke,Paint strainers 125 µ / 200 µ,lack,49,piece,43.97,2154.53,EUR,2154.53,synthetic-spend-SG.csv,True,indirect
TXN-004319,SG,2026-07,2026-07-08,WLF-1015,sup-vanta,Starcke,Paint strainers 125 µ / 200 µ,lack,284,piece,43.97,12487.48,EUR,12487.48,synthetic-spend-SG.csv,True,indirect
TXN-004320,SG,2026-08,2026-08-27,WLF-1015,sup-vanta,Starcke,Paint strainers 125 µ / 200 µ,lack,310,piece,43.97,13630.7,EUR,13630.7,synthetic-spend-SG.csv,True,indirect
TXN-004321,SG,2026-01,2026-01-24,WLF-1016,sup-aster,3M,"Sanding discs 150 mm, fine",schleif,74,piece,77.75,5753.5,EUR,5753.5,synthetic-spend-SG.csv,True,direct
TXN-004322,SG,2026-02,2026-02-03,WLF-1016,sup-aster,3M,"Sanding discs 150 mm, fine",schleif,82,piece,77.75,6375.5,EUR,6375.5,synthetic-spend-SG.csv,True,direct
TXN-004323,SG,2026-03,2026-03-17,WLF-1016,sup-aster,3M,"Sanding discs 150 mm, fine",schleif,162,piece,77.75,12595.5,EUR,12595.5,synthetic-spend-SG.csv,True,direct
TXN-004324,SG,2026-04,2026-04-10,WLF-1016,sup-aster,3M,"Sanding discs 150 mm, fine",schleif,120,piece,77.75,9330.0,EUR,9330.0,synthetic-spend-SG.csv,True,direct
TXN-004325,SG,2026-05,2026-05-21,WLF-1016,sup-aster,3M,"Sanding discs 150 mm, fine",schleif,279,piece,77.75,21692.25,EUR,21692.25,synthetic-spend-SG.csv,True,direct
TXN-004326,SG,2026-06,2026-06-21,WLF-1016,sup-aster,3M,"Sanding discs 150 mm, fine",schleif,233,piece,77.75,18115.75,EUR,18115.75,synthetic-spend-SG.csv,True,direct
TXN-004327,SG,2026-07,2026-07-08,WLF-1016,sup-aster,3M,"Sanding discs 150 mm, fine",schleif,292,piece,77.75,22703.0,EUR,22703.0,synthetic-spend-SG.csv,True,direct
TXN-004328,SG,2026-08,2026-08-04,WLF-1016,sup-aster,3M,"Sanding discs 150 mm, fine",schleif,36,piece,77.75,2799.0,EUR,2799.0,synthetic-spend-SG.csv,True,direct
TXN-004329,SG,2026-01,2026-01-02,WLF-1017,sup-velora,Glasurit (BASF),Contour tape,kleb,81,piece,23.38,1893.78,EUR,1893.78,synthetic-spend-SG.csv,False,direct
TXN-004330,SG,2026-02,2026-02-09,WLF-1017,sup-velora,Glasurit (BASF),Contour tape,kleb,201,piece,23.38,4699.38,EUR,4699.38,synthetic-spend-SG.csv,False,direct
TXN-004331,SG,2026-03,2026-03-21,WLF-1017,sup-velora,Glasurit (BASF),Contour tape,kleb,226,piece,23.38,5283.88,EUR,5283.88,synthetic-spend-SG.csv,False,direct
TXN-004332,SG,2026-04,2026-04-26,WLF-1017,sup-velora,Glasurit (BASF),Contour tape,kleb,62,piece,23.38,1449.56,EUR,1449.56,synthetic-spend-SG.csv,False,direct
TXN-004333,SG,2026-05,2026-05-21,WLF-1017,sup-velora,Glasurit (BASF),Contour tape,kleb,326,piece,23.38,7621.88,EUR,7621.88,synthetic-spend-SG.csv,False,direct
TXN-004334,SG,2026-06,2026-06-24,WLF-1017,sup-velora,Glasurit (BASF),Contour tape,kleb,270,piece,23.38,6312.6,EUR,6312.6,synthetic-spend-SG.csv,False,direct
TXN-004335,SG,2026-07,2026-07-07,WLF-1017,sup-velora,Glasurit (BASF),Contour tape,kleb,67,piece,23.38,1566.46,EUR,1566.46,synthetic-spend-SG.csv,False,direct
TXN-004336,SG,2026-08,2026-08-01,WLF-1017,sup-velora,Glasurit (BASF),Contour tape,kleb,125,piece,23.38,2922.5,EUR,2922.5,synthetic-spend-SG.csv,False,direct
TXN-004337,SG,2026-01,2026-01-18,WLF-1018,sup-lumen,Finixa,One-step cutting and polishing compound,polier,325,piece,40.2,13065.0,EUR,13065.0,synthetic-spend-SG.csv,False,indirect
TXN-004338,SG,2026-02,2026-02-25,WLF-1018,sup-lumen,Finixa,One-step cutting and polishing compound,polier,183,piece,40.2,7356.6,EUR,7356.6,synthetic-spend-SG.csv,False,indirect
TXN-004339,SG,2026-03,2026-03-22,WLF-1018,sup-lumen,Finixa,One-step cutting and polishing compound,polier,227,piece,40.2,9125.4,EUR,9125.4,synthetic-spend-SG.csv,False,indirect
TXN-004340,SG,2026-04,2026-04-24,WLF-1018,sup-lumen,Finixa,One-step cutting and polishing compound,polier,110,piece,40.2,4422.0,EUR,4422.0,synthetic-spend-SG.csv,False,indirect
TXN-004341,SG,2026-05,2026-05-21,WLF-1018,sup-lumen,Finixa,One-step cutting and polishing compound,polier,97,piece,40.2,3899.4,EUR,3899.4,synthetic-spend-SG.csv,False,indirect
TXN-004342,SG,2026-06,2026-06-05,WLF-1018,sup-lumen,Finixa,One-step cutting and polishing compound,polier,260,piece,40.2,10452.0,EUR,10452.0,synthetic-spend-SG.csv,False,indirect
TXN-004343,SG,2026-07,2026-07-23,WLF-1018,sup-lumen,Finixa,One-step cutting and polishing compound,polier,306,piece,40.2,12301.2,EUR,12301.2,synthetic-spend-SG.csv,False,indirect
TXN-004344,SG,2026-08,2026-08-24,WLF-1018,sup-lumen,Finixa,One-step cutting and polishing compound,polier,300,piece,40.2,12060.0,EUR,12060.0,synthetic-spend-SG.csv,False,indirect
TXN-004345,SG,2026-01,2026-01-26,WLF-1019,sup-novex,Mirka,Pre-saturated cleaning wipes,kabine,264,piece,75.79,20008.56,EUR,20008.56,synthetic-spend-SG.csv,False,direct
TXN-004346,SG,2026-02,2026-02-09,WLF-1019,sup-novex,Mirka,Pre-saturated cleaning wipes,kabine,237,piece,75.79,17962.23,EUR,17962.23,synthetic-spend-SG.csv,False,direct
TXN-004347,SG,2026-03,2026-03-16,WLF-1019,sup-novex,Mirka,Pre-saturated cleaning wipes,kabine,276,piece,75.79,20918.04,EUR,20918.04,synthetic-spend-SG.csv,False,direct
TXN-004348,SG,2026-04,2026-04-11,WLF-1019,sup-novex,Mirka,Pre-saturated cleaning wipes,kabine,71,piece,75.79,5381.09,EUR,5381.09,synthetic-spend-SG.csv,False,direct
TXN-004349,SG,2026-05,2026-05-22,WLF-1019,sup-novex,Mirka,Pre-saturated cleaning wipes,kabine,227,piece,75.79,17204.33,EUR,17204.33,synthetic-spend-SG.csv,False,direct
TXN-004350,SG,2026-06,2026-06-07,WLF-1019,sup-novex,Mirka,Pre-saturated cleaning wipes,kabine,38,piece,75.79,2880.02,EUR,2880.02,synthetic-spend-SG.csv,False,direct
TXN-004351,SG,2026-07,2026-07-21,WLF-1019,sup-novex,Mirka,Pre-saturated cleaning wipes,kabine,87,piece,75.79,6593.73,EUR,6593.73,synthetic-spend-SG.csv,False,direct
TXN-004352,SG,2026-08,2026-08-04,WLF-1019,sup-novex,Mirka,Pre-saturated cleaning wipes,kabine,276,piece,75.79,20918.04,EUR,20918.04,synthetic-spend-SG.csv,False,direct
TXN-004353,SG,2026-01,2026-01-23,WLF-1020,sup-arcus,SATA,P3 particulate filters,psa,158,piece,17.55,2772.9,EUR,2772.9,synthetic-spend-SG.csv,False,direct
TXN-004354,SG,2026-02,2026-02-27,WLF-1020,sup-arcus,SATA,P3 particulate filters,psa,277,piece,17.55,4861.35,EUR,4861.35,synthetic-spend-SG.csv,False,direct
TXN-004355,SG,2026-03,2026-03-13,WLF-1020,sup-arcus,SATA,P3 particulate filters,psa,317,piece,17.55,5563.35,EUR,5563.35,synthetic-spend-SG.csv,False,direct
TXN-004356,SG,2026-04,2026-04-03,WLF-1020,sup-arcus,SATA,P3 particulate filters,psa,135,piece,17.55,2369.25,EUR,2369.25,synthetic-spend-SG.csv,False,direct
TXN-004357,SG,2026-05,2026-05-21,WLF-1020,sup-arcus,SATA,P3 particulate filters,psa,320,piece,17.55,5616.0,EUR,5616.0,synthetic-spend-SG.csv,False,direct
TXN-004358,SG,2026-06,2026-06-26,WLF-1020,sup-arcus,SATA,P3 particulate filters,psa,153,piece,17.55,2685.15,EUR,2685.15,synthetic-spend-SG.csv,False,direct
TXN-004359,SG,2026-07,2026-07-08,WLF-1020,sup-arcus,SATA,P3 particulate filters,psa,215,piece,17.55,3773.25,EUR,3773.25,synthetic-spend-SG.csv,False,direct
TXN-004360,SG,2026-08,2026-08-21,WLF-1020,sup-arcus,SATA,P3 particulate filters,psa,151,piece,17.55,2650.05,EUR,2650.05,synthetic-spend-SG.csv,False,direct
TXN-004361,SG,2026-01,2026-01-09,WLF-1021,sup-cobalt,tesa,Electric random orbital sander 150 mm,werkstatt,215,piece,20.51,4409.65,EUR,4409.65,synthetic-spend-SG.csv,False,indirect
TXN-004362,SG,2026-02,2026-02-17,WLF-1021,sup-cobalt,tesa,Electric random orbital sander 150 mm,werkstatt,159,piece,20.51,3261.09,EUR,3261.09,synthetic-spend-SG.csv,False,indirect
TXN-004363,SG,2026-03,2026-03-02,WLF-1021,sup-cobalt,tesa,Electric random orbital sander 150 mm,werkstatt,256,piece,20.51,5250.56,EUR,5250.56,synthetic-spend-SG.csv,False,indirect
TXN-004364,SG,2026-04,2026-04-01,WLF-1021,sup-cobalt,tesa,Electric random orbital sander 150 mm,werkstatt,42,piece,20.51,861.42,EUR,861.42,synthetic-spend-SG.csv,False,indirect
TXN-004365,SG,2026-05,2026-05-27,WLF-1021,sup-cobalt,tesa,Electric random orbital sander 150 mm,werkstatt,299,piece,20.51,6132.49,EUR,6132.49,synthetic-spend-SG.csv,False,indirect
TXN-004366,SG,2026-06,2026-06-06,WLF-1021,sup-cobalt,tesa,Electric random orbital sander 150 mm,werkstatt,235,piece,20.51,4819.85,EUR,4819.85,synthetic-spend-SG.csv,False,indirect
TXN-004367,SG,2026-07,2026-07-19,WLF-1021,sup-cobalt,tesa,Electric random orbital sander 150 mm,werkstatt,200,piece,20.51,4102.0,EUR,4102.0,synthetic-spend-SG.csv,False,indirect
TXN-004368,SG,2026-08,2026-08-08,WLF-1021,sup-cobalt,tesa,Electric random orbital sander 150 mm,werkstatt,185,piece,20.51,3794.35,EUR,3794.35,synthetic-spend-SG.csv,False,indirect
TXN-004369,CL,2026-01,2026-01-26,WLF-1001,sup-solis,PPG / Nexa,Graduated mixing cup,lack,138,piece,27.02,3728.76,EUR,3728.76,synthetic-spend-CL.csv,True,direct
TXN-004370,CL,2026-02,2026-02-27,WLF-1001,sup-solis,PPG / Nexa,Graduated mixing cup,lack,182,piece,27.02,4917.64,EUR,4917.64,synthetic-spend-CL.csv,True,direct
TXN-004371,CL,2026-03,2026-03-25,WLF-1001,sup-solis,PPG / Nexa,Graduated mixing cup,lack,296,piece,27.02,7997.92,EUR,7997.92,synthetic-spend-CL.csv,True,direct
TXN-004372,CL,2026-04,2026-04-23,WLF-1001,sup-solis,PPG / Nexa,Graduated mixing cup,lack,280,piece,27.02,7565.6,EUR,7565.6,synthetic-spend-CL.csv,True,direct
TXN-004373,CL,2026-05,2026-05-24,WLF-1001,sup-solis,PPG / Nexa,Graduated mixing cup,lack,99,piece,27.02,2674.98,EUR,2674.98,synthetic-spend-CL.csv,True,direct
TXN-004374,CL,2026-06,2026-06-17,WLF-1001,sup-solis,PPG / Nexa,Graduated mixing cup,lack,273,piece,27.02,7376.46,EUR,7376.46,synthetic-spend-CL.csv,True,direct
TXN-004375,CL,2026-07,2026-07-04,WLF-1001,sup-solis,PPG / Nexa,Graduated mixing cup,lack,219,piece,27.02,5917.38,EUR,5917.38,synthetic-spend-CL.csv,True,direct
TXN-004376,CL,2026-08,2026-08-25,WLF-1001,sup-solis,PPG / Nexa,Graduated mixing cup,lack,297,piece,27.02,8024.94,EUR,8024.94,synthetic-spend-CL.csv,True,direct
TXN-004377,CL,2026-01,2026-01-13,WLF-1002,sup-orbit,Würth,"Sanding discs 150 mm, coarse",schleif,153,piece,90.78,13889.34,EUR,13889.34,synthetic-spend-CL.csv,True,indirect
TXN-004378,CL,2026-02,2026-02-22,WLF-1002,sup-orbit,Würth,"Sanding discs 150 mm, coarse",schleif,59,piece,90.78,5356.02,EUR,5356.02,synthetic-spend-CL.csv,True,indirect
TXN-004379,CL,2026-03,2026-03-14,WLF-1002,sup-orbit,Würth,"Sanding discs 150 mm, coarse",schleif,273,piece,90.78,24782.94,EUR,24782.94,synthetic-spend-CL.csv,True,indirect
TXN-004380,CL,2026-04,2026-04-27,WLF-1002,sup-orbit,Würth,"Sanding discs 150 mm, coarse",schleif,281,piece,90.78,25509.18,EUR,25509.18,synthetic-spend-CL.csv,True,indirect
TXN-004381,CL,2026-05,2026-05-14,WLF-1002,sup-orbit,Würth,"Sanding discs 150 mm, coarse",schleif,111,piece,90.78,10076.58,EUR,10076.58,synthetic-spend-CL.csv,True,indirect
TXN-004382,CL,2026-06,2026-06-05,WLF-1002,sup-orbit,Würth,"Sanding discs 150 mm, coarse",schleif,313,piece,90.78,28414.14,EUR,28414.14,synthetic-spend-CL.csv,True,indirect
TXN-004383,CL,2026-07,2026-07-03,WLF-1002,sup-orbit,Würth,"Sanding discs 150 mm, coarse",schleif,229,piece,90.78,20788.62,EUR,20788.62,synthetic-spend-CL.csv,True,indirect
TXN-004384,CL,2026-08,2026-08-12,WLF-1002,sup-orbit,Würth,"Sanding discs 150 mm, coarse",schleif,25,piece,90.78,2269.5,EUR,2269.5,synthetic-spend-CL.csv,True,indirect
TXN-004385,CL,2026-01,2026-01-15,WLF-1003,sup-helio,Kovax,Standard masking tape,kleb,79,piece,30.9,2441.1,EUR,2441.1,synthetic-spend-CL.csv,True,direct
TXN-004386,CL,2026-02,2026-02-05,WLF-1003,sup-helio,Kovax,Standard masking tape,kleb,230,piece,30.9,7107.0,EUR,7107.0,synthetic-spend-CL.csv,True,direct
TXN-004387,CL,2026-03,2026-03-22,WLF-1003,sup-helio,Kovax,Standard masking tape,kleb,92,piece,30.9,2842.8,EUR,2842.8,synthetic-spend-CL.csv,True,direct
TXN-004388,CL,2026-04,2026-04-08,WLF-1003,sup-helio,Kovax,Standard masking tape,kleb,47,piece,30.9,1452.3,EUR,1452.3,synthetic-spend-CL.csv,True,direct
TXN-004389,CL,2026-05,2026-05-04,WLF-1003,sup-helio,Kovax,Standard masking tape,kleb,184,piece,30.9,5685.6,EUR,5685.6,synthetic-spend-CL.csv,True,direct
TXN-004390,CL,2026-06,2026-06-08,WLF-1003,sup-helio,Kovax,Standard masking tape,kleb,187,piece,30.9,5778.3,EUR,5778.3,synthetic-spend-CL.csv,True,direct
TXN-004391,CL,2026-07,2026-07-20,WLF-1003,sup-helio,Kovax,Standard masking tape,kleb,225,piece,30.9,6952.5,EUR,6952.5,synthetic-spend-CL.csv,True,direct
TXN-004392,CL,2026-08,2026-08-07,WLF-1003,sup-helio,Kovax,Standard masking tape,kleb,259,piece,30.9,8003.1,EUR,8003.1,synthetic-spend-CL.csv,True,direct
TXN-004393,CL,2026-01,2026-01-24,WLF-1004,sup-vanta,Starcke,Cutting compound (coarse/medium),polier,92,piece,22.73,2091.16,EUR,2091.16,synthetic-spend-CL.csv,True,direct
TXN-004394,CL,2026-02,2026-02-01,WLF-1004,sup-vanta,Starcke,Cutting compound (coarse/medium),polier,156,piece,22.73,3545.88,EUR,3545.88,synthetic-spend-CL.csv,True,direct
TXN-004395,CL,2026-03,2026-03-10,WLF-1004,sup-vanta,Starcke,Cutting compound (coarse/medium),polier,214,piece,22.73,4864.22,EUR,4864.22,synthetic-spend-CL.csv,True,direct
TXN-004396,CL,2026-04,2026-04-02,WLF-1004,sup-vanta,Starcke,Cutting compound (coarse/medium),polier,87,piece,22.73,1977.51,EUR,1977.51,synthetic-spend-CL.csv,True,direct
TXN-004397,CL,2026-05,2026-05-07,WLF-1004,sup-vanta,Starcke,Cutting compound (coarse/medium),polier,80,piece,22.73,1818.4,EUR,1818.4,synthetic-spend-CL.csv,True,direct
TXN-004398,CL,2026-06,2026-06-25,WLF-1004,sup-vanta,Starcke,Cutting compound (coarse/medium),polier,28,piece,22.73,636.44,EUR,636.44,synthetic-spend-CL.csv,True,direct
TXN-004399,CL,2026-07,2026-07-25,WLF-1004,sup-vanta,Starcke,Cutting compound (coarse/medium),polier,156,piece,22.73,3545.88,EUR,3545.88,synthetic-spend-CL.csv,True,direct
TXN-004400,CL,2026-08,2026-08-28,WLF-1004,sup-vanta,Starcke,Cutting compound (coarse/medium),polier,197,piece,22.73,4477.81,EUR,4477.81,synthetic-spend-CL.csv,True,direct
TXN-004401,CL,2026-01,2026-01-13,WLF-1005,sup-aster,3M,Solvent-based silicone remover,kabine,297,piece,60.06,17837.82,EUR,17837.82,synthetic-spend-CL.csv,True,indirect
TXN-004402,CL,2026-02,2026-02-27,WLF-1005,sup-aster,3M,Solvent-based silicone remover,kabine,158,piece,60.06,9489.48,EUR,9489.48,synthetic-spend-CL.csv,True,indirect
TXN-004403,CL,2026-03,2026-03-04,WLF-1005,sup-aster,3M,Solvent-based silicone remover,kabine,179,piece,60.06,10750.74,EUR,10750.74,synthetic-spend-CL.csv,True,indirect
TXN-004404,CL,2026-04,2026-04-25,WLF-1005,sup-aster,3M,Solvent-based silicone remover,kabine,67,piece,60.06,4024.02,EUR,4024.02,synthetic-spend-CL.csv,True,indirect
TXN-004405,CL,2026-05,2026-05-13,WLF-1005,sup-aster,3M,Solvent-based silicone remover,kabine,54,piece,60.06,3243.24,EUR,3243.24,synthetic-spend-CL.csv,True,indirect
TXN-004406,CL,2026-06,2026-06-03,WLF-1005,sup-aster,3M,Solvent-based silicone remover,kabine,171,piece,60.06,10270.26,EUR,10270.26,synthetic-spend-CL.csv,True,indirect
TXN-004407,CL,2026-07,2026-07-05,WLF-1005,sup-aster,3M,Solvent-based silicone remover,kabine,170,piece,60.06,10210.2,EUR,10210.2,synthetic-spend-CL.csv,True,indirect
TXN-004408,CL,2026-08,2026-08-11,WLF-1005,sup-aster,3M,Solvent-based silicone remover,kabine,277,piece,60.06,16636.62,EUR,16636.62,synthetic-spend-CL.csv,True,indirect
TXN-004409,CL,2026-01,2026-01-23,WLF-1006,sup-velora,Glasurit (BASF),Half mask / spray-painting respirator,psa,147,piece,30.71,4514.37,EUR,4514.37,synthetic-spend-CL.csv,True,direct
TXN-004410,CL,2026-02,2026-02-23,WLF-1006,sup-velora,Glasurit (BASF),Half mask / spray-painting respirator,psa,143,piece,30.71,4391.53,EUR,4391.53,synthetic-spend-CL.csv,True,direct
TXN-004411,CL,2026-03,2026-03-09,WLF-1006,sup-velora,Glasurit (BASF),Half mask / spray-painting respirator,psa,83,piece,30.71,2548.93,EUR,2548.93,synthetic-spend-CL.csv,True,direct
TXN-004412,CL,2026-04,2026-04-15,WLF-1006,sup-velora,Glasurit (BASF),Half mask / spray-painting respirator,psa,113,piece,30.71,3470.23,EUR,3470.23,synthetic-spend-CL.csv,True,direct
TXN-004413,CL,2026-05,2026-05-20,WLF-1006,sup-velora,Glasurit (BASF),Half mask / spray-painting respirator,psa,45,piece,30.71,1381.95,EUR,1381.95,synthetic-spend-CL.csv,True,direct
TXN-004414,CL,2026-06,2026-06-20,WLF-1006,sup-velora,Glasurit (BASF),Half mask / spray-painting respirator,psa,296,piece,30.71,9090.16,EUR,9090.16,synthetic-spend-CL.csv,True,direct
TXN-004415,CL,2026-07,2026-07-01,WLF-1006,sup-velora,Glasurit (BASF),Half mask / spray-painting respirator,psa,135,piece,30.71,4145.85,EUR,4145.85,synthetic-spend-CL.csv,True,direct
TXN-004416,CL,2026-08,2026-08-26,WLF-1006,sup-velora,Glasurit (BASF),Half mask / spray-painting respirator,psa,92,piece,30.71,2825.32,EUR,2825.32,synthetic-spend-CL.csv,True,direct
TXN-004417,CL,2026-01,2026-01-02,WLF-1007,sup-lumen,Finixa,"Random orbital sander 150 mm, 5 mm orbit",werkstatt,264,piece,61.8,16315.2,EUR,16315.2,synthetic-spend-CL.csv,True,direct
TXN-004418,CL,2026-02,2026-02-24,WLF-1007,sup-lumen,Finixa,"Random orbital sander 150 mm, 5 mm orbit",werkstatt,204,piece,61.8,12607.2,EUR,12607.2,synthetic-spend-CL.csv,True,direct
TXN-004419,CL,2026-03,2026-03-15,WLF-1007,sup-lumen,Finixa,"Random orbital sander 150 mm, 5 mm orbit",werkstatt,98,piece,61.8,6056.4,EUR,6056.4,synthetic-spend-CL.csv,True,direct
TXN-004420,CL,2026-04,2026-04-01,WLF-1007,sup-lumen,Finixa,"Random orbital sander 150 mm, 5 mm orbit",werkstatt,99,piece,61.8,6118.2,EUR,6118.2,synthetic-spend-CL.csv,True,direct
TXN-004421,CL,2026-05,2026-05-18,WLF-1007,sup-lumen,Finixa,"Random orbital sander 150 mm, 5 mm orbit",werkstatt,239,piece,61.8,14770.2,EUR,14770.2,synthetic-spend-CL.csv,True,direct
TXN-004422,CL,2026-06,2026-06-27,WLF-1007,sup-lumen,Finixa,"Random orbital sander 150 mm, 5 mm orbit",werkstatt,166,piece,61.8,10258.8,EUR,10258.8,synthetic-spend-CL.csv,True,direct
TXN-004423,CL,2026-07,2026-07-08,WLF-1007,sup-lumen,Finixa,"Random orbital sander 150 mm, 5 mm orbit",werkstatt,179,piece,61.8,11062.2,EUR,11062.2,synthetic-spend-CL.csv,True,direct
TXN-004424,CL,2026-08,2026-08-23,WLF-1007,sup-lumen,Finixa,"Random orbital sander 150 mm, 5 mm orbit",werkstatt,323,piece,61.8,19961.4,EUR,19961.4,synthetic-spend-CL.csv,True,direct
TXN-004425,CL,2026-01,2026-01-14,WLF-1008,sup-novex,Mirka,Paint cup for compressed-air spray gun,lack,192,piece,57.8,11097.6,EUR,11097.6,synthetic-spend-CL.csv,True,indirect
TXN-004426,CL,2026-02,2026-02-20,WLF-1008,sup-novex,Mirka,Paint cup for compressed-air spray gun,lack,255,piece,57.8,14739.0,EUR,14739.0,synthetic-spend-CL.csv,True,indirect
TXN-004427,CL,2026-03,2026-03-27,WLF-1008,sup-novex,Mirka,Paint cup for compressed-air spray gun,lack,170,piece,57.8,9826.0,EUR,9826.0,synthetic-spend-CL.csv,True,indirect
TXN-004428,CL,2026-04,2026-04-28,WLF-1008,sup-novex,Mirka,Paint cup for compressed-air spray gun,lack,89,piece,57.8,5144.2,EUR,5144.2,synthetic-spend-CL.csv,True,indirect
TXN-004429,CL,2026-05,2026-05-25,WLF-1008,sup-novex,Mirka,Paint cup for compressed-air spray gun,lack,27,piece,57.8,1560.6,EUR,1560.6,synthetic-spend-CL.csv,True,indirect
TXN-004430,CL,2026-06,2026-06-04,WLF-1008,sup-novex,Mirka,Paint cup for compressed-air spray gun,lack,154,piece,57.8,8901.2,EUR,8901.2,synthetic-spend-CL.csv,True,indirect
TXN-004431,CL,2026-07,2026-07-06,WLF-1008,sup-novex,Mirka,Paint cup for compressed-air spray gun,lack,103,piece,57.8,5953.4,EUR,5953.4,synthetic-spend-CL.csv,True,indirect
TXN-004432,CL,2026-08,2026-08-08,WLF-1008,sup-novex,Mirka,Paint cup for compressed-air spray gun,lack,310,piece,57.8,17918.0,EUR,17918.0,synthetic-spend-CL.csv,True,indirect
TXN-004433,CL,2026-01,2026-01-18,WLF-1009,sup-arcus,SATA,"Sanding discs 150 mm, intermediate",schleif,324,piece,37.38,12111.12,EUR,12111.12,synthetic-spend-CL.csv,True,direct
TXN-004434,CL,2026-02,2026-02-04,WLF-1009,sup-arcus,SATA,"Sanding discs 150 mm, intermediate",schleif,60,piece,37.38,2242.8,EUR,2242.8,synthetic-spend-CL.csv,True,direct
TXN-004435,CL,2026-03,2026-03-12,WLF-1009,sup-arcus,SATA,"Sanding discs 150 mm, intermediate",schleif,77,piece,37.38,2878.26,EUR,2878.26,synthetic-spend-CL.csv,True,direct
TXN-004436,CL,2026-04,2026-04-16,WLF-1009,sup-arcus,SATA,"Sanding discs 150 mm, intermediate",schleif,271,piece,37.38,10129.98,EUR,10129.98,synthetic-spend-CL.csv,True,direct
TXN-004437,CL,2026-05,2026-05-14,WLF-1009,sup-arcus,SATA,"Sanding discs 150 mm, intermediate",schleif,68,piece,37.38,2541.84,EUR,2541.84,synthetic-spend-CL.csv,True,direct
TXN-004438,CL,2026-06,2026-06-14,WLF-1009,sup-arcus,SATA,"Sanding discs 150 mm, intermediate",schleif,212,piece,37.38,7924.56,EUR,7924.56,synthetic-spend-CL.csv,True,direct
TXN-004439,CL,2026-07,2026-07-07,WLF-1009,sup-arcus,SATA,"Sanding discs 150 mm, intermediate",schleif,69,piece,37.38,2579.22,EUR,2579.22,synthetic-spend-CL.csv,True,direct
TXN-004440,CL,2026-08,2026-08-06,WLF-1009,sup-arcus,SATA,"Sanding discs 150 mm, intermediate",schleif,36,piece,37.38,1345.68,EUR,1345.68,synthetic-spend-CL.csv,True,direct
TXN-004441,CL,2026-01,2026-01-19,WLF-1010,sup-cobalt,tesa,Fine-line tape,kleb,53,piece,13.2,699.6,EUR,699.6,synthetic-spend-CL.csv,True,direct
TXN-004442,CL,2026-02,2026-02-05,WLF-1010,sup-cobalt,tesa,Fine-line tape,kleb,299,piece,13.2,3946.8,EUR,3946.8,synthetic-spend-CL.csv,True,direct
TXN-004443,CL,2026-03,2026-03-21,WLF-1010,sup-cobalt,tesa,Fine-line tape,kleb,109,piece,13.2,1438.8,EUR,1438.8,synthetic-spend-CL.csv,True,direct
TXN-004444,CL,2026-04,2026-04-26,WLF-1010,sup-cobalt,tesa,Fine-line tape,kleb,145,piece,13.2,1914.0,EUR,1914.0,synthetic-spend-CL.csv,True,direct
TXN-004445,CL,2026-05,2026-05-15,WLF-1010,sup-cobalt,tesa,Fine-line tape,kleb,128,piece,13.2,1689.6,EUR,1689.6,synthetic-spend-CL.csv,True,direct
TXN-004446,CL,2026-06,2026-06-01,WLF-1010,sup-cobalt,tesa,Fine-line tape,kleb,104,piece,13.2,1372.8,EUR,1372.8,synthetic-spend-CL.csv,True,direct
TXN-004447,CL,2026-07,2026-07-27,WLF-1010,sup-cobalt,tesa,Fine-line tape,kleb,246,piece,13.2,3247.2,EUR,3247.2,synthetic-spend-CL.csv,True,direct
TXN-004448,CL,2026-08,2026-08-20,WLF-1010,sup-cobalt,tesa,Fine-line tape,kleb,255,piece,13.2,3366.0,EUR,3366.0,synthetic-spend-CL.csv,True,direct
TXN-004449,CL,2026-01,2026-01-22,WLF-1011,sup-solis,PPG / Nexa,Polish (fine / anti-hologram),polier,37,piece,11.59,428.83,EUR,428.83,synthetic-spend-CL.csv,True,indirect
TXN-004450,CL,2026-02,2026-02-12,WLF-1011,sup-solis,PPG / Nexa,Polish (fine / anti-hologram),polier,304,piece,11.59,3523.36,EUR,3523.36,synthetic-spend-CL.csv,True,indirect
TXN-004451,CL,2026-03,2026-03-11,WLF-1011,sup-solis,PPG / Nexa,Polish (fine / anti-hologram),polier,69,piece,11.59,799.71,EUR,799.71,synthetic-spend-CL.csv,True,indirect
TXN-004452,CL,2026-04,2026-04-15,WLF-1011,sup-solis,PPG / Nexa,Polish (fine / anti-hologram),polier,62,piece,11.59,718.58,EUR,718.58,synthetic-spend-CL.csv,True,indirect
TXN-004453,CL,2026-05,2026-05-04,WLF-1011,sup-solis,PPG / Nexa,Polish (fine / anti-hologram),polier,30,piece,11.59,347.7,EUR,347.7,synthetic-spend-CL.csv,True,indirect
TXN-004454,CL,2026-06,2026-06-22,WLF-1011,sup-solis,PPG / Nexa,Polish (fine / anti-hologram),polier,30,piece,11.59,347.7,EUR,347.7,synthetic-spend-CL.csv,True,indirect
TXN-004455,CL,2026-07,2026-07-21,WLF-1011,sup-solis,PPG / Nexa,Polish (fine / anti-hologram),polier,150,piece,11.59,1738.5,EUR,1738.5,synthetic-spend-CL.csv,True,indirect
TXN-004456,CL,2026-08,2026-08-27,WLF-1011,sup-solis,PPG / Nexa,Polish (fine / anti-hologram),polier,226,piece,11.59,2619.34,EUR,2619.34,synthetic-spend-CL.csv,True,indirect
TXN-004457,CL,2026-01,2026-01-28,WLF-1012,sup-orbit,Würth,Water-based silicone remover,kabine,100,piece,30.65,3065.0,EUR,3065.0,synthetic-spend-CL.csv,True,direct
TXN-004458,CL,2026-02,2026-02-03,WLF-1012,sup-orbit,Würth,Water-based silicone remover,kabine,201,piece,30.65,6160.65,EUR,6160.65,synthetic-spend-CL.csv,True,direct
TXN-004459,CL,2026-03,2026-03-15,WLF-1012,sup-orbit,Würth,Water-based silicone remover,kabine,130,piece,30.65,3984.5,EUR,3984.5,synthetic-spend-CL.csv,True,direct
TXN-004460,CL,2026-04,2026-04-07,WLF-1012,sup-orbit,Würth,Water-based silicone remover,kabine,156,piece,30.65,4781.4,EUR,4781.4,synthetic-spend-CL.csv,True,direct
TXN-004461,CL,2026-05,2026-05-19,WLF-1012,sup-orbit,Würth,Water-based silicone remover,kabine,149,piece,30.65,4566.85,EUR,4566.85,synthetic-spend-CL.csv,True,direct
TXN-004462,CL,2026-06,2026-06-22,WLF-1012,sup-orbit,Würth,Water-based silicone remover,kabine,283,piece,30.65,8673.95,EUR,8673.95,synthetic-spend-CL.csv,True,direct
TXN-004463,CL,2026-07,2026-07-01,WLF-1012,sup-orbit,Würth,Water-based silicone remover,kabine,290,piece,30.65,8888.5,EUR,8888.5,synthetic-spend-CL.csv,True,direct
TXN-004464,CL,2026-08,2026-08-04,WLF-1012,sup-orbit,Würth,Water-based silicone remover,kabine,206,piece,30.65,6313.9,EUR,6313.9,synthetic-spend-CL.csv,True,direct
TXN-004465,CL,2026-01,2026-01-22,WLF-1013,sup-helio,Kovax,A2 filter cartridges,psa,312,piece,6.06,1890.72,EUR,1890.72,synthetic-spend-CL.csv,True,direct
TXN-004466,CL,2026-02,2026-02-24,WLF-1013,sup-helio,Kovax,A2 filter cartridges,psa,61,piece,6.06,369.66,EUR,369.66,synthetic-spend-CL.csv,True,direct
TXN-004467,CL,2026-03,2026-03-17,WLF-1013,sup-helio,Kovax,A2 filter cartridges,psa,244,piece,6.06,1478.64,EUR,1478.64,synthetic-spend-CL.csv,True,direct
TXN-004468,CL,2026-04,2026-04-15,WLF-1013,sup-helio,Kovax,A2 filter cartridges,psa,294,piece,6.06,1781.64,EUR,1781.64,synthetic-spend-CL.csv,True,direct
TXN-004469,CL,2026-05,2026-05-05,WLF-1013,sup-helio,Kovax,A2 filter cartridges,psa,303,piece,6.06,1836.18,EUR,1836.18,synthetic-spend-CL.csv,True,direct
TXN-004470,CL,2026-06,2026-06-11,WLF-1013,sup-helio,Kovax,A2 filter cartridges,psa,229,piece,6.06,1387.74,EUR,1387.74,synthetic-spend-CL.csv,True,direct
TXN-004471,CL,2026-07,2026-07-25,WLF-1013,sup-helio,Kovax,A2 filter cartridges,psa,321,piece,6.06,1945.26,EUR,1945.26,synthetic-spend-CL.csv,True,direct
TXN-004472,CL,2026-08,2026-08-23,WLF-1013,sup-helio,Kovax,A2 filter cartridges,psa,277,piece,6.06,1678.62,EUR,1678.62,synthetic-spend-CL.csv,True,direct
TXN-004473,CL,2026-01,2026-01-02,WLF-1014,sup-vanta,Starcke,Random orbital sander 77 mm,werkstatt,40,piece,26.29,1051.6,EUR,1051.6,synthetic-spend-CL.csv,True,indirect
TXN-004474,CL,2026-02,2026-02-23,WLF-1014,sup-vanta,Starcke,Random orbital sander 77 mm,werkstatt,178,piece,26.29,4679.62,EUR,4679.62,synthetic-spend-CL.csv,True,indirect
TXN-004475,CL,2026-03,2026-03-04,WLF-1014,sup-vanta,Starcke,Random orbital sander 77 mm,werkstatt,286,piece,26.29,7518.94,EUR,7518.94,synthetic-spend-CL.csv,True,indirect
TXN-004476,CL,2026-04,2026-04-27,WLF-1014,sup-vanta,Starcke,Random orbital sander 77 mm,werkstatt,156,piece,26.29,4101.24,EUR,4101.24,synthetic-spend-CL.csv,True,indirect
TXN-004477,CL,2026-05,2026-05-28,WLF-1014,sup-vanta,Starcke,Random orbital sander 77 mm,werkstatt,257,piece,26.29,6756.53,EUR,6756.53,synthetic-spend-CL.csv,True,indirect
TXN-004478,CL,2026-06,2026-06-11,WLF-1014,sup-vanta,Starcke,Random orbital sander 77 mm,werkstatt,50,piece,26.29,1314.5,EUR,1314.5,synthetic-spend-CL.csv,True,indirect
TXN-004479,CL,2026-07,2026-07-20,WLF-1014,sup-vanta,Starcke,Random orbital sander 77 mm,werkstatt,287,piece,26.29,7545.23,EUR,7545.23,synthetic-spend-CL.csv,True,indirect
TXN-004480,CL,2026-08,2026-08-13,WLF-1014,sup-vanta,Starcke,Random orbital sander 77 mm,werkstatt,291,piece,26.29,7650.39,EUR,7650.39,synthetic-spend-CL.csv,True,indirect
TXN-004481,CL,2026-01,2026-01-12,WLF-1015,sup-aster,3M,Paint strainers 125 µ / 200 µ,lack,70,piece,81.47,5702.9,EUR,5702.9,synthetic-spend-CL.csv,True,direct
TXN-004482,CL,2026-02,2026-02-12,WLF-1015,sup-aster,3M,Paint strainers 125 µ / 200 µ,lack,25,piece,81.47,2036.75,EUR,2036.75,synthetic-spend-CL.csv,True,direct
TXN-004483,CL,2026-03,2026-03-05,WLF-1015,sup-aster,3M,Paint strainers 125 µ / 200 µ,lack,28,piece,81.47,2281.16,EUR,2281.16,synthetic-spend-CL.csv,True,direct
TXN-004484,CL,2026-04,2026-04-26,WLF-1015,sup-aster,3M,Paint strainers 125 µ / 200 µ,lack,56,piece,81.47,4562.32,EUR,4562.32,synthetic-spend-CL.csv,True,direct
TXN-004485,CL,2026-05,2026-05-13,WLF-1015,sup-aster,3M,Paint strainers 125 µ / 200 µ,lack,73,piece,81.47,5947.31,EUR,5947.31,synthetic-spend-CL.csv,True,direct
TXN-004486,CL,2026-06,2026-06-22,WLF-1015,sup-aster,3M,Paint strainers 125 µ / 200 µ,lack,39,piece,81.47,3177.33,EUR,3177.33,synthetic-spend-CL.csv,True,direct
TXN-004487,CL,2026-07,2026-07-05,WLF-1015,sup-aster,3M,Paint strainers 125 µ / 200 µ,lack,203,piece,81.47,16538.41,EUR,16538.41,synthetic-spend-CL.csv,True,direct
TXN-004488,CL,2026-08,2026-08-19,WLF-1015,sup-aster,3M,Paint strainers 125 µ / 200 µ,lack,141,piece,81.47,11487.27,EUR,11487.27,synthetic-spend-CL.csv,True,direct
TXN-004489,CL,2026-01,2026-01-08,WLF-1016,sup-velora,Glasurit (BASF),"Sanding discs 150 mm, fine",schleif,71,piece,65.42,4644.82,EUR,4644.82,synthetic-spend-CL.csv,True,direct
TXN-004490,CL,2026-02,2026-02-12,WLF-1016,sup-velora,Glasurit (BASF),"Sanding discs 150 mm, fine",schleif,309,piece,65.42,20214.78,EUR,20214.78,synthetic-spend-CL.csv,True,direct
TXN-004491,CL,2026-03,2026-03-19,WLF-1016,sup-velora,Glasurit (BASF),"Sanding discs 150 mm, fine",schleif,228,piece,65.42,14915.76,EUR,14915.76,synthetic-spend-CL.csv,True,direct
TXN-004492,CL,2026-04,2026-04-24,WLF-1016,sup-velora,Glasurit (BASF),"Sanding discs 150 mm, fine",schleif,67,piece,65.42,4383.14,EUR,4383.14,synthetic-spend-CL.csv,True,direct
TXN-004493,CL,2026-05,2026-05-06,WLF-1016,sup-velora,Glasurit (BASF),"Sanding discs 150 mm, fine",schleif,149,piece,65.42,9747.58,EUR,9747.58,synthetic-spend-CL.csv,True,direct
TXN-004494,CL,2026-06,2026-06-11,WLF-1016,sup-velora,Glasurit (BASF),"Sanding discs 150 mm, fine",schleif,229,piece,65.42,14981.18,EUR,14981.18,synthetic-spend-CL.csv,True,direct
TXN-004495,CL,2026-07,2026-07-26,WLF-1016,sup-velora,Glasurit (BASF),"Sanding discs 150 mm, fine",schleif,132,piece,65.42,8635.44,EUR,8635.44,synthetic-spend-CL.csv,True,direct
TXN-004496,CL,2026-08,2026-08-13,WLF-1016,sup-velora,Glasurit (BASF),"Sanding discs 150 mm, fine",schleif,35,piece,65.42,2289.7,EUR,2289.7,synthetic-spend-CL.csv,True,direct
TXN-004497,CL,2026-01,2026-01-24,WLF-1017,sup-lumen,Finixa,Contour tape,kleb,85,piece,15.96,1356.6,EUR,1356.6,synthetic-spend-CL.csv,False,indirect
TXN-004498,CL,2026-02,2026-02-18,WLF-1017,sup-lumen,Finixa,Contour tape,kleb,196,piece,15.96,3128.16,EUR,3128.16,synthetic-spend-CL.csv,False,indirect
TXN-004499,CL,2026-03,2026-03-01,WLF-1017,sup-lumen,Finixa,Contour tape,kleb,317,piece,15.96,5059.32,EUR,5059.32,synthetic-spend-CL.csv,False,indirect
TXN-004500,CL,2026-04,2026-04-06,WLF-1017,sup-lumen,Finixa,Contour tape,kleb,35,piece,15.96,558.6,EUR,558.6,synthetic-spend-CL.csv,False,indirect
TXN-004501,CL,2026-05,2026-05-19,WLF-1017,sup-lumen,Finixa,Contour tape,kleb,168,piece,15.96,2681.28,EUR,2681.28,synthetic-spend-CL.csv,False,indirect
TXN-004502,CL,2026-06,2026-06-02,WLF-1017,sup-lumen,Finixa,Contour tape,kleb,97,piece,15.96,1548.12,EUR,1548.12,synthetic-spend-CL.csv,False,indirect
TXN-004503,CL,2026-07,2026-07-22,WLF-1017,sup-lumen,Finixa,Contour tape,kleb,251,piece,15.96,4005.96,EUR,4005.96,synthetic-spend-CL.csv,False,indirect
TXN-004504,CL,2026-08,2026-08-11,WLF-1017,sup-lumen,Finixa,Contour tape,kleb,95,piece,15.96,1516.2,EUR,1516.2,synthetic-spend-CL.csv,False,indirect
TXN-004505,CL,2026-01,2026-01-06,WLF-1018,sup-novex,Mirka,One-step cutting and polishing compound,polier,88,piece,46.01,4048.88,EUR,4048.88,synthetic-spend-CL.csv,False,direct
TXN-004506,CL,2026-02,2026-02-18,WLF-1018,sup-novex,Mirka,One-step cutting and polishing compound,polier,72,piece,46.01,3312.72,EUR,3312.72,synthetic-spend-CL.csv,False,direct
TXN-004507,CL,2026-03,2026-03-16,WLF-1018,sup-novex,Mirka,One-step cutting and polishing compound,polier,156,piece,46.01,7177.56,EUR,7177.56,synthetic-spend-CL.csv,False,direct
TXN-004508,CL,2026-04,2026-04-24,WLF-1018,sup-novex,Mirka,One-step cutting and polishing compound,polier,28,piece,46.01,1288.28,EUR,1288.28,synthetic-spend-CL.csv,False,direct
TXN-004509,CL,2026-05,2026-05-21,WLF-1018,sup-novex,Mirka,One-step cutting and polishing compound,polier,263,piece,46.01,12100.63,EUR,12100.63,synthetic-spend-CL.csv,False,direct
TXN-004510,CL,2026-06,2026-06-28,WLF-1018,sup-novex,Mirka,One-step cutting and polishing compound,polier,292,piece,46.01,13434.92,EUR,13434.92,synthetic-spend-CL.csv,False,direct
TXN-004511,CL,2026-07,2026-07-17,WLF-1018,sup-novex,Mirka,One-step cutting and polishing compound,polier,266,piece,46.01,12238.66,EUR,12238.66,synthetic-spend-CL.csv,False,direct
TXN-004512,CL,2026-08,2026-08-28,WLF-1018,sup-novex,Mirka,One-step cutting and polishing compound,polier,99,piece,46.01,4554.99,EUR,4554.99,synthetic-spend-CL.csv,False,direct
TXN-004513,CL,2026-01,2026-01-21,WLF-1019,sup-arcus,SATA,Pre-saturated cleaning wipes,kabine,163,piece,64.2,10464.6,EUR,10464.6,synthetic-spend-CL.csv,False,direct
TXN-004514,CL,2026-02,2026-02-06,WLF-1019,sup-arcus,SATA,Pre-saturated cleaning wipes,kabine,264,piece,64.2,16948.8,EUR,16948.8,synthetic-spend-CL.csv,False,direct
TXN-004515,CL,2026-03,2026-03-22,WLF-1019,sup-arcus,SATA,Pre-saturated cleaning wipes,kabine,43,piece,64.2,2760.6,EUR,2760.6,synthetic-spend-CL.csv,False,direct
TXN-004516,CL,2026-04,2026-04-12,WLF-1019,sup-arcus,SATA,Pre-saturated cleaning wipes,kabine,226,piece,64.2,14509.2,EUR,14509.2,synthetic-spend-CL.csv,False,direct
TXN-004517,CL,2026-05,2026-05-04,WLF-1019,sup-arcus,SATA,Pre-saturated cleaning wipes,kabine,296,piece,64.2,19003.2,EUR,19003.2,synthetic-spend-CL.csv,False,direct
TXN-004518,CL,2026-06,2026-06-04,WLF-1019,sup-arcus,SATA,Pre-saturated cleaning wipes,kabine,74,piece,64.2,4750.8,EUR,4750.8,synthetic-spend-CL.csv,False,direct
TXN-004519,CL,2026-07,2026-07-25,WLF-1019,sup-arcus,SATA,Pre-saturated cleaning wipes,kabine,220,piece,64.2,14124.0,EUR,14124.0,synthetic-spend-CL.csv,False,direct
TXN-004520,CL,2026-08,2026-08-17,WLF-1019,sup-arcus,SATA,Pre-saturated cleaning wipes,kabine,64,piece,64.2,4108.8,EUR,4108.8,synthetic-spend-CL.csv,False,direct
TXN-004521,CL,2026-01,2026-01-26,WLF-1020,sup-cobalt,tesa,P3 particulate filters,psa,110,piece,30.72,3379.2,EUR,3379.2,synthetic-spend-CL.csv,False,indirect
TXN-004522,CL,2026-02,2026-02-24,WLF-1020,sup-cobalt,tesa,P3 particulate filters,psa,44,piece,30.72,1351.68,EUR,1351.68,synthetic-spend-CL.csv,False,indirect
TXN-004523,CL,2026-03,2026-03-22,WLF-1020,sup-cobalt,tesa,P3 particulate filters,psa,185,piece,30.72,5683.2,EUR,5683.2,synthetic-spend-CL.csv,False,indirect
TXN-004524,CL,2026-04,2026-04-21,WLF-1020,sup-cobalt,tesa,P3 particulate filters,psa,201,piece,30.72,6174.72,EUR,6174.72,synthetic-spend-CL.csv,False,indirect
TXN-004525,CL,2026-05,2026-05-04,WLF-1020,sup-cobalt,tesa,P3 particulate filters,psa,109,piece,30.72,3348.48,EUR,3348.48,synthetic-spend-CL.csv,False,indirect
TXN-004526,CL,2026-06,2026-06-11,WLF-1020,sup-cobalt,tesa,P3 particulate filters,psa,60,piece,30.72,1843.2,EUR,1843.2,synthetic-spend-CL.csv,False,indirect
TXN-004527,CL,2026-07,2026-07-19,WLF-1020,sup-cobalt,tesa,P3 particulate filters,psa,77,piece,30.72,2365.44,EUR,2365.44,synthetic-spend-CL.csv,False,indirect
TXN-004528,CL,2026-08,2026-08-06,WLF-1020,sup-cobalt,tesa,P3 particulate filters,psa,77,piece,30.72,2365.44,EUR,2365.44,synthetic-spend-CL.csv,False,indirect
TXN-004529,CL,2026-01,2026-01-15,WLF-1021,sup-solis,PPG / Nexa,Electric random orbital sander 150 mm,werkstatt,29,piece,10.18,295.22,EUR,295.22,synthetic-spend-CL.csv,False,direct
TXN-004530,CL,2026-02,2026-02-06,WLF-1021,sup-solis,PPG / Nexa,Electric random orbital sander 150 mm,werkstatt,81,piece,10.18,824.58,EUR,824.58,synthetic-spend-CL.csv,False,direct
TXN-004531,CL,2026-03,2026-03-23,WLF-1021,sup-solis,PPG / Nexa,Electric random orbital sander 150 mm,werkstatt,41,piece,10.18,417.38,EUR,417.38,synthetic-spend-CL.csv,False,direct
TXN-004532,CL,2026-04,2026-04-24,WLF-1021,sup-solis,PPG / Nexa,Electric random orbital sander 150 mm,werkstatt,80,piece,10.18,814.4,EUR,814.4,synthetic-spend-CL.csv,False,direct
TXN-004533,CL,2026-05,2026-05-04,WLF-1021,sup-solis,PPG / Nexa,Electric random orbital sander 150 mm,werkstatt,62,piece,10.18,631.16,EUR,631.16,synthetic-spend-CL.csv,False,direct
TXN-004534,CL,2026-06,2026-06-17,WLF-1021,sup-solis,PPG / Nexa,Electric random orbital sander 150 mm,werkstatt,223,piece,10.18,2270.14,EUR,2270.14,synthetic-spend-CL.csv,False,direct
TXN-004535,CL,2026-07,2026-07-02,WLF-1021,sup-solis,PPG / Nexa,Electric random orbital sander 150 mm,werkstatt,186,piece,10.18,1893.48,EUR,1893.48,synthetic-spend-CL.csv,False,direct
TXN-004536,CL,2026-08,2026-08-10,WLF-1021,sup-solis,PPG / Nexa,Electric random orbital sander 150 mm,werkstatt,329,piece,10.18,3349.22,EUR,3349.22,synthetic-spend-CL.csv,False,direct
TXN-004537,CO,2026-01,2026-01-05,WLF-1001,sup-orbit,Würth,Graduated mixing cup,lack,73,piece,21.15,1543.95,EUR,1543.95,synthetic-spend-CO.csv,True,indirect
TXN-004538,CO,2026-02,2026-02-18,WLF-1001,sup-orbit,Würth,Graduated mixing cup,lack,144,piece,21.15,3045.6,EUR,3045.6,synthetic-spend-CO.csv,True,indirect
TXN-004539,CO,2026-03,2026-03-09,WLF-1001,sup-orbit,Würth,Graduated mixing cup,lack,51,piece,21.15,1078.65,EUR,1078.65,synthetic-spend-CO.csv,True,indirect
TXN-004540,CO,2026-04,2026-04-24,WLF-1001,sup-orbit,Würth,Graduated mixing cup,lack,199,piece,21.15,4208.85,EUR,4208.85,synthetic-spend-CO.csv,True,indirect
TXN-004541,CO,2026-05,2026-05-23,WLF-1001,sup-orbit,Würth,Graduated mixing cup,lack,54,piece,21.15,1142.1,EUR,1142.1,synthetic-spend-CO.csv,True,indirect
TXN-004542,CO,2026-06,2026-06-08,WLF-1001,sup-orbit,Würth,Graduated mixing cup,lack,139,piece,21.15,2939.85,EUR,2939.85,synthetic-spend-CO.csv,True,indirect
TXN-004543,CO,2026-07,2026-07-08,WLF-1001,sup-orbit,Würth,Graduated mixing cup,lack,268,piece,21.15,5668.2,EUR,5668.2,synthetic-spend-CO.csv,True,indirect
TXN-004544,CO,2026-08,2026-08-23,WLF-1001,sup-orbit,Würth,Graduated mixing cup,lack,125,piece,21.15,2643.75,EUR,2643.75,synthetic-spend-CO.csv,True,indirect
TXN-004545,CO,2026-01,2026-01-08,WLF-1002,sup-helio,Kovax,"Sanding discs 150 mm, coarse",schleif,121,piece,51.44,6224.24,EUR,6224.24,synthetic-spend-CO.csv,True,direct
TXN-004546,CO,2026-02,2026-02-15,WLF-1002,sup-helio,Kovax,"Sanding discs 150 mm, coarse",schleif,44,piece,51.44,2263.36,EUR,2263.36,synthetic-spend-CO.csv,True,direct
TXN-004547,CO,2026-03,2026-03-26,WLF-1002,sup-helio,Kovax,"Sanding discs 150 mm, coarse",schleif,89,piece,51.44,4578.16,EUR,4578.16,synthetic-spend-CO.csv,True,direct
TXN-004548,CO,2026-04,2026-04-28,WLF-1002,sup-helio,Kovax,"Sanding discs 150 mm, coarse",schleif,92,piece,51.44,4732.48,EUR,4732.48,synthetic-spend-CO.csv,True,direct
TXN-004549,CO,2026-05,2026-05-15,WLF-1002,sup-helio,Kovax,"Sanding discs 150 mm, coarse",schleif,82,piece,51.44,4218.08,EUR,4218.08,synthetic-spend-CO.csv,True,direct
TXN-004550,CO,2026-06,2026-06-14,WLF-1002,sup-helio,Kovax,"Sanding discs 150 mm, coarse",schleif,129,piece,51.44,6635.76,EUR,6635.76,synthetic-spend-CO.csv,True,direct
TXN-004551,CO,2026-07,2026-07-18,WLF-1002,sup-helio,Kovax,"Sanding discs 150 mm, coarse",schleif,317,piece,51.44,16306.48,EUR,16306.48,synthetic-spend-CO.csv,True,direct
TXN-004552,CO,2026-08,2026-08-03,WLF-1002,sup-helio,Kovax,"Sanding discs 150 mm, coarse",schleif,172,piece,51.44,8847.68,EUR,8847.68,synthetic-spend-CO.csv,True,direct
TXN-004553,CO,2026-01,2026-01-27,WLF-1003,sup-vanta,Starcke,Standard masking tape,kleb,241,piece,21.42,5162.22,EUR,5162.22,synthetic-spend-CO.csv,True,direct
TXN-004554,CO,2026-02,2026-02-21,WLF-1003,sup-vanta,Starcke,Standard masking tape,kleb,123,piece,21.42,2634.66,EUR,2634.66,synthetic-spend-CO.csv,True,direct
TXN-004555,CO,2026-03,2026-03-17,WLF-1003,sup-vanta,Starcke,Standard masking tape,kleb,157,piece,21.42,3362.94,EUR,3362.94,synthetic-spend-CO.csv,True,direct
TXN-004556,CO,2026-04,2026-04-05,WLF-1003,sup-vanta,Starcke,Standard masking tape,kleb,87,piece,21.42,1863.54,EUR,1863.54,synthetic-spend-CO.csv,True,direct
TXN-004557,CO,2026-05,2026-05-15,WLF-1003,sup-vanta,Starcke,Standard masking tape,kleb,274,piece,21.42,5869.08,EUR,5869.08,synthetic-spend-CO.csv,True,direct
TXN-004558,CO,2026-06,2026-06-03,WLF-1003,sup-vanta,Starcke,Standard masking tape,kleb,322,piece,21.42,6897.24,EUR,6897.24,synthetic-spend-CO.csv,True,direct
TXN-004559,CO,2026-07,2026-07-13,WLF-1003,sup-vanta,Starcke,Standard masking tape,kleb,189,piece,21.42,4048.38,EUR,4048.38,synthetic-spend-CO.csv,True,direct
TXN-004560,CO,2026-08,2026-08-23,WLF-1003,sup-vanta,Starcke,Standard masking tape,kleb,307,piece,21.42,6575.94,EUR,6575.94,synthetic-spend-CO.csv,True,direct
TXN-004561,CO,2026-01,2026-01-17,WLF-1004,sup-aster,3M,Cutting compound (coarse/medium),polier,45,piece,31.92,1436.4,EUR,1436.4,synthetic-spend-CO.csv,True,indirect
TXN-004562,CO,2026-02,2026-02-27,WLF-1004,sup-aster,3M,Cutting compound (coarse/medium),polier,108,piece,31.92,3447.36,EUR,3447.36,synthetic-spend-CO.csv,True,indirect
TXN-004563,CO,2026-03,2026-03-28,WLF-1004,sup-aster,3M,Cutting compound (coarse/medium),polier,124,piece,31.92,3958.08,EUR,3958.08,synthetic-spend-CO.csv,True,indirect
TXN-004564,CO,2026-04,2026-04-28,WLF-1004,sup-aster,3M,Cutting compound (coarse/medium),polier,136,piece,31.92,4341.12,EUR,4341.12,synthetic-spend-CO.csv,True,indirect
TXN-004565,CO,2026-05,2026-05-09,WLF-1004,sup-aster,3M,Cutting compound (coarse/medium),polier,184,piece,31.92,5873.28,EUR,5873.28,synthetic-spend-CO.csv,True,indirect
TXN-004566,CO,2026-06,2026-06-02,WLF-1004,sup-aster,3M,Cutting compound (coarse/medium),polier,126,piece,31.92,4021.92,EUR,4021.92,synthetic-spend-CO.csv,True,indirect
TXN-004567,CO,2026-07,2026-07-01,WLF-1004,sup-aster,3M,Cutting compound (coarse/medium),polier,197,piece,31.92,6288.24,EUR,6288.24,synthetic-spend-CO.csv,True,indirect
TXN-004568,CO,2026-08,2026-08-10,WLF-1004,sup-aster,3M,Cutting compound (coarse/medium),polier,91,piece,31.92,2904.72,EUR,2904.72,synthetic-spend-CO.csv,True,indirect
TXN-004569,CO,2026-01,2026-01-23,WLF-1005,sup-velora,Glasurit (BASF),Solvent-based silicone remover,kabine,163,piece,55.88,9108.44,EUR,9108.44,synthetic-spend-CO.csv,True,direct
TXN-004570,CO,2026-02,2026-02-02,WLF-1005,sup-velora,Glasurit (BASF),Solvent-based silicone remover,kabine,268,piece,55.88,14975.84,EUR,14975.84,synthetic-spend-CO.csv,True,direct
TXN-004571,CO,2026-03,2026-03-21,WLF-1005,sup-velora,Glasurit (BASF),Solvent-based silicone remover,kabine,94,piece,55.88,5252.72,EUR,5252.72,synthetic-spend-CO.csv,True,direct
TXN-004572,CO,2026-04,2026-04-24,WLF-1005,sup-velora,Glasurit (BASF),Solvent-based silicone remover,kabine,42,piece,55.88,2346.96,EUR,2346.96,synthetic-spend-CO.csv,True,direct
TXN-004573,CO,2026-05,2026-05-25,WLF-1005,sup-velora,Glasurit (BASF),Solvent-based silicone remover,kabine,242,piece,55.88,13522.96,EUR,13522.96,synthetic-spend-CO.csv,True,direct
TXN-004574,CO,2026-06,2026-06-24,WLF-1005,sup-velora,Glasurit (BASF),Solvent-based silicone remover,kabine,223,piece,55.88,12461.24,EUR,12461.24,synthetic-spend-CO.csv,True,direct
TXN-004575,CO,2026-07,2026-07-02,WLF-1005,sup-velora,Glasurit (BASF),Solvent-based silicone remover,kabine,320,piece,55.88,17881.6,EUR,17881.6,synthetic-spend-CO.csv,True,direct
TXN-004576,CO,2026-08,2026-08-20,WLF-1005,sup-velora,Glasurit (BASF),Solvent-based silicone remover,kabine,244,piece,55.88,13634.72,EUR,13634.72,synthetic-spend-CO.csv,True,direct
TXN-004577,CO,2026-01,2026-01-22,WLF-1006,sup-lumen,Finixa,Half mask / spray-painting respirator,psa,166,piece,31.3,5195.8,EUR,5195.8,synthetic-spend-CO.csv,True,direct
TXN-004578,CO,2026-02,2026-02-16,WLF-1006,sup-lumen,Finixa,Half mask / spray-painting respirator,psa,252,piece,31.3,7887.6,EUR,7887.6,synthetic-spend-CO.csv,True,direct
TXN-004579,CO,2026-03,2026-03-05,WLF-1006,sup-lumen,Finixa,Half mask / spray-painting respirator,psa,155,piece,31.3,4851.5,EUR,4851.5,synthetic-spend-CO.csv,True,direct
TXN-004580,CO,2026-04,2026-04-24,WLF-1006,sup-lumen,Finixa,Half mask / spray-painting respirator,psa,219,piece,31.3,6854.7,EUR,6854.7,synthetic-spend-CO.csv,True,direct
TXN-004581,CO,2026-05,2026-05-23,WLF-1006,sup-lumen,Finixa,Half mask / spray-painting respirator,psa,121,piece,31.3,3787.3,EUR,3787.3,synthetic-spend-CO.csv,True,direct
TXN-004582,CO,2026-06,2026-06-18,WLF-1006,sup-lumen,Finixa,Half mask / spray-painting respirator,psa,108,piece,31.3,3380.4,EUR,3380.4,synthetic-spend-CO.csv,True,direct
TXN-004583,CO,2026-07,2026-07-02,WLF-1006,sup-lumen,Finixa,Half mask / spray-painting respirator,psa,43,piece,31.3,1345.9,EUR,1345.9,synthetic-spend-CO.csv,True,direct
TXN-004584,CO,2026-08,2026-08-25,WLF-1006,sup-lumen,Finixa,Half mask / spray-painting respirator,psa,175,piece,31.3,5477.5,EUR,5477.5,synthetic-spend-CO.csv,True,direct
TXN-004585,CO,2026-01,2026-01-07,WLF-1007,sup-novex,Mirka,"Random orbital sander 150 mm, 5 mm orbit",werkstatt,96,piece,58.87,5651.52,EUR,5651.52,synthetic-spend-CO.csv,True,indirect
TXN-004586,CO,2026-02,2026-02-06,WLF-1007,sup-novex,Mirka,"Random orbital sander 150 mm, 5 mm orbit",werkstatt,175,piece,58.87,10302.25,EUR,10302.25,synthetic-spend-CO.csv,True,indirect
TXN-004587,CO,2026-03,2026-03-25,WLF-1007,sup-novex,Mirka,"Random orbital sander 150 mm, 5 mm orbit",werkstatt,171,piece,58.87,10066.77,EUR,10066.77,synthetic-spend-CO.csv,True,indirect
TXN-004588,CO,2026-04,2026-04-17,WLF-1007,sup-novex,Mirka,"Random orbital sander 150 mm, 5 mm orbit",werkstatt,301,piece,58.87,17719.87,EUR,17719.87,synthetic-spend-CO.csv,True,indirect
TXN-004589,CO,2026-05,2026-05-05,WLF-1007,sup-novex,Mirka,"Random orbital sander 150 mm, 5 mm orbit",werkstatt,43,piece,58.87,2531.41,EUR,2531.41,synthetic-spend-CO.csv,True,indirect
TXN-004590,CO,2026-06,2026-06-26,WLF-1007,sup-novex,Mirka,"Random orbital sander 150 mm, 5 mm orbit",werkstatt,101,piece,58.87,5945.87,EUR,5945.87,synthetic-spend-CO.csv,True,indirect
TXN-004591,CO,2026-07,2026-07-21,WLF-1007,sup-novex,Mirka,"Random orbital sander 150 mm, 5 mm orbit",werkstatt,279,piece,58.87,16424.73,EUR,16424.73,synthetic-spend-CO.csv,True,indirect
TXN-004592,CO,2026-08,2026-08-13,WLF-1007,sup-novex,Mirka,"Random orbital sander 150 mm, 5 mm orbit",werkstatt,189,piece,58.87,11126.43,EUR,11126.43,synthetic-spend-CO.csv,True,indirect
TXN-004593,CO,2026-01,2026-01-25,WLF-1008,sup-arcus,SATA,Paint cup for compressed-air spray gun,lack,230,piece,53.47,12298.1,EUR,12298.1,synthetic-spend-CO.csv,True,direct
TXN-004594,CO,2026-02,2026-02-24,WLF-1008,sup-arcus,SATA,Paint cup for compressed-air spray gun,lack,236,piece,53.47,12618.92,EUR,12618.92,synthetic-spend-CO.csv,True,direct
TXN-004595,CO,2026-03,2026-03-08,WLF-1008,sup-arcus,SATA,Paint cup for compressed-air spray gun,lack,85,piece,53.47,4544.95,EUR,4544.95,synthetic-spend-CO.csv,True,direct
TXN-004596,CO,2026-04,2026-04-08,WLF-1008,sup-arcus,SATA,Paint cup for compressed-air spray gun,lack,95,piece,53.47,5079.65,EUR,5079.65,synthetic-spend-CO.csv,True,direct
TXN-004597,CO,2026-05,2026-05-26,WLF-1008,sup-arcus,SATA,Paint cup for compressed-air spray gun,lack,123,piece,53.47,6576.81,EUR,6576.81,synthetic-spend-CO.csv,True,direct
TXN-004598,CO,2026-06,2026-06-05,WLF-1008,sup-arcus,SATA,Paint cup for compressed-air spray gun,lack,127,piece,53.47,6790.69,EUR,6790.69,synthetic-spend-CO.csv,True,direct
TXN-004599,CO,2026-07,2026-07-12,WLF-1008,sup-arcus,SATA,Paint cup for compressed-air spray gun,lack,308,piece,53.47,16468.76,EUR,16468.76,synthetic-spend-CO.csv,True,direct
TXN-004600,CO,2026-08,2026-08-06,WLF-1008,sup-arcus,SATA,Paint cup for compressed-air spray gun,lack,103,piece,53.47,5507.41,EUR,5507.41,synthetic-spend-CO.csv,True,direct
TXN-004601,CO,2026-01,2026-01-27,WLF-1009,sup-cobalt,tesa,"Sanding discs 150 mm, intermediate",schleif,305,piece,49.93,15228.65,EUR,15228.65,synthetic-spend-CO.csv,True,direct
TXN-004602,CO,2026-02,2026-02-19,WLF-1009,sup-cobalt,tesa,"Sanding discs 150 mm, intermediate",schleif,77,piece,49.93,3844.61,EUR,3844.61,synthetic-spend-CO.csv,True,direct
TXN-004603,CO,2026-03,2026-03-02,WLF-1009,sup-cobalt,tesa,"Sanding discs 150 mm, intermediate",schleif,186,piece,49.93,9286.98,EUR,9286.98,synthetic-spend-CO.csv,True,direct
TXN-004604,CO,2026-04,2026-04-04,WLF-1009,sup-cobalt,tesa,"Sanding discs 150 mm, intermediate",schleif,307,piece,49.93,15328.51,EUR,15328.51,synthetic-spend-CO.csv,True,direct
TXN-004605,CO,2026-05,2026-05-02,WLF-1009,sup-cobalt,tesa,"Sanding discs 150 mm, intermediate",schleif,73,piece,49.93,3644.89,EUR,3644.89,synthetic-spend-CO.csv,True,direct
TXN-004606,CO,2026-06,2026-06-03,WLF-1009,sup-cobalt,tesa,"Sanding discs 150 mm, intermediate",schleif,249,piece,49.93,12432.57,EUR,12432.57,synthetic-spend-CO.csv,True,direct
TXN-004607,CO,2026-07,2026-07-19,WLF-1009,sup-cobalt,tesa,"Sanding discs 150 mm, intermediate",schleif,32,piece,49.93,1597.76,EUR,1597.76,synthetic-spend-CO.csv,True,direct
TXN-004608,CO,2026-08,2026-08-15,WLF-1009,sup-cobalt,tesa,"Sanding discs 150 mm, intermediate",schleif,65,piece,49.93,3245.45,EUR,3245.45,synthetic-spend-CO.csv,True,direct
TXN-004609,CO,2026-01,2026-01-20,WLF-1010,sup-solis,PPG / Nexa,Fine-line tape,kleb,90,piece,27.98,2518.2,EUR,2518.2,synthetic-spend-CO.csv,True,indirect
TXN-004610,CO,2026-02,2026-02-09,WLF-1010,sup-solis,PPG / Nexa,Fine-line tape,kleb,62,piece,27.98,1734.76,EUR,1734.76,synthetic-spend-CO.csv,True,indirect
TXN-004611,CO,2026-03,2026-03-06,WLF-1010,sup-solis,PPG / Nexa,Fine-line tape,kleb,220,piece,27.98,6155.6,EUR,6155.6,synthetic-spend-CO.csv,True,indirect
TXN-004612,CO,2026-04,2026-04-14,WLF-1010,sup-solis,PPG / Nexa,Fine-line tape,kleb,254,piece,27.98,7106.92,EUR,7106.92,synthetic-spend-CO.csv,True,indirect
TXN-004613,CO,2026-05,2026-05-04,WLF-1010,sup-solis,PPG / Nexa,Fine-line tape,kleb,244,piece,27.98,6827.12,EUR,6827.12,synthetic-spend-CO.csv,True,indirect
TXN-004614,CO,2026-06,2026-06-19,WLF-1010,sup-solis,PPG / Nexa,Fine-line tape,kleb,78,piece,27.98,2182.44,EUR,2182.44,synthetic-spend-CO.csv,True,indirect
TXN-004615,CO,2026-07,2026-07-23,WLF-1010,sup-solis,PPG / Nexa,Fine-line tape,kleb,121,piece,27.98,3385.58,EUR,3385.58,synthetic-spend-CO.csv,True,indirect
TXN-004616,CO,2026-08,2026-08-27,WLF-1010,sup-solis,PPG / Nexa,Fine-line tape,kleb,103,piece,27.98,2881.94,EUR,2881.94,synthetic-spend-CO.csv,True,indirect
TXN-004617,CO,2026-01,2026-01-25,WLF-1011,sup-orbit,Würth,Polish (fine / anti-hologram),polier,175,piece,12.02,2103.5,EUR,2103.5,synthetic-spend-CO.csv,True,direct
TXN-004618,CO,2026-02,2026-02-01,WLF-1011,sup-orbit,Würth,Polish (fine / anti-hologram),polier,40,piece,12.02,480.8,EUR,480.8,synthetic-spend-CO.csv,True,direct
TXN-004619,CO,2026-03,2026-03-21,WLF-1011,sup-orbit,Würth,Polish (fine / anti-hologram),polier,65,piece,12.02,781.3,EUR,781.3,synthetic-spend-CO.csv,True,direct
TXN-004620,CO,2026-04,2026-04-15,WLF-1011,sup-orbit,Würth,Polish (fine / anti-hologram),polier,66,piece,12.02,793.32,EUR,793.32,synthetic-spend-CO.csv,True,direct
TXN-004621,CO,2026-05,2026-05-18,WLF-1011,sup-orbit,Würth,Polish (fine / anti-hologram),polier,142,piece,12.02,1706.84,EUR,1706.84,synthetic-spend-CO.csv,True,direct
TXN-004622,CO,2026-06,2026-06-27,WLF-1011,sup-orbit,Würth,Polish (fine / anti-hologram),polier,235,piece,12.02,2824.7,EUR,2824.7,synthetic-spend-CO.csv,True,direct
TXN-004623,CO,2026-07,2026-07-19,WLF-1011,sup-orbit,Würth,Polish (fine / anti-hologram),polier,330,piece,12.02,3966.6,EUR,3966.6,synthetic-spend-CO.csv,True,direct
TXN-004624,CO,2026-08,2026-08-05,WLF-1011,sup-orbit,Würth,Polish (fine / anti-hologram),polier,86,piece,12.02,1033.72,EUR,1033.72,synthetic-spend-CO.csv,True,direct
TXN-004625,CO,2026-01,2026-01-20,WLF-1012,sup-helio,Kovax,Water-based silicone remover,kabine,291,piece,39.67,11543.97,EUR,11543.97,synthetic-spend-CO.csv,True,direct
TXN-004626,CO,2026-02,2026-02-14,WLF-1012,sup-helio,Kovax,Water-based silicone remover,kabine,226,piece,39.67,8965.42,EUR,8965.42,synthetic-spend-CO.csv,True,direct
TXN-004627,CO,2026-03,2026-03-17,WLF-1012,sup-helio,Kovax,Water-based silicone remover,kabine,317,piece,39.67,12575.39,EUR,12575.39,synthetic-spend-CO.csv,True,direct
TXN-004628,CO,2026-04,2026-04-01,WLF-1012,sup-helio,Kovax,Water-based silicone remover,kabine,26,piece,39.67,1031.42,EUR,1031.42,synthetic-spend-CO.csv,True,direct
TXN-004629,CO,2026-05,2026-05-18,WLF-1012,sup-helio,Kovax,Water-based silicone remover,kabine,227,piece,39.67,9005.09,EUR,9005.09,synthetic-spend-CO.csv,True,direct
TXN-004630,CO,2026-06,2026-06-07,WLF-1012,sup-helio,Kovax,Water-based silicone remover,kabine,245,piece,39.67,9719.15,EUR,9719.15,synthetic-spend-CO.csv,True,direct
TXN-004631,CO,2026-07,2026-07-12,WLF-1012,sup-helio,Kovax,Water-based silicone remover,kabine,284,piece,39.67,11266.28,EUR,11266.28,synthetic-spend-CO.csv,True,direct
TXN-004632,CO,2026-08,2026-08-14,WLF-1012,sup-helio,Kovax,Water-based silicone remover,kabine,203,piece,39.67,8053.01,EUR,8053.01,synthetic-spend-CO.csv,True,direct
TXN-004633,CO,2026-01,2026-01-18,WLF-1013,sup-vanta,Starcke,A2 filter cartridges,psa,268,piece,4.81,1289.08,EUR,1289.08,synthetic-spend-CO.csv,True,indirect
TXN-004634,CO,2026-02,2026-02-03,WLF-1013,sup-vanta,Starcke,A2 filter cartridges,psa,265,piece,4.81,1274.65,EUR,1274.65,synthetic-spend-CO.csv,True,indirect
TXN-004635,CO,2026-03,2026-03-26,WLF-1013,sup-vanta,Starcke,A2 filter cartridges,psa,96,piece,4.81,461.76,EUR,461.76,synthetic-spend-CO.csv,True,indirect
TXN-004636,CO,2026-04,2026-04-14,WLF-1013,sup-vanta,Starcke,A2 filter cartridges,psa,314,piece,4.81,1510.34,EUR,1510.34,synthetic-spend-CO.csv,True,indirect
TXN-004637,CO,2026-05,2026-05-09,WLF-1013,sup-vanta,Starcke,A2 filter cartridges,psa,188,piece,4.81,904.28,EUR,904.28,synthetic-spend-CO.csv,True,indirect
TXN-004638,CO,2026-06,2026-06-08,WLF-1013,sup-vanta,Starcke,A2 filter cartridges,psa,317,piece,4.81,1524.77,EUR,1524.77,synthetic-spend-CO.csv,True,indirect
TXN-004639,CO,2026-07,2026-07-03,WLF-1013,sup-vanta,Starcke,A2 filter cartridges,psa,318,piece,4.81,1529.58,EUR,1529.58,synthetic-spend-CO.csv,True,indirect
TXN-004640,CO,2026-08,2026-08-02,WLF-1013,sup-vanta,Starcke,A2 filter cartridges,psa,228,piece,4.81,1096.68,EUR,1096.68,synthetic-spend-CO.csv,True,indirect
TXN-004641,CO,2026-01,2026-01-18,WLF-1014,sup-aster,3M,Random orbital sander 77 mm,werkstatt,306,piece,31.56,9657.36,EUR,9657.36,synthetic-spend-CO.csv,True,direct
TXN-004642,CO,2026-02,2026-02-13,WLF-1014,sup-aster,3M,Random orbital sander 77 mm,werkstatt,134,piece,31.56,4229.04,EUR,4229.04,synthetic-spend-CO.csv,True,direct
TXN-004643,CO,2026-03,2026-03-19,WLF-1014,sup-aster,3M,Random orbital sander 77 mm,werkstatt,212,piece,31.56,6690.72,EUR,6690.72,synthetic-spend-CO.csv,True,direct
TXN-004644,CO,2026-04,2026-04-22,WLF-1014,sup-aster,3M,Random orbital sander 77 mm,werkstatt,119,piece,31.56,3755.64,EUR,3755.64,synthetic-spend-CO.csv,True,direct
TXN-004645,CO,2026-05,2026-05-15,WLF-1014,sup-aster,3M,Random orbital sander 77 mm,werkstatt,270,piece,31.56,8521.2,EUR,8521.2,synthetic-spend-CO.csv,True,direct
TXN-004646,CO,2026-06,2026-06-19,WLF-1014,sup-aster,3M,Random orbital sander 77 mm,werkstatt,294,piece,31.56,9278.64,EUR,9278.64,synthetic-spend-CO.csv,True,direct
TXN-004647,CO,2026-07,2026-07-05,WLF-1014,sup-aster,3M,Random orbital sander 77 mm,werkstatt,303,piece,31.56,9562.68,EUR,9562.68,synthetic-spend-CO.csv,True,direct
TXN-004648,CO,2026-08,2026-08-22,WLF-1014,sup-aster,3M,Random orbital sander 77 mm,werkstatt,34,piece,31.56,1073.04,EUR,1073.04,synthetic-spend-CO.csv,True,direct
TXN-004649,CO,2026-01,2026-01-18,WLF-1015,sup-velora,Glasurit (BASF),Paint strainers 125 µ / 200 µ,lack,251,piece,74.69,18747.19,EUR,18747.19,synthetic-spend-CO.csv,True,direct
TXN-004650,CO,2026-02,2026-02-03,WLF-1015,sup-velora,Glasurit (BASF),Paint strainers 125 µ / 200 µ,lack,95,piece,74.69,7095.55,EUR,7095.55,synthetic-spend-CO.csv,True,direct
TXN-004651,CO,2026-03,2026-03-20,WLF-1015,sup-velora,Glasurit (BASF),Paint strainers 125 µ / 200 µ,lack,24,piece,74.69,1792.56,EUR,1792.56,synthetic-spend-CO.csv,True,direct
TXN-004652,CO,2026-04,2026-04-24,WLF-1015,sup-velora,Glasurit (BASF),Paint strainers 125 µ / 200 µ,lack,269,piece,74.69,20091.61,EUR,20091.61,synthetic-spend-CO.csv,True,direct
TXN-004653,CO,2026-05,2026-05-26,WLF-1015,sup-velora,Glasurit (BASF),Paint strainers 125 µ / 200 µ,lack,47,piece,74.69,3510.43,EUR,3510.43,synthetic-spend-CO.csv,True,direct
TXN-004654,CO,2026-06,2026-06-06,WLF-1015,sup-velora,Glasurit (BASF),Paint strainers 125 µ / 200 µ,lack,233,piece,74.69,17402.77,EUR,17402.77,synthetic-spend-CO.csv,True,direct
TXN-004655,CO,2026-07,2026-07-25,WLF-1015,sup-velora,Glasurit (BASF),Paint strainers 125 µ / 200 µ,lack,39,piece,74.69,2912.91,EUR,2912.91,synthetic-spend-CO.csv,True,direct
TXN-004656,CO,2026-08,2026-08-23,WLF-1015,sup-velora,Glasurit (BASF),Paint strainers 125 µ / 200 µ,lack,93,piece,74.69,6946.17,EUR,6946.17,synthetic-spend-CO.csv,True,direct
TXN-004657,CO,2026-01,2026-01-13,WLF-1016,sup-lumen,Finixa,"Sanding discs 150 mm, fine",schleif,151,piece,84.26,12723.26,EUR,12723.26,synthetic-spend-CO.csv,True,indirect
TXN-004658,CO,2026-02,2026-02-18,WLF-1016,sup-lumen,Finixa,"Sanding discs 150 mm, fine",schleif,88,piece,84.26,7414.88,EUR,7414.88,synthetic-spend-CO.csv,True,indirect
TXN-004659,CO,2026-03,2026-03-26,WLF-1016,sup-lumen,Finixa,"Sanding discs 150 mm, fine",schleif,37,piece,84.26,3117.62,EUR,3117.62,synthetic-spend-CO.csv,True,indirect
TXN-004660,CO,2026-04,2026-04-27,WLF-1016,sup-lumen,Finixa,"Sanding discs 150 mm, fine",schleif,250,piece,84.26,21065.0,EUR,21065.0,synthetic-spend-CO.csv,True,indirect
TXN-004661,CO,2026-05,2026-05-19,WLF-1016,sup-lumen,Finixa,"Sanding discs 150 mm, fine",schleif,273,piece,84.26,23002.98,EUR,23002.98,synthetic-spend-CO.csv,True,indirect
TXN-004662,CO,2026-06,2026-06-15,WLF-1016,sup-lumen,Finixa,"Sanding discs 150 mm, fine",schleif,208,piece,84.26,17526.08,EUR,17526.08,synthetic-spend-CO.csv,True,indirect
TXN-004663,CO,2026-07,2026-07-26,WLF-1016,sup-lumen,Finixa,"Sanding discs 150 mm, fine",schleif,329,piece,84.26,27721.54,EUR,27721.54,synthetic-spend-CO.csv,True,indirect
TXN-004664,CO,2026-08,2026-08-17,WLF-1016,sup-lumen,Finixa,"Sanding discs 150 mm, fine",schleif,172,piece,84.26,14492.72,EUR,14492.72,synthetic-spend-CO.csv,True,indirect
TXN-004665,CO,2026-01,2026-01-24,WLF-1017,sup-novex,Mirka,Contour tape,kleb,56,piece,22.8,1276.8,EUR,1276.8,synthetic-spend-CO.csv,False,direct
TXN-004666,CO,2026-02,2026-02-05,WLF-1017,sup-novex,Mirka,Contour tape,kleb,310,piece,22.8,7068.0,EUR,7068.0,synthetic-spend-CO.csv,False,direct
TXN-004667,CO,2026-03,2026-03-21,WLF-1017,sup-novex,Mirka,Contour tape,kleb,135,piece,22.8,3078.0,EUR,3078.0,synthetic-spend-CO.csv,False,direct
TXN-004668,CO,2026-04,2026-04-14,WLF-1017,sup-novex,Mirka,Contour tape,kleb,268,piece,22.8,6110.4,EUR,6110.4,synthetic-spend-CO.csv,False,direct
TXN-004669,CO,2026-05,2026-05-07,WLF-1017,sup-novex,Mirka,Contour tape,kleb,323,piece,22.8,7364.4,EUR,7364.4,synthetic-spend-CO.csv,False,direct
TXN-004670,CO,2026-06,2026-06-05,WLF-1017,sup-novex,Mirka,Contour tape,kleb,172,piece,22.8,3921.6,EUR,3921.6,synthetic-spend-CO.csv,False,direct
TXN-004671,CO,2026-07,2026-07-13,WLF-1017,sup-novex,Mirka,Contour tape,kleb,142,piece,22.8,3237.6,EUR,3237.6,synthetic-spend-CO.csv,False,direct
TXN-004672,CO,2026-08,2026-08-16,WLF-1017,sup-novex,Mirka,Contour tape,kleb,283,piece,22.8,6452.4,EUR,6452.4,synthetic-spend-CO.csv,False,direct
TXN-004673,CO,2026-01,2026-01-19,WLF-1018,sup-arcus,SATA,One-step cutting and polishing compound,polier,184,piece,19.1,3514.4,EUR,3514.4,synthetic-spend-CO.csv,False,direct
TXN-004674,CO,2026-02,2026-02-22,WLF-1018,sup-arcus,SATA,One-step cutting and polishing compound,polier,160,piece,19.1,3056.0,EUR,3056.0,synthetic-spend-CO.csv,False,direct
TXN-004675,CO,2026-03,2026-03-20,WLF-1018,sup-arcus,SATA,One-step cutting and polishing compound,polier,162,piece,19.1,3094.2,EUR,3094.2,synthetic-spend-CO.csv,False,direct
TXN-004676,CO,2026-04,2026-04-13,WLF-1018,sup-arcus,SATA,One-step cutting and polishing compound,polier,111,piece,19.1,2120.1,EUR,2120.1,synthetic-spend-CO.csv,False,direct
TXN-004677,CO,2026-05,2026-05-13,WLF-1018,sup-arcus,SATA,One-step cutting and polishing compound,polier,62,piece,19.1,1184.2,EUR,1184.2,synthetic-spend-CO.csv,False,direct
TXN-004678,CO,2026-06,2026-06-11,WLF-1018,sup-arcus,SATA,One-step cutting and polishing compound,polier,318,piece,19.1,6073.8,EUR,6073.8,synthetic-spend-CO.csv,False,direct
TXN-004679,CO,2026-07,2026-07-16,WLF-1018,sup-arcus,SATA,One-step cutting and polishing compound,polier,313,piece,19.1,5978.3,EUR,5978.3,synthetic-spend-CO.csv,False,direct
TXN-004680,CO,2026-08,2026-08-03,WLF-1018,sup-arcus,SATA,One-step cutting and polishing compound,polier,168,piece,19.1,3208.8,EUR,3208.8,synthetic-spend-CO.csv,False,direct
TXN-004681,CO,2026-01,2026-01-08,WLF-1019,sup-cobalt,tesa,Pre-saturated cleaning wipes,kabine,137,piece,48.93,6703.41,EUR,6703.41,synthetic-spend-CO.csv,False,indirect
TXN-004682,CO,2026-02,2026-02-22,WLF-1019,sup-cobalt,tesa,Pre-saturated cleaning wipes,kabine,162,piece,48.93,7926.66,EUR,7926.66,synthetic-spend-CO.csv,False,indirect
TXN-004683,CO,2026-03,2026-03-06,WLF-1019,sup-cobalt,tesa,Pre-saturated cleaning wipes,kabine,262,piece,48.93,12819.66,EUR,12819.66,synthetic-spend-CO.csv,False,indirect
TXN-004684,CO,2026-04,2026-04-09,WLF-1019,sup-cobalt,tesa,Pre-saturated cleaning wipes,kabine,326,piece,48.93,15951.18,EUR,15951.18,synthetic-spend-CO.csv,False,indirect
TXN-004685,CO,2026-05,2026-05-27,WLF-1019,sup-cobalt,tesa,Pre-saturated cleaning wipes,kabine,186,piece,48.93,9100.98,EUR,9100.98,synthetic-spend-CO.csv,False,indirect
TXN-004686,CO,2026-06,2026-06-08,WLF-1019,sup-cobalt,tesa,Pre-saturated cleaning wipes,kabine,213,piece,48.93,10422.09,EUR,10422.09,synthetic-spend-CO.csv,False,indirect
TXN-004687,CO,2026-07,2026-07-25,WLF-1019,sup-cobalt,tesa,Pre-saturated cleaning wipes,kabine,39,piece,48.93,1908.27,EUR,1908.27,synthetic-spend-CO.csv,False,indirect
TXN-004688,CO,2026-08,2026-08-17,WLF-1019,sup-cobalt,tesa,Pre-saturated cleaning wipes,kabine,291,piece,48.93,14238.63,EUR,14238.63,synthetic-spend-CO.csv,False,indirect
TXN-004689,CO,2026-01,2026-01-08,WLF-1020,sup-solis,PPG / Nexa,P3 particulate filters,psa,28,piece,32.67,914.76,EUR,914.76,synthetic-spend-CO.csv,False,direct
TXN-004690,CO,2026-02,2026-02-08,WLF-1020,sup-solis,PPG / Nexa,P3 particulate filters,psa,103,piece,32.67,3365.01,EUR,3365.01,synthetic-spend-CO.csv,False,direct
TXN-004691,CO,2026-03,2026-03-16,WLF-1020,sup-solis,PPG / Nexa,P3 particulate filters,psa,107,piece,32.67,3495.69,EUR,3495.69,synthetic-spend-CO.csv,False,direct
TXN-004692,CO,2026-04,2026-04-27,WLF-1020,sup-solis,PPG / Nexa,P3 particulate filters,psa,203,piece,32.67,6632.01,EUR,6632.01,synthetic-spend-CO.csv,False,direct
TXN-004693,CO,2026-05,2026-05-04,WLF-1020,sup-solis,PPG / Nexa,P3 particulate filters,psa,137,piece,32.67,4475.79,EUR,4475.79,synthetic-spend-CO.csv,False,direct
TXN-004694,CO,2026-06,2026-06-14,WLF-1020,sup-solis,PPG / Nexa,P3 particulate filters,psa,298,piece,32.67,9735.66,EUR,9735.66,synthetic-spend-CO.csv,False,direct
TXN-004695,CO,2026-07,2026-07-06,WLF-1020,sup-solis,PPG / Nexa,P3 particulate filters,psa,253,piece,32.67,8265.51,EUR,8265.51,synthetic-spend-CO.csv,False,direct
TXN-004696,CO,2026-08,2026-08-05,WLF-1020,sup-solis,PPG / Nexa,P3 particulate filters,psa,149,piece,32.67,4867.83,EUR,4867.83,synthetic-spend-CO.csv,False,direct
TXN-004697,CO,2026-01,2026-01-18,WLF-1021,sup-orbit,Würth,Electric random orbital sander 150 mm,werkstatt,200,piece,10.76,2152.0,EUR,2152.0,synthetic-spend-CO.csv,False,direct
TXN-004698,CO,2026-02,2026-02-20,WLF-1021,sup-orbit,Würth,Electric random orbital sander 150 mm,werkstatt,289,piece,10.76,3109.64,EUR,3109.64,synthetic-spend-CO.csv,False,direct
TXN-004699,CO,2026-03,2026-03-15,WLF-1021,sup-orbit,Würth,Electric random orbital sander 150 mm,werkstatt,154,piece,10.76,1657.04,EUR,1657.04,synthetic-spend-CO.csv,False,direct
TXN-004700,CO,2026-04,2026-04-25,WLF-1021,sup-orbit,Würth,Electric random orbital sander 150 mm,werkstatt,244,piece,10.76,2625.44,EUR,2625.44,synthetic-spend-CO.csv,False,direct
TXN-004701,CO,2026-05,2026-05-19,WLF-1021,sup-orbit,Würth,Electric random orbital sander 150 mm,werkstatt,32,piece,10.76,344.32,EUR,344.32,synthetic-spend-CO.csv,False,direct
TXN-004702,CO,2026-06,2026-06-27,WLF-1021,sup-orbit,Würth,Electric random orbital sander 150 mm,werkstatt,68,piece,10.76,731.68,EUR,731.68,synthetic-spend-CO.csv,False,direct
TXN-004703,CO,2026-07,2026-07-14,WLF-1021,sup-orbit,Würth,Electric random orbital sander 150 mm,werkstatt,281,piece,10.76,3023.56,EUR,3023.56,synthetic-spend-CO.csv,False,direct
TXN-004704,CO,2026-08,2026-08-15,WLF-1021,sup-orbit,Würth,Electric random orbital sander 150 mm,werkstatt,76,piece,10.76,817.76,EUR,817.76,synthetic-spend-CO.csv,False,direct
TXN-004705,XK,2026-01,2026-01-24,WLF-1001,sup-helio,Kovax,Graduated mixing cup,lack,39,piece,30.19,1177.41,EUR,1177.41,synthetic-spend-XK.csv,True,direct
TXN-004706,XK,2026-02,2026-02-28,WLF-1001,sup-helio,Kovax,Graduated mixing cup,lack,310,piece,30.19,9358.9,EUR,9358.9,synthetic-spend-XK.csv,True,direct
TXN-004707,XK,2026-03,2026-03-22,WLF-1001,sup-helio,Kovax,Graduated mixing cup,lack,154,piece,30.19,4649.26,EUR,4649.26,synthetic-spend-XK.csv,True,direct
TXN-004708,XK,2026-04,2026-04-22,WLF-1001,sup-helio,Kovax,Graduated mixing cup,lack,187,piece,30.19,5645.53,EUR,5645.53,synthetic-spend-XK.csv,True,direct
TXN-004709,XK,2026-05,2026-05-04,WLF-1001,sup-helio,Kovax,Graduated mixing cup,lack,224,piece,30.19,6762.56,EUR,6762.56,synthetic-spend-XK.csv,True,direct
TXN-004710,XK,2026-06,2026-06-14,WLF-1001,sup-helio,Kovax,Graduated mixing cup,lack,264,piece,30.19,7970.16,EUR,7970.16,synthetic-spend-XK.csv,True,direct
TXN-004711,XK,2026-07,2026-07-02,WLF-1001,sup-helio,Kovax,Graduated mixing cup,lack,73,piece,30.19,2203.87,EUR,2203.87,synthetic-spend-XK.csv,True,direct
TXN-004712,XK,2026-08,2026-08-27,WLF-1001,sup-helio,Kovax,Graduated mixing cup,lack,127,piece,30.19,3834.13,EUR,3834.13,synthetic-spend-XK.csv,True,direct
TXN-004713,XK,2026-01,2026-01-21,WLF-1002,sup-vanta,Starcke,"Sanding discs 150 mm, coarse",schleif,182,piece,102.42,18640.44,EUR,18640.44,synthetic-spend-XK.csv,True,direct
TXN-004714,XK,2026-02,2026-02-14,WLF-1002,sup-vanta,Starcke,"Sanding discs 150 mm, coarse",schleif,32,piece,102.42,3277.44,EUR,3277.44,synthetic-spend-XK.csv,True,direct
TXN-004715,XK,2026-03,2026-03-05,WLF-1002,sup-vanta,Starcke,"Sanding discs 150 mm, coarse",schleif,27,piece,102.42,2765.34,EUR,2765.34,synthetic-spend-XK.csv,True,direct
TXN-004716,XK,2026-04,2026-04-09,WLF-1002,sup-vanta,Starcke,"Sanding discs 150 mm, coarse",schleif,153,piece,102.42,15670.26,EUR,15670.26,synthetic-spend-XK.csv,True,direct
TXN-004717,XK,2026-05,2026-05-19,WLF-1002,sup-vanta,Starcke,"Sanding discs 150 mm, coarse",schleif,88,piece,102.42,9012.96,EUR,9012.96,synthetic-spend-XK.csv,True,direct
TXN-004718,XK,2026-06,2026-06-06,WLF-1002,sup-vanta,Starcke,"Sanding discs 150 mm, coarse",schleif,100,piece,102.42,10242.0,EUR,10242.0,synthetic-spend-XK.csv,True,direct
TXN-004719,XK,2026-07,2026-07-02,WLF-1002,sup-vanta,Starcke,"Sanding discs 150 mm, coarse",schleif,163,piece,102.42,16694.46,EUR,16694.46,synthetic-spend-XK.csv,True,direct
TXN-004720,XK,2026-08,2026-08-02,WLF-1002,sup-vanta,Starcke,"Sanding discs 150 mm, coarse",schleif,278,piece,102.42,28472.76,EUR,28472.76,synthetic-spend-XK.csv,True,direct
TXN-004721,XK,2026-01,2026-01-27,WLF-1003,sup-aster,3M,Standard masking tape,kleb,180,piece,14.55,2619.0,EUR,2619.0,synthetic-spend-XK.csv,True,indirect
TXN-004722,XK,2026-02,2026-02-22,WLF-1003,sup-aster,3M,Standard masking tape,kleb,207,piece,14.55,3011.85,EUR,3011.85,synthetic-spend-XK.csv,True,indirect
TXN-004723,XK,2026-03,2026-03-23,WLF-1003,sup-aster,3M,Standard masking tape,kleb,32,piece,14.55,465.6,EUR,465.6,synthetic-spend-XK.csv,True,indirect
TXN-004724,XK,2026-04,2026-04-21,WLF-1003,sup-aster,3M,Standard masking tape,kleb,269,piece,14.55,3913.95,EUR,3913.95,synthetic-spend-XK.csv,True,indirect
TXN-004725,XK,2026-05,2026-05-27,WLF-1003,sup-aster,3M,Standard masking tape,kleb,87,piece,14.55,1265.85,EUR,1265.85,synthetic-spend-XK.csv,True,indirect
TXN-004726,XK,2026-06,2026-06-18,WLF-1003,sup-aster,3M,Standard masking tape,kleb,46,piece,14.55,669.3,EUR,669.3,synthetic-spend-XK.csv,True,indirect
TXN-004727,XK,2026-07,2026-07-17,WLF-1003,sup-aster,3M,Standard masking tape,kleb,106,piece,14.55,1542.3,EUR,1542.3,synthetic-spend-XK.csv,True,indirect
TXN-004728,XK,2026-08,2026-08-19,WLF-1003,sup-aster,3M,Standard masking tape,kleb,103,piece,14.55,1498.65,EUR,1498.65,synthetic-spend-XK.csv,True,indirect
TXN-004729,XK,2026-01,2026-01-25,WLF-1004,sup-velora,Glasurit (BASF),Cutting compound (coarse/medium),polier,41,piece,36.59,1500.19,EUR,1500.19,synthetic-spend-XK.csv,True,direct
TXN-004730,XK,2026-02,2026-02-07,WLF-1004,sup-velora,Glasurit (BASF),Cutting compound (coarse/medium),polier,64,piece,36.59,2341.76,EUR,2341.76,synthetic-spend-XK.csv,True,direct
TXN-004731,XK,2026-03,2026-03-08,WLF-1004,sup-velora,Glasurit (BASF),Cutting compound (coarse/medium),polier,325,piece,36.59,11891.75,EUR,11891.75,synthetic-spend-XK.csv,True,direct
TXN-004732,XK,2026-04,2026-04-28,WLF-1004,sup-velora,Glasurit (BASF),Cutting compound (coarse/medium),polier,254,piece,36.59,9293.86,EUR,9293.86,synthetic-spend-XK.csv,True,direct
TXN-004733,XK,2026-05,2026-05-26,WLF-1004,sup-velora,Glasurit (BASF),Cutting compound (coarse/medium),polier,168,piece,36.59,6147.12,EUR,6147.12,synthetic-spend-XK.csv,True,direct
TXN-004734,XK,2026-06,2026-06-27,WLF-1004,sup-velora,Glasurit (BASF),Cutting compound (coarse/medium),polier,91,piece,36.59,3329.69,EUR,3329.69,synthetic-spend-XK.csv,True,direct
TXN-004735,XK,2026-07,2026-07-06,WLF-1004,sup-velora,Glasurit (BASF),Cutting compound (coarse/medium),polier,67,piece,36.59,2451.53,EUR,2451.53,synthetic-spend-XK.csv,True,direct
TXN-004736,XK,2026-08,2026-08-05,WLF-1004,sup-velora,Glasurit (BASF),Cutting compound (coarse/medium),polier,309,piece,36.59,11306.31,EUR,11306.31,synthetic-spend-XK.csv,True,direct
TXN-004737,XK,2026-01,2026-01-01,WLF-1005,sup-lumen,Finixa,Solvent-based silicone remover,kabine,221,piece,25.85,5712.85,EUR,5712.85,synthetic-spend-XK.csv,True,direct
TXN-004738,XK,2026-02,2026-02-08,WLF-1005,sup-lumen,Finixa,Solvent-based silicone remover,kabine,34,piece,25.85,878.9,EUR,878.9,synthetic-spend-XK.csv,True,direct
TXN-004739,XK,2026-03,2026-03-19,WLF-1005,sup-lumen,Finixa,Solvent-based silicone remover,kabine,52,piece,25.85,1344.2,EUR,1344.2,synthetic-spend-XK.csv,True,direct
TXN-004740,XK,2026-04,2026-04-02,WLF-1005,sup-lumen,Finixa,Solvent-based silicone remover,kabine,142,piece,25.85,3670.7,EUR,3670.7,synthetic-spend-XK.csv,True,direct
TXN-004741,XK,2026-05,2026-05-25,WLF-1005,sup-lumen,Finixa,Solvent-based silicone remover,kabine,133,piece,25.85,3438.05,EUR,3438.05,synthetic-spend-XK.csv,True,direct
TXN-004742,XK,2026-06,2026-06-04,WLF-1005,sup-lumen,Finixa,Solvent-based silicone remover,kabine,71,piece,25.85,1835.35,EUR,1835.35,synthetic-spend-XK.csv,True,direct
TXN-004743,XK,2026-07,2026-07-03,WLF-1005,sup-lumen,Finixa,Solvent-based silicone remover,kabine,71,piece,25.85,1835.35,EUR,1835.35,synthetic-spend-XK.csv,True,direct
TXN-004744,XK,2026-08,2026-08-14,WLF-1005,sup-lumen,Finixa,Solvent-based silicone remover,kabine,247,piece,25.85,6384.95,EUR,6384.95,synthetic-spend-XK.csv,True,direct
TXN-004745,XK,2026-01,2026-01-04,WLF-1006,sup-novex,Mirka,Half mask / spray-painting respirator,psa,129,piece,30.13,3886.77,EUR,3886.77,synthetic-spend-XK.csv,True,indirect
TXN-004746,XK,2026-02,2026-02-19,WLF-1006,sup-novex,Mirka,Half mask / spray-painting respirator,psa,153,piece,30.13,4609.89,EUR,4609.89,synthetic-spend-XK.csv,True,indirect
TXN-004747,XK,2026-03,2026-03-06,WLF-1006,sup-novex,Mirka,Half mask / spray-painting respirator,psa,225,piece,30.13,6779.25,EUR,6779.25,synthetic-spend-XK.csv,True,indirect
TXN-004748,XK,2026-04,2026-04-12,WLF-1006,sup-novex,Mirka,Half mask / spray-painting respirator,psa,48,piece,30.13,1446.24,EUR,1446.24,synthetic-spend-XK.csv,True,indirect
TXN-004749,XK,2026-05,2026-05-20,WLF-1006,sup-novex,Mirka,Half mask / spray-painting respirator,psa,123,piece,30.13,3705.99,EUR,3705.99,synthetic-spend-XK.csv,True,indirect
TXN-004750,XK,2026-06,2026-06-02,WLF-1006,sup-novex,Mirka,Half mask / spray-painting respirator,psa,91,piece,30.13,2741.83,EUR,2741.83,synthetic-spend-XK.csv,True,indirect
TXN-004751,XK,2026-07,2026-07-21,WLF-1006,sup-novex,Mirka,Half mask / spray-painting respirator,psa,153,piece,30.13,4609.89,EUR,4609.89,synthetic-spend-XK.csv,True,indirect
TXN-004752,XK,2026-08,2026-08-18,WLF-1006,sup-novex,Mirka,Half mask / spray-painting respirator,psa,276,piece,30.13,8315.88,EUR,8315.88,synthetic-spend-XK.csv,True,indirect
TXN-004753,XK,2026-01,2026-01-23,WLF-1007,sup-arcus,SATA,"Random orbital sander 150 mm, 5 mm orbit",werkstatt,147,piece,64.87,9535.89,EUR,9535.89,synthetic-spend-XK.csv,True,direct
TXN-004754,XK,2026-02,2026-02-28,WLF-1007,sup-arcus,SATA,"Random orbital sander 150 mm, 5 mm orbit",werkstatt,329,piece,64.87,21342.23,EUR,21342.23,synthetic-spend-XK.csv,True,direct
TXN-004755,XK,2026-03,2026-03-18,WLF-1007,sup-arcus,SATA,"Random orbital sander 150 mm, 5 mm orbit",werkstatt,31,piece,64.87,2010.97,EUR,2010.97,synthetic-spend-XK.csv,True,direct
TXN-004756,XK,2026-04,2026-04-06,WLF-1007,sup-arcus,SATA,"Random orbital sander 150 mm, 5 mm orbit",werkstatt,258,piece,64.87,16736.46,EUR,16736.46,synthetic-spend-XK.csv,True,direct
TXN-004757,XK,2026-05,2026-05-22,WLF-1007,sup-arcus,SATA,"Random orbital sander 150 mm, 5 mm orbit",werkstatt,289,piece,64.87,18747.43,EUR,18747.43,synthetic-spend-XK.csv,True,direct
TXN-004758,XK,2026-06,2026-06-14,WLF-1007,sup-arcus,SATA,"Random orbital sander 150 mm, 5 mm orbit",werkstatt,116,piece,64.87,7524.92,EUR,7524.92,synthetic-spend-XK.csv,True,direct
TXN-004759,XK,2026-07,2026-07-19,WLF-1007,sup-arcus,SATA,"Random orbital sander 150 mm, 5 mm orbit",werkstatt,185,piece,64.87,12000.95,EUR,12000.95,synthetic-spend-XK.csv,True,direct
TXN-004760,XK,2026-08,2026-08-21,WLF-1007,sup-arcus,SATA,"Random orbital sander 150 mm, 5 mm orbit",werkstatt,98,piece,64.87,6357.26,EUR,6357.26,synthetic-spend-XK.csv,True,direct
TXN-004761,XK,2026-01,2026-01-27,WLF-1008,sup-cobalt,tesa,Paint cup for compressed-air spray gun,lack,243,piece,52.02,12640.86,EUR,12640.86,synthetic-spend-XK.csv,True,direct
TXN-004762,XK,2026-02,2026-02-22,WLF-1008,sup-cobalt,tesa,Paint cup for compressed-air spray gun,lack,303,piece,52.02,15762.06,EUR,15762.06,synthetic-spend-XK.csv,True,direct
TXN-004763,XK,2026-03,2026-03-22,WLF-1008,sup-cobalt,tesa,Paint cup for compressed-air spray gun,lack,41,piece,52.02,2132.82,EUR,2132.82,synthetic-spend-XK.csv,True,direct
TXN-004764,XK,2026-04,2026-04-22,WLF-1008,sup-cobalt,tesa,Paint cup for compressed-air spray gun,lack,117,piece,52.02,6086.34,EUR,6086.34,synthetic-spend-XK.csv,True,direct
TXN-004765,XK,2026-05,2026-05-04,WLF-1008,sup-cobalt,tesa,Paint cup for compressed-air spray gun,lack,70,piece,52.02,3641.4,EUR,3641.4,synthetic-spend-XK.csv,True,direct
TXN-004766,XK,2026-06,2026-06-18,WLF-1008,sup-cobalt,tesa,Paint cup for compressed-air spray gun,lack,290,piece,52.02,15085.8,EUR,15085.8,synthetic-spend-XK.csv,True,direct
TXN-004767,XK,2026-07,2026-07-15,WLF-1008,sup-cobalt,tesa,Paint cup for compressed-air spray gun,lack,29,piece,52.02,1508.58,EUR,1508.58,synthetic-spend-XK.csv,True,direct
TXN-004768,XK,2026-08,2026-08-23,WLF-1008,sup-cobalt,tesa,Paint cup for compressed-air spray gun,lack,137,piece,52.02,7126.74,EUR,7126.74,synthetic-spend-XK.csv,True,direct
TXN-004769,XK,2026-01,2026-01-23,WLF-1009,sup-solis,PPG / Nexa,"Sanding discs 150 mm, intermediate",schleif,280,piece,59.84,16755.2,EUR,16755.2,synthetic-spend-XK.csv,True,indirect
TXN-004770,XK,2026-02,2026-02-14,WLF-1009,sup-solis,PPG / Nexa,"Sanding discs 150 mm, intermediate",schleif,201,piece,59.84,12027.84,EUR,12027.84,synthetic-spend-XK.csv,True,indirect
TXN-004771,XK,2026-03,2026-03-02,WLF-1009,sup-solis,PPG / Nexa,"Sanding discs 150 mm, intermediate",schleif,232,piece,59.84,13882.88,EUR,13882.88,synthetic-spend-XK.csv,True,indirect
TXN-004772,XK,2026-04,2026-04-13,WLF-1009,sup-solis,PPG / Nexa,"Sanding discs 150 mm, intermediate",schleif,292,piece,59.84,17473.28,EUR,17473.28,synthetic-spend-XK.csv,True,indirect
TXN-004773,XK,2026-05,2026-05-16,WLF-1009,sup-solis,PPG / Nexa,"Sanding discs 150 mm, intermediate",schleif,262,piece,59.84,15678.08,EUR,15678.08,synthetic-spend-XK.csv,True,indirect
TXN-004774,XK,2026-06,2026-06-09,WLF-1009,sup-solis,PPG / Nexa,"Sanding discs 150 mm, intermediate",schleif,276,piece,59.84,16515.84,EUR,16515.84,synthetic-spend-XK.csv,True,indirect
TXN-004775,XK,2026-07,2026-07-24,WLF-1009,sup-solis,PPG / Nexa,"Sanding discs 150 mm, intermediate",schleif,170,piece,59.84,10172.8,EUR,10172.8,synthetic-spend-XK.csv,True,indirect
TXN-004776,XK,2026-08,2026-08-09,WLF-1009,sup-solis,PPG / Nexa,"Sanding discs 150 mm, intermediate",schleif,34,piece,59.84,2034.56,EUR,2034.56,synthetic-spend-XK.csv,True,indirect
TXN-004777,XK,2026-01,2026-01-20,WLF-1010,sup-orbit,Würth,Fine-line tape,kleb,142,piece,22.05,3131.1,EUR,3131.1,synthetic-spend-XK.csv,True,direct
TXN-004778,XK,2026-02,2026-02-08,WLF-1010,sup-orbit,Würth,Fine-line tape,kleb,323,piece,22.05,7122.15,EUR,7122.15,synthetic-spend-XK.csv,True,direct
TXN-004779,XK,2026-03,2026-03-01,WLF-1010,sup-orbit,Würth,Fine-line tape,kleb,150,piece,22.05,3307.5,EUR,3307.5,synthetic-spend-XK.csv,True,direct
TXN-004780,XK,2026-04,2026-04-05,WLF-1010,sup-orbit,Würth,Fine-line tape,kleb,258,piece,22.05,5688.9,EUR,5688.9,synthetic-spend-XK.csv,True,direct
TXN-004781,XK,2026-05,2026-05-01,WLF-1010,sup-orbit,Würth,Fine-line tape,kleb,205,piece,22.05,4520.25,EUR,4520.25,synthetic-spend-XK.csv,True,direct
TXN-004782,XK,2026-06,2026-06-24,WLF-1010,sup-orbit,Würth,Fine-line tape,kleb,294,piece,22.05,6482.7,EUR,6482.7,synthetic-spend-XK.csv,True,direct
TXN-004783,XK,2026-07,2026-07-10,WLF-1010,sup-orbit,Würth,Fine-line tape,kleb,269,piece,22.05,5931.45,EUR,5931.45,synthetic-spend-XK.csv,True,direct
TXN-004784,XK,2026-08,2026-08-16,WLF-1010,sup-orbit,Würth,Fine-line tape,kleb,266,piece,22.05,5865.3,EUR,5865.3,synthetic-spend-XK.csv,True,direct
TXN-004785,XK,2026-01,2026-01-08,WLF-1011,sup-helio,Kovax,Polish (fine / anti-hologram),polier,266,piece,10.97,2918.02,EUR,2918.02,synthetic-spend-XK.csv,True,direct
TXN-004786,XK,2026-02,2026-02-18,WLF-1011,sup-helio,Kovax,Polish (fine / anti-hologram),polier,95,piece,10.97,1042.15,EUR,1042.15,synthetic-spend-XK.csv,True,direct
TXN-004787,XK,2026-03,2026-03-07,WLF-1011,sup-helio,Kovax,Polish (fine / anti-hologram),polier,70,piece,10.97,767.9,EUR,767.9,synthetic-spend-XK.csv,True,direct
TXN-004788,XK,2026-04,2026-04-01,WLF-1011,sup-helio,Kovax,Polish (fine / anti-hologram),polier,223,piece,10.97,2446.31,EUR,2446.31,synthetic-spend-XK.csv,True,direct
TXN-004789,XK,2026-05,2026-05-24,WLF-1011,sup-helio,Kovax,Polish (fine / anti-hologram),polier,287,piece,10.97,3148.39,EUR,3148.39,synthetic-spend-XK.csv,True,direct
TXN-004790,XK,2026-06,2026-06-27,WLF-1011,sup-helio,Kovax,Polish (fine / anti-hologram),polier,251,piece,10.97,2753.47,EUR,2753.47,synthetic-spend-XK.csv,True,direct
TXN-004791,XK,2026-07,2026-07-10,WLF-1011,sup-helio,Kovax,Polish (fine / anti-hologram),polier,37,piece,10.97,405.89,EUR,405.89,synthetic-spend-XK.csv,True,direct
TXN-004792,XK,2026-08,2026-08-10,WLF-1011,sup-helio,Kovax,Polish (fine / anti-hologram),polier,187,piece,10.97,2051.39,EUR,2051.39,synthetic-spend-XK.csv,True,direct
TXN-004793,XK,2026-01,2026-01-25,WLF-1012,sup-vanta,Starcke,Water-based silicone remover,kabine,301,piece,47.21,14210.21,EUR,14210.21,synthetic-spend-XK.csv,True,indirect
TXN-004794,XK,2026-02,2026-02-24,WLF-1012,sup-vanta,Starcke,Water-based silicone remover,kabine,242,piece,47.21,11424.82,EUR,11424.82,synthetic-spend-XK.csv,True,indirect
TXN-004795,XK,2026-03,2026-03-15,WLF-1012,sup-vanta,Starcke,Water-based silicone remover,kabine,102,piece,47.21,4815.42,EUR,4815.42,synthetic-spend-XK.csv,True,indirect
TXN-004796,XK,2026-04,2026-04-06,WLF-1012,sup-vanta,Starcke,Water-based silicone remover,kabine,293,piece,47.21,13832.53,EUR,13832.53,synthetic-spend-XK.csv,True,indirect
TXN-004797,XK,2026-05,2026-05-07,WLF-1012,sup-vanta,Starcke,Water-based silicone remover,kabine,86,piece,47.21,4060.06,EUR,4060.06,synthetic-spend-XK.csv,True,indirect
TXN-004798,XK,2026-06,2026-06-09,WLF-1012,sup-vanta,Starcke,Water-based silicone remover,kabine,90,piece,47.21,4248.9,EUR,4248.9,synthetic-spend-XK.csv,True,indirect
TXN-004799,XK,2026-07,2026-07-21,WLF-1012,sup-vanta,Starcke,Water-based silicone remover,kabine,308,piece,47.21,14540.68,EUR,14540.68,synthetic-spend-XK.csv,True,indirect
TXN-004800,XK,2026-08,2026-08-20,WLF-1012,sup-vanta,Starcke,Water-based silicone remover,kabine,61,piece,47.21,2879.81,EUR,2879.81,synthetic-spend-XK.csv,True,indirect
TXN-004801,XK,2026-01,2026-01-14,WLF-1013,sup-aster,3M,A2 filter cartridges,psa,185,piece,6.19,1145.15,EUR,1145.15,synthetic-spend-XK.csv,True,direct
TXN-004802,XK,2026-02,2026-02-09,WLF-1013,sup-aster,3M,A2 filter cartridges,psa,237,piece,6.19,1467.03,EUR,1467.03,synthetic-spend-XK.csv,True,direct
TXN-004803,XK,2026-03,2026-03-28,WLF-1013,sup-aster,3M,A2 filter cartridges,psa,241,piece,6.19,1491.79,EUR,1491.79,synthetic-spend-XK.csv,True,direct
TXN-004804,XK,2026-04,2026-04-23,WLF-1013,sup-aster,3M,A2 filter cartridges,psa,251,piece,6.19,1553.69,EUR,1553.69,synthetic-spend-XK.csv,True,direct
TXN-004805,XK,2026-05,2026-05-22,WLF-1013,sup-aster,3M,A2 filter cartridges,psa,72,piece,6.19,445.68,EUR,445.68,synthetic-spend-XK.csv,True,direct
TXN-004806,XK,2026-06,2026-06-04,WLF-1013,sup-aster,3M,A2 filter cartridges,psa,187,piece,6.19,1157.53,EUR,1157.53,synthetic-spend-XK.csv,True,direct
TXN-004807,XK,2026-07,2026-07-16,WLF-1013,sup-aster,3M,A2 filter cartridges,psa,310,piece,6.19,1918.9,EUR,1918.9,synthetic-spend-XK.csv,True,direct
TXN-004808,XK,2026-08,2026-08-06,WLF-1013,sup-aster,3M,A2 filter cartridges,psa,156,piece,6.19,965.64,EUR,965.64,synthetic-spend-XK.csv,True,direct
TXN-004809,XK,2026-01,2026-01-06,WLF-1014,sup-velora,Glasurit (BASF),Random orbital sander 77 mm,werkstatt,236,piece,25.47,6010.92,EUR,6010.92,synthetic-spend-XK.csv,True,direct
TXN-004810,XK,2026-02,2026-02-01,WLF-1014,sup-velora,Glasurit (BASF),Random orbital sander 77 mm,werkstatt,103,piece,25.47,2623.41,EUR,2623.41,synthetic-spend-XK.csv,True,direct
TXN-004811,XK,2026-03,2026-03-20,WLF-1014,sup-velora,Glasurit (BASF),Random orbital sander 77 mm,werkstatt,271,piece,25.47,6902.37,EUR,6902.37,synthetic-spend-XK.csv,True,direct
TXN-004812,XK,2026-04,2026-04-24,WLF-1014,sup-velora,Glasurit (BASF),Random orbital sander 77 mm,werkstatt,294,piece,25.47,7488.18,EUR,7488.18,synthetic-spend-XK.csv,True,direct
TXN-004813,XK,2026-05,2026-05-23,WLF-1014,sup-velora,Glasurit (BASF),Random orbital sander 77 mm,werkstatt,27,piece,25.47,687.69,EUR,687.69,synthetic-spend-XK.csv,True,direct
TXN-004814,XK,2026-06,2026-06-12,WLF-1014,sup-velora,Glasurit (BASF),Random orbital sander 77 mm,werkstatt,248,piece,25.47,6316.56,EUR,6316.56,synthetic-spend-XK.csv,True,direct
TXN-004815,XK,2026-07,2026-07-01,WLF-1014,sup-velora,Glasurit (BASF),Random orbital sander 77 mm,werkstatt,270,piece,25.47,6876.9,EUR,6876.9,synthetic-spend-XK.csv,True,direct
TXN-004816,XK,2026-08,2026-08-04,WLF-1014,sup-velora,Glasurit (BASF),Random orbital sander 77 mm,werkstatt,252,piece,25.47,6418.44,EUR,6418.44,synthetic-spend-XK.csv,True,direct
TXN-004817,XK,2026-01,2026-01-21,WLF-1015,sup-lumen,Finixa,Paint strainers 125 µ / 200 µ,lack,280,piece,54.64,15299.2,EUR,15299.2,synthetic-spend-XK.csv,True,indirect
TXN-004818,XK,2026-02,2026-02-26,WLF-1015,sup-lumen,Finixa,Paint strainers 125 µ / 200 µ,lack,137,piece,54.64,7485.68,EUR,7485.68,synthetic-spend-XK.csv,True,indirect
TXN-004819,XK,2026-03,2026-03-02,WLF-1015,sup-lumen,Finixa,Paint strainers 125 µ / 200 µ,lack,272,piece,54.64,14862.08,EUR,14862.08,synthetic-spend-XK.csv,True,indirect
TXN-004820,XK,2026-04,2026-04-01,WLF-1015,sup-lumen,Finixa,Paint strainers 125 µ / 200 µ,lack,65,piece,54.64,3551.6,EUR,3551.6,synthetic-spend-XK.csv,True,indirect
TXN-004821,XK,2026-05,2026-05-01,WLF-1015,sup-lumen,Finixa,Paint strainers 125 µ / 200 µ,lack,254,piece,54.64,13878.56,EUR,13878.56,synthetic-spend-XK.csv,True,indirect
TXN-004822,XK,2026-06,2026-06-08,WLF-1015,sup-lumen,Finixa,Paint strainers 125 µ / 200 µ,lack,111,piece,54.64,6065.04,EUR,6065.04,synthetic-spend-XK.csv,True,indirect
TXN-004823,XK,2026-07,2026-07-26,WLF-1015,sup-lumen,Finixa,Paint strainers 125 µ / 200 µ,lack,46,piece,54.64,2513.44,EUR,2513.44,synthetic-spend-XK.csv,True,indirect
TXN-004824,XK,2026-08,2026-08-12,WLF-1015,sup-lumen,Finixa,Paint strainers 125 µ / 200 µ,lack,193,piece,54.64,10545.52,EUR,10545.52,synthetic-spend-XK.csv,True,indirect
TXN-004825,XK,2026-01,2026-01-11,WLF-1016,sup-novex,Mirka,"Sanding discs 150 mm, fine",schleif,49,piece,80.97,3967.53,EUR,3967.53,synthetic-spend-XK.csv,True,direct
TXN-004826,XK,2026-02,2026-02-01,WLF-1016,sup-novex,Mirka,"Sanding discs 150 mm, fine",schleif,67,piece,80.97,5424.99,EUR,5424.99,synthetic-spend-XK.csv,True,direct
TXN-004827,XK,2026-03,2026-03-02,WLF-1016,sup-novex,Mirka,"Sanding discs 150 mm, fine",schleif,248,piece,80.97,20080.56,EUR,20080.56,synthetic-spend-XK.csv,True,direct
TXN-004828,XK,2026-04,2026-04-11,WLF-1016,sup-novex,Mirka,"Sanding discs 150 mm, fine",schleif,216,piece,80.97,17489.52,EUR,17489.52,synthetic-spend-XK.csv,True,direct
TXN-004829,XK,2026-05,2026-05-18,WLF-1016,sup-novex,Mirka,"Sanding discs 150 mm, fine",schleif,303,piece,80.97,24533.91,EUR,24533.91,synthetic-spend-XK.csv,True,direct
TXN-004830,XK,2026-06,2026-06-05,WLF-1016,sup-novex,Mirka,"Sanding discs 150 mm, fine",schleif,102,piece,80.97,8258.94,EUR,8258.94,synthetic-spend-XK.csv,True,direct
TXN-004831,XK,2026-07,2026-07-05,WLF-1016,sup-novex,Mirka,"Sanding discs 150 mm, fine",schleif,227,piece,80.97,18380.19,EUR,18380.19,synthetic-spend-XK.csv,True,direct
TXN-004832,XK,2026-08,2026-08-01,WLF-1016,sup-novex,Mirka,"Sanding discs 150 mm, fine",schleif,330,piece,80.97,26720.1,EUR,26720.1,synthetic-spend-XK.csv,True,direct
TXN-004833,XK,2026-01,2026-01-18,WLF-1017,sup-arcus,SATA,Contour tape,kleb,25,piece,25.95,648.75,EUR,648.75,synthetic-spend-XK.csv,False,direct
TXN-004834,XK,2026-02,2026-02-25,WLF-1017,sup-arcus,SATA,Contour tape,kleb,202,piece,25.95,5241.9,EUR,5241.9,synthetic-spend-XK.csv,False,direct
TXN-004835,XK,2026-03,2026-03-11,WLF-1017,sup-arcus,SATA,Contour tape,kleb,46,piece,25.95,1193.7,EUR,1193.7,synthetic-spend-XK.csv,False,direct
TXN-004836,XK,2026-04,2026-04-18,WLF-1017,sup-arcus,SATA,Contour tape,kleb,204,piece,25.95,5293.8,EUR,5293.8,synthetic-spend-XK.csv,False,direct
TXN-004837,XK,2026-05,2026-05-22,WLF-1017,sup-arcus,SATA,Contour tape,kleb,242,piece,25.95,6279.9,EUR,6279.9,synthetic-spend-XK.csv,False,direct
TXN-004838,XK,2026-06,2026-06-01,WLF-1017,sup-arcus,SATA,Contour tape,kleb,188,piece,25.95,4878.6,EUR,4878.6,synthetic-spend-XK.csv,False,direct
TXN-004839,XK,2026-07,2026-07-10,WLF-1017,sup-arcus,SATA,Contour tape,kleb,300,piece,25.95,7785.0,EUR,7785.0,synthetic-spend-XK.csv,False,direct
TXN-004840,XK,2026-08,2026-08-27,WLF-1017,sup-arcus,SATA,Contour tape,kleb,167,piece,25.95,4333.65,EUR,4333.65,synthetic-spend-XK.csv,False,direct
TXN-004841,XK,2026-01,2026-01-27,WLF-1018,sup-cobalt,tesa,One-step cutting and polishing compound,polier,232,piece,27.72,6431.04,EUR,6431.04,synthetic-spend-XK.csv,False,indirect
TXN-004842,XK,2026-02,2026-02-28,WLF-1018,sup-cobalt,tesa,One-step cutting and polishing compound,polier,280,piece,27.72,7761.6,EUR,7761.6,synthetic-spend-XK.csv,False,indirect
TXN-004843,XK,2026-03,2026-03-22,WLF-1018,sup-cobalt,tesa,One-step cutting and polishing compound,polier,138,piece,27.72,3825.36,EUR,3825.36,synthetic-spend-XK.csv,False,indirect
TXN-004844,XK,2026-04,2026-04-23,WLF-1018,sup-cobalt,tesa,One-step cutting and polishing compound,polier,64,piece,27.72,1774.08,EUR,1774.08,synthetic-spend-XK.csv,False,indirect
TXN-004845,XK,2026-05,2026-05-27,WLF-1018,sup-cobalt,tesa,One-step cutting and polishing compound,polier,142,piece,27.72,3936.24,EUR,3936.24,synthetic-spend-XK.csv,False,indirect
TXN-004846,XK,2026-06,2026-06-05,WLF-1018,sup-cobalt,tesa,One-step cutting and polishing compound,polier,254,piece,27.72,7040.88,EUR,7040.88,synthetic-spend-XK.csv,False,indirect
TXN-004847,XK,2026-07,2026-07-19,WLF-1018,sup-cobalt,tesa,One-step cutting and polishing compound,polier,234,piece,27.72,6486.48,EUR,6486.48,synthetic-spend-XK.csv,False,indirect
TXN-004848,XK,2026-08,2026-08-01,WLF-1018,sup-cobalt,tesa,One-step cutting and polishing compound,polier,182,piece,27.72,5045.04,EUR,5045.04,synthetic-spend-XK.csv,False,indirect
TXN-004849,XK,2026-01,2026-01-24,WLF-1019,sup-solis,PPG / Nexa,Pre-saturated cleaning wipes,kabine,171,piece,69.32,11853.72,EUR,11853.72,synthetic-spend-XK.csv,False,direct
TXN-004850,XK,2026-02,2026-02-17,WLF-1019,sup-solis,PPG / Nexa,Pre-saturated cleaning wipes,kabine,306,piece,69.32,21211.92,EUR,21211.92,synthetic-spend-XK.csv,False,direct
TXN-004851,XK,2026-03,2026-03-26,WLF-1019,sup-solis,PPG / Nexa,Pre-saturated cleaning wipes,kabine,178,piece,69.32,12338.96,EUR,12338.96,synthetic-spend-XK.csv,False,direct
TXN-004852,XK,2026-04,2026-04-19,WLF-1019,sup-solis,PPG / Nexa,Pre-saturated cleaning wipes,kabine,267,piece,69.32,18508.44,EUR,18508.44,synthetic-spend-XK.csv,False,direct
TXN-004853,XK,2026-05,2026-05-05,WLF-1019,sup-solis,PPG / Nexa,Pre-saturated cleaning wipes,kabine,92,piece,69.32,6377.44,EUR,6377.44,synthetic-spend-XK.csv,False,direct
TXN-004854,XK,2026-06,2026-06-08,WLF-1019,sup-solis,PPG / Nexa,Pre-saturated cleaning wipes,kabine,161,piece,69.32,11160.52,EUR,11160.52,synthetic-spend-XK.csv,False,direct
TXN-004855,XK,2026-07,2026-07-02,WLF-1019,sup-solis,PPG / Nexa,Pre-saturated cleaning wipes,kabine,186,piece,69.32,12893.52,EUR,12893.52,synthetic-spend-XK.csv,False,direct
TXN-004856,XK,2026-08,2026-08-15,WLF-1019,sup-solis,PPG / Nexa,Pre-saturated cleaning wipes,kabine,321,piece,69.32,22251.72,EUR,22251.72,synthetic-spend-XK.csv,False,direct
TXN-004857,XK,2026-01,2026-01-10,WLF-1020,sup-orbit,Würth,P3 particulate filters,psa,95,piece,36.82,3497.9,EUR,3497.9,synthetic-spend-XK.csv,False,direct
TXN-004858,XK,2026-02,2026-02-17,WLF-1020,sup-orbit,Würth,P3 particulate filters,psa,302,piece,36.82,11119.64,EUR,11119.64,synthetic-spend-XK.csv,False,direct
TXN-004859,XK,2026-03,2026-03-11,WLF-1020,sup-orbit,Würth,P3 particulate filters,psa,130,piece,36.82,4786.6,EUR,4786.6,synthetic-spend-XK.csv,False,direct
TXN-004860,XK,2026-04,2026-04-04,WLF-1020,sup-orbit,Würth,P3 particulate filters,psa,184,piece,36.82,6774.88,EUR,6774.88,synthetic-spend-XK.csv,False,direct
TXN-004861,XK,2026-05,2026-05-01,WLF-1020,sup-orbit,Würth,P3 particulate filters,psa,130,piece,36.82,4786.6,EUR,4786.6,synthetic-spend-XK.csv,False,direct
TXN-004862,XK,2026-06,2026-06-23,WLF-1020,sup-orbit,Würth,P3 particulate filters,psa,178,piece,36.82,6553.96,EUR,6553.96,synthetic-spend-XK.csv,False,direct
TXN-004863,XK,2026-07,2026-07-09,WLF-1020,sup-orbit,Würth,P3 particulate filters,psa,51,piece,36.82,1877.82,EUR,1877.82,synthetic-spend-XK.csv,False,direct
TXN-004864,XK,2026-08,2026-08-27,WLF-1020,sup-orbit,Würth,P3 particulate filters,psa,228,piece,36.82,8394.96,EUR,8394.96,synthetic-spend-XK.csv,False,direct
TXN-004865,XK,2026-01,2026-01-27,WLF-1021,sup-helio,Kovax,Electric random orbital sander 150 mm,werkstatt,289,piece,13.85,4002.65,EUR,4002.65,synthetic-spend-XK.csv,False,indirect
TXN-004866,XK,2026-02,2026-02-25,WLF-1021,sup-helio,Kovax,Electric random orbital sander 150 mm,werkstatt,140,piece,13.85,1939.0,EUR,1939.0,synthetic-spend-XK.csv,False,indirect
TXN-004867,XK,2026-03,2026-03-11,WLF-1021,sup-helio,Kovax,Electric random orbital sander 150 mm,werkstatt,196,piece,13.85,2714.6,EUR,2714.6,synthetic-spend-XK.csv,False,indirect
TXN-004868,XK,2026-04,2026-04-09,WLF-1021,sup-helio,Kovax,Electric random orbital sander 150 mm,werkstatt,41,piece,13.85,567.85,EUR,567.85,synthetic-spend-XK.csv,False,indirect
TXN-004869,XK,2026-05,2026-05-14,WLF-1021,sup-helio,Kovax,Electric random orbital sander 150 mm,werkstatt,56,piece,13.85,775.6,EUR,775.6,synthetic-spend-XK.csv,False,indirect
TXN-004870,XK,2026-06,2026-06-11,WLF-1021,sup-helio,Kovax,Electric random orbital sander 150 mm,werkstatt,34,piece,13.85,470.9,EUR,470.9,synthetic-spend-XK.csv,False,indirect
TXN-004871,XK,2026-07,2026-07-28,WLF-1021,sup-helio,Kovax,Electric random orbital sander 150 mm,werkstatt,308,piece,13.85,4265.8,EUR,4265.8,synthetic-spend-XK.csv,False,indirect
TXN-004872,XK,2026-08,2026-08-02,WLF-1021,sup-helio,Kovax,Electric random orbital sander 150 mm,werkstatt,90,piece,13.85,1246.5,EUR,1246.5,synthetic-spend-XK.csv,False,indirect
